osm_type,osm_id,name,industrial,landuse,man_made,power,geometry_wkt
node,12102019343,Essar Power Limited,,,works,,POINT (69.735426 22.324499)
node,12102034391,Reliance industries,,,works,,POINT (69.845762 22.355298)
way,91585872,Reliance Refinery,refinery,industrial,,,"POLYGON ((69.879872 22.364358, 69.880666 22.363234, 69.881328 22.3624, 69.883116 22.361036, 69.883269 22.36125, 69.883953 22.361232, 69.883907 22.362223, 69.886038 22.362352, 69.886319 22.361244, 69.887959 22.361777, 69.888268 22.362293, 69.888616 22.362514, 69.889676 22.362643, 69.889755 22.361477, 69.892678 22.36058, 69.894656 22.359967, 69.896078 22.359134, 69.895416 22.356545, 69.895449 22.356258, 69.89591 22.355722, 69.896758 22.353985, 69.896489 22.352884, 69.896146 22.352904, 69.895577 22.352775, 69.895695 22.352437, 69.895341 22.351654, 69.895717 22.347476, 69.895261 22.347094, 69.89466 22.346955, 69.894982 22.342896, 69.89458 22.342872, 69.894563 22.337718, 69.894252 22.337644, 69.893968 22.337304, 69.893917 22.336994, 69.893896 22.336694, 69.893912 22.336439, 69.894124 22.335766, 69.894944 22.334129, 69.895567 22.332978, 69.896425 22.329643, 69.897283 22.325961, 69.898453 22.324353, 69.900094 22.323629, 69.899461 22.322954, 69.894644 22.321029, 69.892766 22.319748, 69.892734 22.319259, 69.893359 22.319398, 69.893501 22.318287, 69.892729 22.317721, 69.891758 22.317103, 69.891286 22.316962, 69.890347 22.31688, 69.889382 22.316989, 69.888716 22.317247, 69.88789 22.317679, 69.886919 22.318686, 69.886603 22.319287, 69.886334 22.319991, 69.886297 22.321485, 69.886351 22.32285, 69.885889 22.324319, 69.885433 22.324964, 69.883862 22.327078, 69.882756 22.329152, 69.881563 22.331459, 69.881209 22.332209, 69.880895 22.333109, 69.880796 22.333335, 69.880694 22.333342, 69.880399 22.334092, 69.8802 22.334553, 69.879873 22.336128, 69.879605 22.337672, 69.878733 22.340919, 69.872448 22.339862, 69.875437 22.335059, 69.87588 22.334348, 69.885455 22.318964, 69.888318 22.315911, 69.876466 22.307842, 69.870901 22.304225, 69.868873 22.302339, 69.868315 22.302339, 69.86794 22.302418, 69.867425 22.302686, 69.866835 22.303133, 69.865205 22.304702, 69.863125 22.306739, 69.861395 22.309346, 69.853048 22.313019, 69.852147 22.320483, 69.851804 22.325088, 69.844882 22.327478, 69.844925 22.333461, 69.844476 22.333447, 69.844307 22.333623, 69.843449 22.33363, 69.843323 22.333427, 69.842738 22.333179, 69.842362 22.333175, 69.842234 22.335469, 69.842116 22.335657, 69.841847 22.336049, 69.837888 22.336089, 69.837856 22.335563, 69.836429 22.335022, 69.835753 22.334863, 69.835673 22.335672, 69.834766 22.335578, 69.834595 22.336883, 69.834911 22.336883, 69.834895 22.338375, 69.835723 22.338405, 69.835787 22.338935, 69.837395 22.338998, 69.837218 22.340589, 69.837289 22.341262, 69.833687 22.341238, 69.833071 22.342991, 69.83511 22.343408, 69.835432 22.34313, 69.8366 22.343095, 69.837215 22.343213, 69.836551 22.345033, 69.835828 22.346156, 69.835936 22.34629, 69.836027 22.346806, 69.836054 22.347104, 69.835872 22.347481, 69.836333 22.347387, 69.836419 22.346955, 69.836971 22.346816, 69.837052 22.346374, 69.838307 22.346236, 69.839348 22.346156, 69.839608 22.347113, 69.839637 22.347961, 69.839999 22.348623, 69.839984 22.347151, 69.844604 22.347311, 69.844766 22.347317, 69.844845 22.34732, 69.845024 22.347332, 69.845134 22.362735, 69.845826 22.362736, 69.855023 22.371233, 69.855119 22.365374, 69.856401 22.365412, 69.857186 22.364969, 69.857682 22.364336, 69.860587 22.365221, 69.859869 22.363874, 69.859941 22.363456, 69.86916 22.363453, 69.871395 22.364344, 69.87214 22.361849, 69.872827 22.361886, 69.873546 22.361876, 69.873634 22.361851, 69.873709 22.361941, 69.875759 22.361938, 69.876978 22.361875, 69.877132 22.361963, 69.879872 22.364358))"
way,139729613,G.S.F.C.,,,,substation,"POLYGON ((69.855844 22.385811, 69.856165 22.386118, 69.856571 22.385755, 69.85625 22.385448, 69.855844 22.385811))"
way,139729620,,,,,substation,"POLYGON ((69.851339 22.428248, 69.85157 22.428487, 69.851734 22.428351, 69.851503 22.428112, 69.851339 22.428248))"
way,139729623,,,,,substation,"POLYGON ((69.848644 22.436076, 69.848539 22.436381, 69.848884 22.436483, 69.848989 22.436178, 69.848644 22.436076))"
way,139729634,,,,,substation,"POLYGON ((69.87545 22.344715, 69.875977 22.344832, 69.876026 22.344643, 69.8755 22.344526, 69.87545 22.344715))"
way,139729708,Sikka TPS,,,,substation,"POLYGON ((69.824397 22.420854, 69.824534 22.42228, 69.824128 22.422313, 69.824143 22.422464, 69.824194 22.423003, 69.824531 22.422976, 69.824495 22.422605, 69.825414 22.422529, 69.82525 22.42082, 69.825506 22.420799, 69.825456 22.420279, 69.825265 22.420295, 69.825175 22.419355, 69.823562 22.419488, 69.823698 22.420911, 69.824397 22.420854))"
way,139787908,,,industrial,,,"POLYGON ((69.856819 22.418194, 69.856741 22.418268, 69.856382 22.418608, 69.855523 22.419473, 69.855277 22.419854, 69.855138 22.420573, 69.855076 22.42068, 69.854878 22.421417, 69.854885 22.421816, 69.85446 22.422274, 69.853563 22.422397, 69.853485 22.424245, 69.852902 22.425171, 69.85237 22.423224, 69.851793 22.423335, 69.85204 22.423754, 69.852104 22.424009, 69.852004 22.425123, 69.851842 22.426672, 69.851686 22.427214, 69.851531 22.427483, 69.850542 22.428115, 69.849953 22.42979, 69.849363 22.431201, 69.849087 22.432069, 69.84876 22.433908, 69.848044 22.436296, 69.847224 22.438755, 69.846372 22.441331, 69.84618 22.441882, 69.846015 22.442092, 69.846091 22.442104, 69.846968 22.442241, 69.849039 22.441382, 69.850192 22.440795, 69.851369 22.440408, 69.851596 22.440582, 69.852218 22.440483, 69.852655 22.440088, 69.854191 22.439255, 69.854889 22.439022, 69.856009 22.43856, 69.858226 22.437939, 69.860458 22.437359, 69.862853 22.436898, 69.863537 22.436269, 69.864162 22.435628, 69.86438 22.435769, 69.864798 22.435358, 69.864389 22.435047, 69.865125 22.434172, 69.865757 22.434882, 69.865825 22.434774, 69.867448 22.435781, 69.867575 22.436245, 69.868505 22.436886, 69.869555 22.43638, 69.869394 22.435638, 69.869394 22.435296, 69.869462 22.434799, 69.869696 22.434314, 69.86989 22.433987, 69.870114 22.433224, 69.870123 22.432894, 69.86999 22.432598, 69.869738 22.432292, 69.867777 22.431549, 69.867408 22.431522, 69.867336 22.431316, 69.867495 22.43128, 69.867641 22.430851, 69.86675 22.429569, 69.86722 22.428188, 69.867703 22.427394, 69.868817 22.426259, 69.870904 22.42418, 69.871261 22.423806, 69.873123 22.416267, 69.870444 22.414374, 69.867534 22.413591, 69.866449 22.414284, 69.865845 22.414086, 69.865633 22.414019, 69.865429 22.414014, 69.864735 22.4142, 69.864523 22.41422, 69.863865 22.414168, 69.863294 22.414178, 69.863179 22.41416, 69.862868 22.414051, 69.862559 22.413977, 69.862315 22.413956, 69.862012 22.413999, 69.861376 22.414126, 69.86073 22.414724, 69.86044 22.41565, 69.860188 22.415613, 69.85974 22.417064, 69.859545 22.417029, 69.8595 22.417396, 69.859177 22.417389, 69.859124 22.417701, 69.858381 22.417629, 69.856819 22.418194))"
way,139788086,,,,storage_tank,,"POLYGON ((69.863653 22.433315, 69.863518 22.433221, 69.863355 22.433182, 69.863188 22.433205, 69.863043 22.433284, 69.862942 22.433409, 69.8629 22.43356, 69.862924 22.433714, 69.86301 22.433849, 69.863145 22.433942, 69.863308 22.433981, 69.863475 22.433959, 69.86362 22.433879, 69.863722 22.433754, 69.863764 22.433603, 69.86374 22.433449, 69.863653 22.433315))"
way,139788087,,,,storage_tank,,"POLYGON ((69.861748 22.432782, 69.861613 22.432689, 69.86145 22.43265, 69.861283 22.432672, 69.861138 22.432752, 69.861036 22.432877, 69.860995 22.433028, 69.861019 22.433182, 69.861105 22.433316, 69.86124 22.43341, 69.861403 22.433448, 69.86157 22.433426, 69.861715 22.433347, 69.861817 22.433222, 69.861858 22.433071, 69.861834 22.432916, 69.861748 22.432782))"
way,139788088,,,,storage_tank,,"POLYGON ((69.850052 22.437247, 69.850064 22.437135, 69.85003 22.437028, 69.849954 22.436941, 69.849847 22.436888, 69.849727 22.436876, 69.849611 22.436908, 69.849517 22.436979, 69.84946 22.437077, 69.849447 22.437188, 69.849482 22.437296, 69.849558 22.437382, 69.849664 22.437436, 69.849784 22.437447, 69.8499 22.437415, 69.849994 22.437345, 69.850052 22.437247))"
way,139788089,,,,storage_tank,,"POLYGON ((69.861166 22.426469, 69.861032 22.426375, 69.860868 22.426337, 69.860701 22.426359, 69.860556 22.426438, 69.860455 22.426563, 69.860413 22.426714, 69.860437 22.426869, 69.860523 22.427003, 69.860658 22.427096, 69.860822 22.427135, 69.860989 22.427113, 69.861134 22.427033, 69.861235 22.426908, 69.861277 22.426757, 69.861253 22.426603, 69.861166 22.426469))"
way,139788091,,,,storage_tank,,"POLYGON ((69.862878 22.42894, 69.862754 22.42886, 69.862571 22.428823, 69.862396 22.428858, 69.862266 22.428941, 69.862168 22.429082, 69.86214 22.429224, 69.862186 22.429403, 69.862266 22.429506, 69.86241 22.429594, 69.862611 22.429621, 69.862746 22.429589, 69.862877 22.429506, 69.862963 22.429395, 69.863004 22.429224, 69.86298 22.42909, 69.862878 22.42894))"
way,139788092,,,,storage_tank,,"POLYGON ((69.853629 22.435, 69.853641 22.434889, 69.853607 22.434782, 69.853531 22.434695, 69.853424 22.434642, 69.853304 22.43463, 69.853188 22.434662, 69.853094 22.434732, 69.853036 22.434831, 69.853024 22.434942, 69.853058 22.435049, 69.853135 22.435136, 69.853241 22.435189, 69.853361 22.435201, 69.853477 22.435169, 69.853571 22.435098, 69.853629 22.435))"
way,139788093,,,,storage_tank,,"POLYGON ((69.851916 22.43398, 69.851921 22.433863, 69.85188 22.433764, 69.851816 22.433694, 69.851689 22.433634, 69.851551 22.433632, 69.851454 22.433667, 69.851359 22.43375, 69.851314 22.433844, 69.851306 22.433939, 69.85135 22.43406, 69.851412 22.434129, 69.851541 22.43419, 69.851642 22.434198, 69.851776 22.434157, 69.851854 22.434095, 69.851916 22.43398))"
way,139788094,,,,storage_tank,,"POLYGON ((69.851583 22.435187, 69.851596 22.435076, 69.851561 22.434969, 69.851485 22.434882, 69.851379 22.434829, 69.851258 22.434817, 69.851142 22.434849, 69.851048 22.43492, 69.850991 22.435018, 69.850978 22.435129, 69.851013 22.435236, 69.851089 22.435323, 69.851195 22.435376, 69.851316 22.435388, 69.851432 22.435356, 69.851526 22.435286, 69.851583 22.435187))"
way,139788095,,,,storage_tank,,"POLYGON ((69.85574 22.428132, 69.855744 22.428015, 69.855704 22.427915, 69.85564 22.427845, 69.855513 22.427785, 69.855375 22.427783, 69.855278 22.427818, 69.855183 22.427902, 69.855138 22.427995, 69.85513 22.428091, 69.855174 22.428212, 69.855236 22.42828, 69.855365 22.428342, 69.855466 22.428349, 69.8556 22.428309, 69.855678 22.428246, 69.85574 22.428132))"
way,139788097,,,,storage_tank,,"POLYGON ((69.85861 22.42788, 69.858476 22.427787, 69.858312 22.427748, 69.858145 22.42777, 69.858 22.42785, 69.857899 22.427975, 69.857857 22.428126, 69.857881 22.42828, 69.857967 22.428414, 69.858102 22.428508, 69.858266 22.428546, 69.858433 22.428524, 69.858578 22.428445, 69.858679 22.42832, 69.858721 22.428169, 69.858697 22.428014, 69.85861 22.42788))"
way,139788098,,,,storage_tank,,"POLYGON ((69.856744 22.435985, 69.856756 22.435874, 69.856722 22.435766, 69.856646 22.43568, 69.856539 22.435626, 69.856419 22.435615, 69.856303 22.435647, 69.856209 22.435717, 69.856151 22.435815, 69.856139 22.435927, 69.856173 22.436034, 69.85625 22.436121, 69.856356 22.436174, 69.856476 22.436186, 69.856592 22.436154, 69.856686 22.436083, 69.856744 22.435985))"
way,139788099,,,,storage_tank,,"POLYGON ((69.855282 22.437745, 69.855294 22.437634, 69.85526 22.437527, 69.855183 22.43744, 69.855077 22.437387, 69.854957 22.437375, 69.854841 22.437407, 69.854747 22.437478, 69.854689 22.437576, 69.854677 22.437687, 69.854711 22.437794, 69.854787 22.437881, 69.854894 22.437934, 69.855014 22.437946, 69.85513 22.437914, 69.855224 22.437844, 69.855282 22.437745))"
way,139788100,,,,storage_tank,,"POLYGON ((69.860536 22.421434, 69.860412 22.421354, 69.860229 22.421317, 69.860055 22.421352, 69.859924 22.421435, 69.859826 22.421575, 69.859798 22.421717, 69.859844 22.421897, 69.859924 22.421999, 69.860068 22.422087, 69.860269 22.422115, 69.860404 22.422083, 69.860535 22.422, 69.860621 22.421888, 69.860663 22.421717, 69.860638 22.421584, 69.860536 22.421434))"
way,139788101,,,,storage_tank,,"POLYGON ((69.856226 22.426499, 69.856231 22.426382, 69.85619 22.426282, 69.856126 22.426213, 69.855999 22.426153, 69.855861 22.42615, 69.855764 22.426186, 69.855669 22.426269, 69.855624 22.426363, 69.855616 22.426458, 69.85566 22.426579, 69.855722 22.426648, 69.855851 22.426709, 69.855952 22.426716, 69.856086 22.426676, 69.856164 22.426614, 69.856226 22.426499))"
way,139788102,,,,storage_tank,,"POLYGON ((69.863447 22.427051, 69.863323 22.426971, 69.863141 22.426934, 69.862966 22.426968, 69.862835 22.427051, 69.862737 22.427192, 69.862709 22.427334, 69.862756 22.427514, 69.862836 22.427616, 69.86298 22.427704, 69.86318 22.427732, 69.863316 22.427699, 69.863447 22.427617, 69.863532 22.427505, 69.863574 22.427334, 69.86355 22.4272, 69.863447 22.427051))"
way,139788103,,,,storage_tank,,"POLYGON ((69.868239 22.424985, 69.868114 22.424905, 69.867932 22.424868, 69.867757 22.424903, 69.867626 22.424986, 69.867528 22.425127, 69.8675 22.425269, 69.867547 22.425448, 69.867627 22.425551, 69.867771 22.425639, 69.867971 22.425666, 69.868107 22.425634, 69.868238 22.425552, 69.868324 22.42544, 69.868365 22.425269, 69.868341 22.425135, 69.868239 22.424985))"
way,139788104,,,,storage_tank,,"POLYGON ((69.864213 22.431362, 69.864089 22.431282, 69.863907 22.431246, 69.863732 22.43128, 69.863601 22.431363, 69.863503 22.431504, 69.863475 22.431646, 69.863521 22.431825, 69.863602 22.431928, 69.863745 22.432016, 69.863946 22.432043, 69.864082 22.432011, 69.864213 22.431928, 69.864298 22.431817, 69.86434 22.431646, 69.864315 22.431512, 69.864213 22.431362))"
way,139788105,,,,storage_tank,,"POLYGON ((69.857436 22.42247, 69.857449 22.422359, 69.857414 22.422252, 69.857338 22.422165, 69.857232 22.422112, 69.857112 22.4221, 69.856996 22.422132, 69.856902 22.422203, 69.856844 22.422301, 69.856832 22.422412, 69.856866 22.42252, 69.856942 22.422606, 69.857049 22.42266, 69.857169 22.422671, 69.857285 22.422639, 69.857379 22.422569, 69.857436 22.42247))"
way,139788107,,,,storage_tank,,"POLYGON ((69.857083 22.423693, 69.857096 22.423582, 69.857061 22.423475, 69.856985 22.423388, 69.856879 22.423335, 69.856758 22.423323, 69.856642 22.423355, 69.856548 22.423425, 69.856491 22.423524, 69.856478 22.423635, 69.856513 22.423742, 69.856589 22.423829, 69.856695 22.423882, 69.856816 22.423894, 69.856932 22.423862, 69.857026 22.423791, 69.857083 22.423693))"
way,139788108,,,,storage_tank,,"POLYGON ((69.859996 22.430303, 69.859861 22.430209, 69.859697 22.430171, 69.85953 22.430193, 69.859385 22.430272, 69.859284 22.430397, 69.859242 22.430548, 69.859266 22.430703, 69.859352 22.430837, 69.859487 22.43093, 69.859651 22.430969, 69.859818 22.430947, 69.859963 22.430867, 69.860064 22.430742, 69.860106 22.430591, 69.860082 22.430437, 69.859996 22.430303))"
way,139788109,,,,storage_tank,,"POLYGON ((69.857473 22.431701, 69.857338 22.431608, 69.857174 22.431569, 69.857007 22.431591, 69.856862 22.431671, 69.856761 22.431796, 69.856719 22.431947, 69.856743 22.432101, 69.856829 22.432235, 69.856964 22.432329, 69.857128 22.432368, 69.857295 22.432345, 69.85744 22.432266, 69.857541 22.432141, 69.857583 22.43199, 69.857559 22.431836, 69.857473 22.431701))"
way,139788110,,,,storage_tank,,"POLYGON ((69.854654 22.434072, 69.854666 22.43396, 69.854632 22.433853, 69.854555 22.433766, 69.854449 22.433713, 69.854329 22.433702, 69.854213 22.433733, 69.854119 22.433804, 69.854061 22.433902, 69.854049 22.434013, 69.854083 22.434121, 69.854159 22.434207, 69.854266 22.434261, 69.854386 22.434272, 69.854502 22.43424, 69.854596 22.43417, 69.854654 22.434072))"
way,139788111,,,,storage_tank,,"POLYGON ((69.854111 22.435899, 69.854123 22.435788, 69.854089 22.43568, 69.854013 22.435593, 69.853906 22.43554, 69.853786 22.435529, 69.85367 22.43556, 69.853576 22.435631, 69.853518 22.435729, 69.853506 22.43584, 69.85354 22.435948, 69.853617 22.436034, 69.853723 22.436088, 69.853843 22.436099, 69.853959 22.436068, 69.854053 22.435997, 69.854111 22.435899))"
way,139788112,,,,storage_tank,,"POLYGON ((69.860591 22.42839, 69.860456 22.428296, 69.860293 22.428257, 69.860126 22.42828, 69.859981 22.428359, 69.85988 22.428484, 69.859838 22.428635, 69.859862 22.428789, 69.859948 22.428924, 69.860083 22.429017, 69.860246 22.429056, 69.860413 22.429034, 69.860558 22.428954, 69.86066 22.428829, 69.860701 22.428678, 69.860677 22.428524, 69.860591 22.42839))"
way,139788113,,,,storage_tank,,"POLYGON ((69.857218 22.434491, 69.85723 22.43438, 69.857196 22.434272, 69.85712 22.434186, 69.857013 22.434132, 69.856893 22.434121, 69.856777 22.434153, 69.856683 22.434223, 69.856625 22.434322, 69.856613 22.434433, 69.856647 22.43454, 69.856724 22.434627, 69.85683 22.43468, 69.85695 22.434692, 69.857066 22.43466, 69.85716 22.434589, 69.857218 22.434491))"
way,139788114,,,,storage_tank,,"POLYGON ((69.864789 22.422552, 69.864665 22.422471, 69.864483 22.422434, 69.864308 22.422469, 69.864177 22.422552, 69.864079 22.422693, 69.864051 22.422835, 69.864097 22.423014, 69.864178 22.423117, 69.864321 22.423205, 69.864522 22.423232, 69.864657 22.4232, 69.864789 22.423118, 69.864874 22.423006, 69.864916 22.422835, 69.864891 22.422701, 69.864789 22.422552))"
way,139788115,,,,storage_tank,,"POLYGON ((69.864808 22.429473, 69.864684 22.429393, 69.864502 22.429356, 69.864327 22.42939, 69.864196 22.429474, 69.864098 22.429614, 69.86407 22.429756, 69.864116 22.429936, 69.864197 22.430038, 69.86434 22.430126, 69.864541 22.430154, 69.864676 22.430122, 69.864808 22.430039, 69.864893 22.429927, 69.864935 22.429756, 69.86491 22.429623, 69.864808 22.429473))"
way,139788116,,,,storage_tank,,"POLYGON ((69.85659 22.425269, 69.856602 22.425158, 69.856568 22.42505, 69.856492 22.424964, 69.856385 22.42491, 69.856265 22.424899, 69.856149 22.42493, 69.856055 22.425001, 69.855998 22.425099, 69.855985 22.425211, 69.856019 22.425318, 69.856096 22.425405, 69.856202 22.425458, 69.856322 22.425469, 69.856438 22.425438, 69.856532 22.425367, 69.85659 22.425269))"
way,139788117,,,,storage_tank,,"POLYGON ((69.858031 22.429779, 69.857896 22.429685, 69.857733 22.429646, 69.857566 22.429669, 69.857421 22.429748, 69.857319 22.429873, 69.857278 22.430024, 69.857302 22.430179, 69.857388 22.430313, 69.857523 22.430406, 69.857686 22.430445, 69.857853 22.430423, 69.857998 22.430343, 69.8581 22.430218, 69.858141 22.430067, 69.858117 22.429913, 69.858031 22.429779))"
way,139788119,,,,storage_tank,,"POLYGON ((69.86421 22.424662, 69.864075 22.424568, 69.863912 22.42453, 69.863745 22.424552, 69.8636 22.424631, 69.863498 22.424756, 69.863457 22.424907, 69.863481 22.425062, 69.863567 22.425196, 69.863702 22.425289, 69.863865 22.425328, 69.864032 22.425306, 69.864178 22.425226, 69.864279 22.425101, 69.86432 22.42495, 69.864296 22.424796, 69.86421 22.424662))"
way,139788120,,,,storage_tank,,"POLYGON ((69.868808 22.423265, 69.868684 22.423185, 69.868502 22.423148, 69.868327 22.423183, 69.868196 22.423266, 69.868098 22.423407, 69.86807 22.423549, 69.868116 22.423728, 69.868197 22.423831, 69.86834 22.423919, 69.868541 22.423946, 69.868676 22.423914, 69.868808 22.423831, 69.868893 22.42372, 69.868935 22.423549, 69.86891 22.423415, 69.868808 22.423265))"
way,139788121,,,,storage_tank,,"POLYGON ((69.856416 22.433723, 69.856428 22.433612, 69.856394 22.433505, 69.856318 22.433418, 69.856211 22.433365, 69.856091 22.433353, 69.855975 22.433385, 69.855881 22.433456, 69.855823 22.433554, 69.855811 22.433665, 69.855845 22.433772, 69.855921 22.433859, 69.856028 22.433912, 69.856148 22.433924, 69.856264 22.433892, 69.856358 22.433822, 69.856416 22.433723))"
way,139788122,,,,storage_tank,,"POLYGON ((69.86228 22.430892, 69.862145 22.430799, 69.861981 22.43076, 69.861814 22.430783, 69.861669 22.430862, 69.861568 22.430987, 69.861526 22.431138, 69.86155 22.431292, 69.861636 22.431427, 69.861771 22.43152, 69.861935 22.431559, 69.862102 22.431537, 69.862247 22.431457, 69.862348 22.431332, 69.86239 22.431181, 69.862366 22.431027, 69.86228 22.430892))"
way,139788123,,,,storage_tank,,"POLYGON ((69.851467 22.433074, 69.851471 22.432957, 69.851431 22.432857, 69.851367 22.432788, 69.851239 22.432728, 69.851102 22.432725, 69.851005 22.432761, 69.85091 22.432844, 69.850864 22.432938, 69.850857 22.433033, 69.8509 22.433154, 69.850963 22.433223, 69.851092 22.433284, 69.851192 22.433291, 69.851326 22.433251, 69.851404 22.433189, 69.851467 22.433074))"
way,139788124,,,,storage_tank,,"POLYGON ((69.859429 22.432175, 69.859294 22.432081, 69.85913 22.432043, 69.858963 22.432065, 69.858818 22.432144, 69.858717 22.432269, 69.858675 22.43242, 69.858699 22.432575, 69.858785 22.432709, 69.85892 22.432803, 69.859084 22.432841, 69.859251 22.432819, 69.859396 22.43274, 69.859497 22.432615, 69.859539 22.432464, 69.859515 22.432309, 69.859429 22.432175))"
way,139788125,,,,storage_tank,,"POLYGON ((69.866764 22.423037, 69.86664 22.422957, 69.866457 22.42292, 69.866283 22.422955, 69.866152 22.423038, 69.866054 22.423178, 69.866026 22.42332, 69.866072 22.4235, 69.866152 22.423602, 69.866296 22.42369, 69.866497 22.423718, 69.866632 22.423686, 69.866763 22.423603, 69.866849 22.423492, 69.866891 22.42332, 69.866866 22.423187, 69.866764 22.423037))"
way,139788126,,,,storage_tank,,"POLYGON ((69.854184 22.433184, 69.854196 22.433073, 69.854162 22.432966, 69.854086 22.432879, 69.853979 22.432826, 69.853859 22.432814, 69.853743 22.432846, 69.853649 22.432916, 69.853591 22.433015, 69.853579 22.433126, 69.853613 22.433233, 69.85369 22.43332, 69.853796 22.433373, 69.853916 22.433385, 69.854032 22.433353, 69.854126 22.433282, 69.854184 22.433184))"
way,139788127,,,,storage_tank,,"POLYGON ((69.850732 22.435667, 69.850745 22.435555, 69.85071 22.435448, 69.850634 22.435361, 69.850528 22.435308, 69.850408 22.435296, 69.850292 22.435328, 69.850198 22.435399, 69.85014 22.435497, 69.850128 22.435608, 69.850162 22.435716, 69.850238 22.435802, 69.850345 22.435856, 69.850465 22.435867, 69.850581 22.435835, 69.850675 22.435765, 69.850732 22.435667))"
way,139788128,,,,storage_tank,,"POLYGON ((69.855376 22.429334, 69.855381 22.429222, 69.85534 22.429117, 69.855258 22.429034, 69.855148 22.428987, 69.855028 22.428982, 69.854914 22.42902, 69.854824 22.429096, 69.854773 22.429197, 69.854768 22.429309, 69.854809 22.429414, 69.854891 22.429496, 69.855 22.429544, 69.855121 22.429549, 69.855235 22.42951, 69.855324 22.429435, 69.855376 22.429334))"
way,139788129,,,,storage_tank,,"POLYGON ((69.859206 22.425914, 69.859071 22.425821, 69.858907 22.425782, 69.85874 22.425804, 69.858595 22.425884, 69.858494 22.426009, 69.858452 22.42616, 69.858476 22.426314, 69.858562 22.426449, 69.858698 22.426542, 69.858861 22.426581, 69.859028 22.426559, 69.859173 22.426479, 69.859274 22.426354, 69.859316 22.426203, 69.859292 22.426049, 69.859206 22.425914))"
way,139788130,,,,storage_tank,,"POLYGON ((69.855962 22.435247, 69.855974 22.435136, 69.85594 22.435029, 69.855864 22.434942, 69.855757 22.434889, 69.855637 22.434877, 69.855521 22.434909, 69.855427 22.43498, 69.85537 22.435078, 69.855357 22.435189, 69.855392 22.435296, 69.855468 22.435383, 69.855574 22.435436, 69.855694 22.435448, 69.85581 22.435416, 69.855904 22.435346, 69.855962 22.435247))"
way,139788131,,,,storage_tank,,"POLYGON ((69.85589 22.436897, 69.855894 22.43678, 69.855854 22.43668, 69.85579 22.436611, 69.855663 22.43655, 69.855525 22.436548, 69.855428 22.436584, 69.855333 22.436667, 69.855288 22.43676, 69.85528 22.436856, 69.855324 22.436977, 69.855386 22.437045, 69.855515 22.437107, 69.855616 22.437114, 69.85575 22.437074, 69.855827 22.437012, 69.85589 22.436897))"
way,139788132,,,,storage_tank,,"POLYGON ((69.86239 22.421925, 69.862266 22.421845, 69.862084 22.421808, 69.861909 22.421843, 69.861778 22.421926, 69.86168 22.422067, 69.861652 22.422209, 69.861699 22.422388, 69.861779 22.422491, 69.861922 22.422579, 69.862123 22.422606, 69.862259 22.422574, 69.86239 22.422492, 69.862475 22.42238, 69.862517 22.422209, 69.862493 22.422075, 69.86239 22.421925))"
way,139788133,,,,storage_tank,,"POLYGON ((69.865384 22.42753, 69.86526 22.42745, 69.865078 22.427413, 69.864903 22.427448, 69.864772 22.427531, 69.864674 22.427672, 69.864646 22.427814, 69.864692 22.427993, 69.864772 22.428096, 69.864916 22.428184, 69.865117 22.428211, 69.865252 22.428179, 69.865384 22.428096, 69.865469 22.427985, 69.865511 22.427814, 69.865486 22.42768, 69.865384 22.42753))"
way,139788134,,,,storage_tank,,"POLYGON ((69.866074 22.425149, 69.86595 22.425069, 69.865768 22.425032, 69.865593 22.425067, 69.865462 22.42515, 69.865364 22.425291, 69.865336 22.425432, 69.865382 22.425612, 69.865462 22.425714, 69.865606 22.425803, 69.865807 22.42583, 69.865942 22.425798, 69.866073 22.425715, 69.866159 22.425604, 69.866201 22.425432, 69.866176 22.425299, 69.866074 22.425149))"
way,139788138,,,,storage_tank,,"POLYGON ((69.861768 22.42452, 69.861784 22.424419, 69.861757 22.42432, 69.861691 22.424238, 69.861597 22.424186, 69.861488 22.424171, 69.861381 22.424196, 69.861293 22.424256, 69.861236 22.424344, 69.86122 22.424444, 69.861247 22.424543, 69.861312 22.424625, 69.861407 22.424677, 69.861516 22.424692, 69.861622 22.424668, 69.861711 22.424607, 69.861768 22.42452))"
way,139788147,,,,storage_tank,,"POLYGON ((69.859556 22.423944, 69.85957 22.423843, 69.859541 22.423745, 69.859474 22.423664, 69.859378 22.423614, 69.859269 22.423601, 69.859162 22.423628, 69.859075 22.42369, 69.859021 22.423778, 69.859007 22.423879, 69.859035 22.423977, 69.859103 22.424058, 69.859198 22.424108, 69.859308 22.424121, 69.859414 22.424095, 69.859501 22.424033, 69.859556 22.423944))"
way,139789242,,,,storage_tank,,"POLYGON ((69.851014 22.346673, 69.851038 22.346546, 69.851008 22.346421, 69.850928 22.346315, 69.850811 22.346246, 69.850674 22.346224, 69.850538 22.346251, 69.850424 22.346325, 69.850349 22.346434, 69.850325 22.34656, 69.850355 22.346686, 69.850434 22.346792, 69.850552 22.346861, 69.850689 22.346883, 69.850825 22.346855, 69.850939 22.346782, 69.851014 22.346673))"
way,139789243,,,,storage_tank,,"POLYGON ((69.857634 22.345292, 69.857658 22.345165, 69.857628 22.34504, 69.857548 22.344934, 69.857431 22.344865, 69.857294 22.344842, 69.857158 22.34487, 69.857044 22.344944, 69.856969 22.345052, 69.856945 22.345179, 69.856975 22.345305, 69.857054 22.34541, 69.857172 22.34548, 69.857309 22.345502, 69.857445 22.345474, 69.857559 22.3454, 69.857634 22.345292))"
way,139789244,,,,storage_tank,,"POLYGON ((69.860327 22.34732, 69.860352 22.347193, 69.860322 22.347067, 69.860242 22.346962, 69.860125 22.346893, 69.859988 22.34687, 69.859852 22.346898, 69.859738 22.346972, 69.859663 22.34708, 69.859638 22.347207, 69.859668 22.347333, 69.859748 22.347438, 69.859866 22.347507, 69.860002 22.34753, 69.860138 22.347502, 69.860252 22.347428, 69.860327 22.34732))"
way,139789253,,,,storage_tank,,"POLYGON ((69.852912 22.346102, 69.852937 22.345976, 69.852907 22.34585, 69.852827 22.345744, 69.85271 22.345675, 69.852573 22.345653, 69.852437 22.34568, 69.852323 22.345754, 69.852248 22.345863, 69.852224 22.34599, 69.852254 22.346115, 69.852333 22.346221, 69.852451 22.34629, 69.852588 22.346312, 69.852724 22.346285, 69.852838 22.346211, 69.852912 22.346102))"
way,139789298,,,,storage_tank,,"POLYGON ((69.865544 22.345374, 69.865562 22.345311, 69.865565 22.345246, 69.865553 22.345181, 69.865526 22.345121, 69.865485 22.345067, 69.865433 22.345023, 69.865372 22.34499, 69.865305 22.34497, 69.865234 22.344963, 69.865164 22.344971, 69.865098 22.344993, 69.865037 22.345027, 69.864986 22.345073, 69.864948 22.345128, 69.864922 22.345189, 69.864912 22.345253, 69.864916 22.345319, 69.864936 22.345382, 69.86497 22.345439, 69.865017 22.345488, 69.865074 22.345527, 69.865138 22.345554, 69.865207 22.345567, 69.865278 22.345566, 69.865347 22.345552, 69.865411 22.345523, 69.865467 22.345483, 69.865512 22.345433, 69.865544 22.345374))"
way,139789300,,,,storage_tank,,"POLYGON ((69.866312 22.349825, 69.866337 22.349698, 69.866307 22.349573, 69.866227 22.349467, 69.86611 22.349398, 69.865972 22.349376, 69.865837 22.349403, 69.865722 22.349477, 69.865648 22.349586, 69.865623 22.349712, 69.865654 22.349838, 69.865733 22.349944, 69.86585 22.350013, 69.865988 22.350035, 69.866124 22.350008, 69.866238 22.349934, 69.866312 22.349825))"
way,139789301,,,,storage_tank,,"POLYGON ((69.851029 22.345334, 69.851054 22.345207, 69.851024 22.345082, 69.850944 22.344976, 69.850827 22.344907, 69.85069 22.344884, 69.850554 22.344912, 69.85044 22.344986, 69.850365 22.345094, 69.85034 22.345221, 69.850371 22.345347, 69.85045 22.345452, 69.850568 22.345522, 69.850705 22.345544, 69.850841 22.345516, 69.850955 22.345442, 69.851029 22.345334))"
way,139789302,,,,storage_tank,,"POLYGON ((69.855461 22.345301, 69.855486 22.345174, 69.855456 22.345049, 69.855376 22.344943, 69.855259 22.344874, 69.855122 22.344852, 69.854986 22.34488, 69.854872 22.344953, 69.854797 22.345062, 69.854772 22.345188, 69.854803 22.345314, 69.854882 22.34542, 69.855 22.345489, 69.855137 22.345511, 69.855273 22.345484, 69.855387 22.34541, 69.855461 22.345301))"
way,139789304,,,,storage_tank,,"POLYGON ((69.857299 22.347338, 69.857323 22.347211, 69.857293 22.347085, 69.857213 22.34698, 69.857096 22.34691, 69.856959 22.346888, 69.856823 22.346916, 69.856709 22.34699, 69.856634 22.347098, 69.85661 22.347225, 69.85664 22.34735, 69.85672 22.347456, 69.856837 22.347525, 69.856974 22.347548, 69.85711 22.34752, 69.857224 22.347446, 69.857299 22.347338))"
way,139789307,,,,storage_tank,,"POLYGON ((69.860049 22.345301, 69.860073 22.345175, 69.860043 22.345049, 69.859963 22.344943, 69.859846 22.344874, 69.859709 22.344852, 69.859573 22.34488, 69.859459 22.344953, 69.859384 22.345062, 69.85936 22.345188, 69.85939 22.345314, 69.85947 22.34542, 69.859587 22.345489, 69.859724 22.345511, 69.85986 22.345484, 69.859974 22.34541, 69.860049 22.345301))"
way,139789358,,,,storage_tank,,"POLYGON ((69.848429 22.346693, 69.848459 22.346632, 69.848464 22.346566, 69.848442 22.346503, 69.848396 22.346451, 69.848334 22.346418, 69.848263 22.346408, 69.848193 22.346422, 69.848133 22.346459, 69.848092 22.346514, 69.848075 22.346578, 69.848084 22.346644, 69.848118 22.346702, 69.848172 22.346745, 69.84824 22.346767, 69.848312 22.346765, 69.848378 22.346739, 69.848429 22.346693))"
way,139789485,,,,storage_tank,,"POLYGON ((69.84841 22.345441, 69.848439 22.34538, 69.848442 22.345314, 69.848419 22.345252, 69.848373 22.345201, 69.848311 22.345169, 69.84824 22.34516, 69.84817 22.345175, 69.848112 22.345213, 69.848072 22.345267, 69.848055 22.345332, 69.848066 22.345397, 69.8481 22.345455, 69.848155 22.345497, 69.848223 22.345517, 69.848294 22.345514, 69.84836 22.345487, 69.84841 22.345441))"
way,139793158,,,industrial,,,"POLYGON ((69.854918 22.389224, 69.853849 22.389868, 69.852982 22.390236, 69.853736 22.391194, 69.85455 22.392101, 69.855157 22.392692, 69.85397 22.393696, 69.853456 22.394033, 69.854493 22.394558, 69.854837 22.394831, 69.85653 22.395254, 69.85685 22.394629, 69.857875 22.395149, 69.858268 22.395932, 69.85862 22.397038, 69.858917 22.397112, 69.859452 22.395749, 69.859401 22.395644, 69.860395 22.393026, 69.861788 22.389382, 69.861911 22.389072, 69.862134 22.388732, 69.862085 22.388694, 69.862061 22.388679, 69.862377 22.387861, 69.862691 22.386999, 69.862209 22.386548, 69.862025 22.386774, 69.860795 22.385577, 69.860886 22.385493, 69.86059 22.385203, 69.860426 22.38536, 69.860247 22.385192, 69.859739 22.385658, 69.85847 22.384453, 69.856838 22.382887, 69.854156 22.385331, 69.856466 22.387536, 69.855983 22.387976, 69.854788 22.387515, 69.854918 22.389224))"
way,197338461,Essar Refinery,refinery,industrial,,,"POLYGON ((69.709627 22.378779, 69.71125 22.378471, 69.711236 22.378374, 69.711328 22.378346, 69.711281 22.378116, 69.712371 22.377884, 69.713754 22.378207, 69.713872 22.377341, 69.714282 22.376224, 69.715271 22.376527, 69.715322 22.373932, 69.715901 22.373919, 69.716474 22.373577, 69.717331 22.3726, 69.717383 22.372251, 69.717594 22.372189, 69.720006 22.372452, 69.720149 22.372525, 69.72239 22.372647, 69.724951 22.372583, 69.725001 22.372353, 69.725379 22.372735, 69.727622 22.373112, 69.727783 22.375299, 69.727456 22.375244, 69.727265 22.376237, 69.728208 22.376372, 69.728766 22.376988, 69.72846 22.377963, 69.729078 22.379222, 69.728436 22.37969, 69.728268 22.380192, 69.727065 22.381648, 69.726547 22.382533, 69.726295 22.38267, 69.725832 22.384123, 69.725976 22.384215, 69.726182 22.384422, 69.726019 22.385446, 69.725649 22.386614, 69.725743 22.386609, 69.725677 22.38702, 69.724989 22.387127, 69.725026 22.387867, 69.724971 22.387887, 69.724969 22.389204, 69.725306 22.390092, 69.725292 22.390198, 69.723567 22.3911, 69.723561 22.39118, 69.723531 22.391237, 69.722802 22.3916, 69.721169 22.392236, 69.718141 22.391754, 69.718198 22.391397, 69.718542 22.390329, 69.718014 22.389905, 69.717914 22.390094, 69.717719 22.390172, 69.717625 22.390322, 69.717578 22.39054, 69.717393 22.39049, 69.717232 22.3906, 69.717129 22.390758, 69.71685 22.390994, 69.715855 22.389775, 69.713734 22.387064, 69.713004 22.386262, 69.712721 22.385696, 69.712312 22.384162, 69.712421 22.384158, 69.71238 22.383969, 69.712281 22.383972, 69.711968 22.383169, 69.711258 22.382144, 69.71042 22.380945, 69.709646 22.379825, 69.709187 22.379118, 69.708808 22.378428, 69.709729 22.378144, 69.709601 22.378621, 69.709542 22.378617, 69.709556 22.378733, 69.709619 22.378724, 69.709627 22.378779))"
way,197338462,Vadinar Refinery,oil,industrial,,,"POLYGON ((69.726765 22.319119, 69.721594 22.316495, 69.714462 22.31676, 69.72462 22.303276, 69.73496 22.309319, 69.745034 22.3147, 69.745423 22.315104, 69.749464 22.316939, 69.752597 22.318922, 69.756052 22.321952, 69.7598 22.324213, 69.766033 22.326993, 69.766017 22.327021, 69.769199 22.328723, 69.771177 22.329968, 69.773291 22.33089, 69.774136 22.331616, 69.773366 22.334932, 69.774262 22.335081, 69.773703 22.337594, 69.772999 22.341032, 69.772781 22.342786, 69.772706 22.344318, 69.772722 22.349892, 69.772844 22.356177, 69.767505 22.3555, 69.766808 22.354966, 69.766081 22.354128, 69.75986 22.347528, 69.757798 22.350052, 69.755195 22.347338, 69.752423 22.350899, 69.750931 22.349163, 69.749279 22.347942, 69.748421 22.347357, 69.748142 22.34573, 69.747713 22.345134, 69.745868 22.342503, 69.728988 22.329321, 69.728462 22.329108, 69.728865 22.328829, 69.729508 22.327877, 69.730141 22.325939, 69.729778 22.32585, 69.73019 22.324617, 69.728537 22.324445, 69.728548 22.32371, 69.728447 22.322934, 69.728822 22.322726, 69.729406 22.322167, 69.730223 22.321852, 69.730669 22.321235, 69.729425 22.320642, 69.726765 22.319119))"
way,197338467,,,industrial,,,"POLYGON ((69.722767 22.408569, 69.723233 22.409508, 69.725209 22.413358, 69.725544 22.415386, 69.726062 22.418394, 69.726499 22.420886, 69.726619 22.421528, 69.726788 22.421642, 69.726688 22.422055, 69.726747 22.42249, 69.727358 22.422847, 69.728084 22.422586, 69.727801 22.421617, 69.728628 22.421486, 69.729356 22.421554, 69.729508 22.422374, 69.729711 22.422903, 69.730186 22.422789, 69.731285 22.422801, 69.732017 22.422726, 69.732746 22.422611, 69.732667 22.422426, 69.732425 22.422354, 69.732432 22.422272, 69.732607 22.422205, 69.732677 22.422047, 69.73295 22.422093, 69.733053 22.421284, 69.73303 22.42067, 69.732954 22.420684, 69.733034 22.420382, 69.733278 22.419713, 69.733582 22.419483, 69.733226 22.418786, 69.733801 22.417004, 69.733968 22.416254, 69.73386 22.415553, 69.733455 22.414737, 69.73319 22.41458, 69.732374 22.412503, 69.730478 22.408186, 69.729153 22.408419, 69.729221 22.408128, 69.728855 22.407085, 69.729129 22.407083, 69.729059 22.40692, 69.729132 22.406933, 69.729082 22.406619, 69.729043 22.406588, 69.729029 22.406524, 69.728744 22.406058, 69.726135 22.406363, 69.726109 22.406784, 69.726106 22.407147, 69.726106 22.407284, 69.726169 22.407287, 69.726209 22.407474, 69.726176 22.407459, 69.72604 22.407445, 69.725901 22.407403, 69.725906 22.407291, 69.726032 22.407265, 69.72607 22.40633, 69.725701 22.406308, 69.725642 22.40616, 69.725454 22.406142, 69.725533 22.405151, 69.724514 22.405058, 69.724211 22.40537, 69.724209 22.40565, 69.722273 22.405002, 69.721848 22.405574, 69.721348 22.40583, 69.721244 22.406222, 69.722767 22.408569))"
way,223725824,Essar Power,,industrial,,plant,"POLYGON ((69.714274 22.294228, 69.714712 22.294587, 69.714622 22.294722, 69.715271 22.29531, 69.715437 22.295169, 69.716804 22.296253, 69.718607 22.297957, 69.717989 22.298533, 69.718557 22.29901, 69.719156 22.298482, 69.72089 22.300029, 69.719544 22.301896, 69.718476 22.303394, 69.718178 22.303816, 69.71978 22.304817, 69.718395 22.306821, 69.717162 22.308492, 69.715721 22.310516, 69.715489 22.310828, 69.715241 22.310679, 69.714845 22.311844, 69.714077 22.314048, 69.713362 22.316068, 69.714109 22.317283, 69.71395 22.318965, 69.713845 22.320828, 69.711462 22.320423, 69.711018 22.321319, 69.710849 22.321783, 69.710129 22.321651, 69.709445 22.321368, 69.708918 22.32138, 69.708247 22.321031, 69.707627 22.320745, 69.706701 22.320601, 69.706289 22.320862, 69.705732 22.320726, 69.704753 22.320613, 69.703948 22.320208, 69.703431 22.319871, 69.7035 22.319402, 69.703608 22.318426, 69.703204 22.317847, 69.703346 22.316221, 69.703439 22.315591, 69.703713 22.31462, 69.704072 22.313345, 69.704217 22.312669, 69.704334 22.311402, 69.704492 22.310142, 69.704642 22.309197, 69.704983 22.307852, 69.70522 22.306926, 69.705627 22.305388, 69.705632 22.305222, 69.705893 22.304404, 69.70612 22.303347, 69.706395 22.302317, 69.706804 22.300644, 69.707334 22.298608, 69.707741 22.298249, 69.709385 22.297358, 69.709839 22.297126, 69.710834 22.296979, 69.711747 22.296842, 69.712124 22.296518, 69.713441 22.294884, 69.713533 22.294942, 69.714006 22.294312, 69.714274 22.294228))"
way,223725851,Essar,,,,substation,"POLYGON ((69.713945 22.301398, 69.712699 22.303138, 69.711285 22.302289, 69.712554 22.300549, 69.713945 22.301398))"
way,223725854,Kanchanpur,,,,substation,"POLYGON ((69.706937 22.243662, 69.707501 22.244004, 69.707128 22.244531, 69.706564 22.244189, 69.706937 22.243662))"
way,225236351,Lalpur,,,,substation,"POLYGON ((69.971634 22.206165, 69.972561 22.20758, 69.973667 22.20696, 69.97274 22.205544, 69.971634 22.206165))"
way,227055220,Sapar,,,,substation,"POLYGON ((69.901061 22.403406, 69.901699 22.403188, 69.901459 22.402598, 69.900822 22.402819, 69.901061 22.403406))"
way,295429686,,,,,substation,"POLYGON ((69.864353 22.321887, 69.869477 22.321849, 69.869471 22.321383, 69.869503 22.32139, 69.86951 22.321028, 69.869486 22.32066, 69.868349 22.320656, 69.867538 22.320656, 69.867538 22.32009, 69.866547 22.320424, 69.866482 22.320491, 69.866484 22.320931, 69.865086 22.320942, 69.86434 22.32122, 69.864353 22.321887))"
way,295429703,,,,,plant,"POLYGON ((69.864367 22.32408, 69.866243 22.324125, 69.866243 22.323152, 69.869509 22.323094, 69.869501 22.322021, 69.864368 22.322052, 69.864367 22.32408))"
way,316421341,Essar,,,,substation,"POLYGON ((69.735695 22.321748, 69.739281 22.323925, 69.740299 22.32249, 69.738495 22.321395, 69.738112 22.321935, 69.73633 22.320854, 69.735695 22.321748))"
way,316421342,,,,,substation,"POLYGON ((69.740352 22.323492, 69.739812 22.32426, 69.741114 22.325043, 69.741755 22.324131, 69.741402 22.323919, 69.741301 22.324063, 69.740352 22.323492))"
way,321060506,SHREE DIGVIJAY CEMENT,,industrial,,,"POLYGON ((69.831736 22.428202, 69.834702 22.434543, 69.838973 22.433031, 69.835655 22.425515, 69.833407 22.426363, 69.833866 22.42744, 69.831736 22.428202))"
way,321791678,,,,storage_tank,,"POLYGON ((69.860122 22.331273, 69.860182 22.331341, 69.860262 22.331386, 69.860353 22.331406, 69.860447 22.331396, 69.860532 22.331359, 69.860599 22.331299, 69.860642 22.331222, 69.860655 22.331135, 69.860637 22.33105, 69.86059 22.330975, 69.86052 22.330918, 69.860433 22.330884, 69.860339 22.33088, 69.860249 22.330903, 69.860171 22.330952, 69.860115 22.331022, 69.860087 22.331105, 69.86009 22.331192, 69.860122 22.331273))"
way,321791817,,,,storage_tank,,"POLYGON ((69.859143 22.332882, 69.859204 22.332951, 69.859286 22.332997, 69.85938 22.333016, 69.859476 22.333006, 69.859562 22.332968, 69.859631 22.332906, 69.859674 22.332827, 69.859687 22.332739, 69.859669 22.332652, 69.85962 22.332575, 69.859548 22.332516, 69.859459 22.332483, 69.859363 22.332478, 69.85927 22.332503, 69.859191 22.332554, 69.859135 22.332626, 69.859106 22.33271, 69.859109 22.332799, 69.859143 22.332882))"
way,321795823,,,,storage_tank,,"POLYGON ((69.881326 22.347947, 69.881262 22.348009, 69.881224 22.348086, 69.881216 22.348171, 69.881237 22.348253, 69.881286 22.348325, 69.881358 22.348378, 69.881444 22.348407, 69.881536 22.348408, 69.881624 22.348382, 69.881697 22.34833, 69.881748 22.34826, 69.881772 22.348178, 69.881766 22.348093, 69.88173 22.348015, 69.881669 22.347951, 69.881588 22.34791, 69.881498 22.347895, 69.881407 22.347908, 69.881326 22.347947))"
way,321795829,,,,storage_tank,,"POLYGON ((69.87964 22.348277, 69.879581 22.348335, 69.879546 22.348409, 69.879539 22.348488, 69.87956 22.348566, 69.879607 22.348634, 69.879675 22.348683, 69.879757 22.348709, 69.879843 22.34871, 69.879925 22.348684, 69.879994 22.348635, 69.880042 22.348568, 69.880063 22.34849, 69.880056 22.34841, 69.880022 22.348337, 69.879963 22.348278, 69.879887 22.348239, 69.879802 22.348226, 69.879716 22.348239, 69.87964 22.348277))"
way,321795830,,,,storage_tank,,"POLYGON ((69.879764 22.350957, 69.87968 22.35104, 69.879629 22.351144, 69.879617 22.351257, 69.879646 22.351368, 69.879712 22.351465, 69.879808 22.351536, 69.879925 22.351575, 69.880048 22.351576, 69.880165 22.35154, 69.880264 22.351471, 69.880333 22.351376, 69.880364 22.351266, 69.880356 22.351152, 69.880308 22.351047, 69.880225 22.350962, 69.880117 22.350906, 69.879996 22.350886, 69.879874 22.350904, 69.879764 22.350957))"
way,321795832,,,,storage_tank,,"POLYGON ((69.879797 22.352444, 69.879706 22.35252, 69.879646 22.35262, 69.879624 22.352733, 69.879644 22.352845, 69.879701 22.352946, 69.879791 22.353024, 69.879904 22.353071, 69.880027 22.353081, 69.880146 22.353054, 69.88025 22.352993, 69.880327 22.352904, 69.880368 22.352796, 69.880369 22.352682, 69.88033 22.352574, 69.880255 22.352483, 69.880153 22.35242, 69.880034 22.352391, 69.87991 22.352399, 69.879797 22.352444))"
way,321796856,,,,storage_tank,,"POLYGON ((69.881396 22.349414, 69.881322 22.349467, 69.88127 22.349541, 69.881246 22.349625, 69.881254 22.349713, 69.881292 22.349793, 69.881356 22.349857, 69.881439 22.349899, 69.881533 22.349914, 69.881626 22.349899, 69.881709 22.349858, 69.881774 22.349794, 69.881812 22.349713, 69.88182 22.349626, 69.881796 22.349541, 69.881745 22.349468, 69.88167 22.349414, 69.881581 22.349386, 69.881486 22.349385, 69.881396 22.349414))"
way,321796869,,,,storage_tank,,"POLYGON ((69.879784 22.35395, 69.879692 22.354031, 69.879634 22.354135, 69.879615 22.354251, 69.879637 22.354366, 69.879699 22.354468, 69.879794 22.354546, 69.879911 22.354592, 69.880037 22.3546, 69.88016 22.354569, 69.880264 22.354504, 69.880341 22.35441, 69.88038 22.354299, 69.880378 22.354182, 69.880335 22.354071, 69.880256 22.35398, 69.880149 22.353917, 69.880026 22.35389, 69.8799 22.353902, 69.879784 22.35395))"
way,321796911,,,,storage_tank,,"POLYGON ((69.88161 22.355351, 69.881548 22.355394, 69.881505 22.355453, 69.881485 22.355522, 69.88149 22.355593, 69.88152 22.355659, 69.881572 22.355712, 69.881639 22.355747, 69.881715 22.35576, 69.881791 22.355749, 69.881859 22.355716, 69.881912 22.355664, 69.881945 22.355599, 69.881952 22.355528, 69.881934 22.355459, 69.881893 22.355399, 69.881833 22.355354, 69.88176 22.35533, 69.881683 22.355329, 69.88161 22.355351))"
way,321796938,,,,storage_tank,,"POLYGON ((69.880633 22.355374, 69.88058 22.35543, 69.880549 22.355499, 69.880544 22.355573, 69.880565 22.355644, 69.88061 22.355706, 69.880675 22.35575, 69.880751 22.355773, 69.880832 22.355772, 69.880907 22.355747, 69.88097 22.3557, 69.881012 22.355637, 69.88103 22.355564, 69.881022 22.355491, 69.880989 22.355423, 69.880933 22.355369, 69.880862 22.355335, 69.880782 22.355324, 69.880703 22.355338, 69.880633 22.355374))"
way,321796986,,,,storage_tank,,"POLYGON ((69.879725 22.355386, 69.879676 22.355436, 69.879647 22.355498, 69.879642 22.355565, 69.87966 22.35563, 69.879701 22.355687, 69.879759 22.355728, 69.879828 22.355749, 69.879901 22.355749, 69.87997 22.355726, 69.880027 22.355684, 69.880066 22.355628, 69.880084 22.355562, 69.880077 22.355495, 69.880048 22.355433, 69.879998 22.355384, 69.879933 22.355352, 69.879861 22.355342, 69.879789 22.355353, 69.879725 22.355386))"
way,321798112,,,,storage_tank,,"POLYGON ((69.864315 22.420278, 69.864232 22.420329, 69.864171 22.420402, 69.864139 22.420489, 69.864139 22.420581, 69.864172 22.420668, 69.864233 22.42074, 69.864316 22.420791, 69.864413 22.420813, 69.864512 22.420806, 69.864604 22.420769, 69.864677 22.420706, 69.864725 22.420625, 69.864741 22.420534, 69.864724 22.420442, 69.864676 22.420361, 69.864603 22.420299, 69.864511 22.420262, 69.864412 22.420255, 69.864315 22.420278))"
way,321823707,,,,storage_tank,,"POLYGON ((69.876674 22.350662, 69.876718 22.350657, 69.876761 22.350668, 69.876796 22.350693, 69.876817 22.350728, 69.876823 22.350769, 69.876811 22.350808, 69.876784 22.35084, 69.876746 22.35086, 69.876702 22.350866, 69.87666 22.350855, 69.876625 22.35083, 69.876603 22.350794, 69.876597 22.350754, 69.876609 22.350714, 69.876636 22.350682, 69.876674 22.350662))"
way,321823717,,,,storage_tank,,"POLYGON ((69.877345 22.35154, 69.877389 22.351513, 69.877441 22.351504, 69.877492 22.351514, 69.877535 22.351541, 69.877564 22.351581, 69.877574 22.351629, 69.877563 22.351676, 69.877534 22.351716, 69.87749 22.351743, 69.877439 22.351752, 69.877388 22.351742, 69.877344 22.351715, 69.877315 22.351675, 69.877306 22.351627, 69.877316 22.35158, 69.877345 22.35154))"
way,321823718,,,,storage_tank,,"POLYGON ((69.877118 22.350683, 69.87715 22.35067, 69.877185 22.350669, 69.877217 22.350681, 69.877242 22.350703, 69.877256 22.350733, 69.877256 22.350765, 69.877244 22.350795, 69.87722 22.350818, 69.877188 22.35083, 69.877153 22.350831, 69.877121 22.350819, 69.877096 22.350797, 69.877082 22.350768, 69.877081 22.350736, 69.877094 22.350706, 69.877118 22.350683))"
way,321823728,,,,storage_tank,,"POLYGON ((69.876705 22.351607, 69.876741 22.351591, 69.876782 22.35159, 69.876819 22.351603, 69.876849 22.351628, 69.876866 22.351662, 69.876867 22.351699, 69.876853 22.351734, 69.876826 22.351761, 69.876789 22.351777, 69.876749 22.351778, 69.876711 22.351765, 69.876682 22.35174, 69.876665 22.351706, 69.876663 22.351669, 69.876677 22.351634, 69.876705 22.351607))"
way,321823731,,,,storage_tank,,"POLYGON ((69.877443 22.350677, 69.877475 22.350664, 69.877509 22.350664, 69.877542 22.350676, 69.877566 22.350698, 69.87758 22.350727, 69.877581 22.350759, 69.877568 22.350789, 69.877544 22.350812, 69.877512 22.350825, 69.877478 22.350826, 69.877446 22.350814, 69.877421 22.350792, 69.877407 22.350762, 69.877406 22.35073, 69.877419 22.3507, 69.877443 22.350677))"
way,321823733,,,,storage_tank,,"POLYGON ((69.87618 22.350668, 69.876224 22.350662, 69.876266 22.350673, 69.876301 22.350698, 69.876323 22.350734, 69.876328 22.350774, 69.876317 22.350814, 69.87629 22.350846, 69.876251 22.350866, 69.876208 22.350871, 69.876165 22.35086, 69.87613 22.350835, 69.876108 22.3508, 69.876103 22.350759, 69.876114 22.35072, 69.876142 22.350688, 69.87618 22.350668))"
way,321824575,,,,storage_tank,,"POLYGON ((69.865786 22.416197, 69.86587 22.416176, 69.865957 22.416187, 69.866032 22.416227, 69.866085 22.41629, 69.866108 22.416368, 69.866096 22.416448, 69.866053 22.416518, 69.865984 22.416567, 69.8659 22.416588, 69.865814 22.416577, 69.865738 22.416537, 69.865685 22.416473, 69.865662 22.416396, 69.865674 22.416316, 69.865717 22.416246, 69.865786 22.416197))"
way,321824576,,,,storage_tank,,"POLYGON ((69.86198 22.415134, 69.862064 22.415113, 69.862151 22.415123, 69.862226 22.415163, 69.862279 22.415227, 69.862302 22.415305, 69.86229 22.415385, 69.862247 22.415454, 69.862178 22.415503, 69.862094 22.415524, 69.862008 22.415514, 69.861932 22.415474, 69.861879 22.41541, 69.861856 22.415332, 69.861868 22.415252, 69.861911 22.415183, 69.86198 22.415134))"
way,321824577,,,,storage_tank,,"POLYGON ((69.863839 22.415625, 69.863923 22.415604, 69.864009 22.415615, 69.864084 22.415655, 69.864137 22.415719, 69.86416 22.415796, 69.864149 22.415876, 69.864105 22.415946, 69.864036 22.415995, 69.863952 22.416016, 69.863866 22.416005, 69.86379 22.415965, 69.863737 22.415901, 69.863715 22.415824, 69.863726 22.415744, 69.86377 22.415674, 69.863839 22.415625))"
way,321824578,,,,storage_tank,,"POLYGON ((69.868863 22.421598, 69.868967 22.421573, 69.869073 22.421587, 69.869165 22.421637, 69.86923 22.421716, 69.869257 22.421812, 69.869242 22.42191, 69.869188 22.421995, 69.869103 22.422055, 69.868999 22.42208, 69.868893 22.422067, 69.868801 22.422017, 69.868736 22.421938, 69.868709 22.421842, 69.868724 22.421744, 69.868778 22.421658, 69.868863 22.421598))"
way,321824581,,,,storage_tank,,"POLYGON ((69.861072 22.415251, 69.861156 22.41523, 69.861243 22.415241, 69.861318 22.415281, 69.861371 22.415345, 69.861394 22.415422, 69.861382 22.415502, 69.861339 22.415572, 69.86127 22.415621, 69.861186 22.415642, 69.8611 22.415631, 69.861024 22.415591, 69.860971 22.415527, 69.860949 22.41545, 69.86096 22.41537, 69.861003 22.4153, 69.861072 22.415251))"
way,321824582,,,,storage_tank,,"POLYGON ((69.862893 22.415716, 69.862977 22.415696, 69.863063 22.415706, 69.863139 22.415746, 69.863192 22.41581, 69.863214 22.415888, 69.863203 22.415967, 69.86316 22.416037, 69.86309 22.416086, 69.863006 22.416107, 69.86292 22.416096, 69.862845 22.416056, 69.862792 22.415992, 69.862769 22.415915, 69.86278 22.415835, 69.862824 22.415765, 69.862893 22.415716))"
way,321824583,,,,storage_tank,,"POLYGON ((69.846364 22.348148, 69.846471 22.348101, 69.846588 22.348096, 69.846698 22.348133, 69.846785 22.348206, 69.846835 22.348304, 69.846841 22.348413, 69.846801 22.348515, 69.846722 22.348596, 69.846616 22.348642, 69.846498 22.348647, 69.846388 22.34861, 69.846301 22.348537, 69.846251 22.348439, 69.846245 22.34833, 69.846285 22.348228, 69.846364 22.348148))"
way,321824584,,,,storage_tank,,"POLYGON ((69.870488 22.422101, 69.870592 22.422076, 69.870698 22.422089, 69.870791 22.422139, 69.870855 22.422218, 69.870882 22.422314, 69.870868 22.422412, 69.870814 22.422498, 69.870728 22.422557, 69.870625 22.422582, 69.870519 22.422569, 69.870426 22.422519, 69.870362 22.42244, 69.870334 22.422344, 69.870349 22.422246, 69.870403 22.422161, 69.870488 22.422101))"
way,321824585,,,,storage_tank,,"POLYGON ((69.869905 22.4212, 69.870009 22.421176, 69.870115 22.421189, 69.870207 22.421239, 69.870272 22.421318, 69.870299 22.421414, 69.870285 22.421512, 69.87023 22.421597, 69.870145 22.421657, 69.870041 22.421682, 69.869935 22.421669, 69.869843 22.421619, 69.869778 22.42154, 69.869751 22.421444, 69.869766 22.421346, 69.86982 22.42126, 69.869905 22.4212))"
way,321824586,,,,storage_tank,,"POLYGON ((69.864839 22.416109, 69.864923 22.416088, 69.865009 22.416099, 69.865084 22.416139, 69.865138 22.416203, 69.86516 22.41628, 69.865149 22.41636, 69.865105 22.41643, 69.865036 22.416479, 69.864952 22.4165, 69.864866 22.416489, 69.864791 22.416449, 69.864738 22.416385, 69.864715 22.416308, 69.864726 22.416228, 69.86477 22.416158, 69.864839 22.416109))"
way,321824587,,,,storage_tank,,"POLYGON ((69.871124 22.419685, 69.871041 22.419735, 69.87098 22.419808, 69.870948 22.419895, 69.870948 22.419987, 69.87098 22.420074, 69.871042 22.420147, 69.871125 22.420197, 69.871222 22.42022, 69.871321 22.420212, 69.871413 22.420175, 69.871486 22.420113, 69.871534 22.420031, 69.87155 22.41994, 69.871533 22.419849, 69.871485 22.419768, 69.871412 22.419706, 69.87132 22.419669, 69.871221 22.419662, 69.871124 22.419685))"
way,321824588,,,,storage_tank,,"POLYGON ((69.868057 22.418848, 69.867974 22.418899, 69.867913 22.418972, 69.867881 22.419059, 69.867881 22.419151, 69.867913 22.419238, 69.867974 22.41931, 69.868058 22.419361, 69.868154 22.419384, 69.868254 22.419376, 69.868345 22.419339, 69.868419 22.419276, 69.868466 22.419195, 69.868483 22.419104, 69.868466 22.419013, 69.868418 22.418932, 69.868344 22.418869, 69.868253 22.418833, 69.868153 22.418825, 69.868057 22.418848))"
way,321824589,,,,storage_tank,,"POLYGON ((69.871796 22.417926, 69.871713 22.417976, 69.871652 22.418049, 69.87162 22.418136, 69.87162 22.418228, 69.871652 22.418315, 69.871714 22.418388, 69.871797 22.418438, 69.871894 22.418461, 69.871993 22.418453, 69.872084 22.418416, 69.872158 22.418354, 69.872205 22.418272, 69.872222 22.418181, 69.872205 22.41809, 69.872157 22.418009, 69.872083 22.417947, 69.871992 22.41791, 69.871892 22.417903, 69.871796 22.417926))"
way,321824590,,,,storage_tank,,"POLYGON ((69.86984 22.419328, 69.869757 22.419379, 69.869696 22.419452, 69.869664 22.419539, 69.869664 22.419631, 69.869696 22.419718, 69.869758 22.41979, 69.869841 22.419841, 69.869938 22.419863, 69.870037 22.419856, 69.870128 22.419819, 69.870202 22.419756, 69.870249 22.419675, 69.870266 22.419584, 69.870249 22.419492, 69.870201 22.419411, 69.870127 22.419349, 69.870036 22.419312, 69.869936 22.419305, 69.86984 22.419328))"
way,321824591,,,,storage_tank,,"POLYGON ((69.866247 22.420546, 69.866164 22.420596, 69.866103 22.420669, 69.866071 22.420756, 69.866071 22.420848, 69.866104 22.420935, 69.866165 22.421008, 69.866248 22.421058, 69.866345 22.421081, 69.866444 22.421073, 69.866536 22.421036, 69.866609 22.420974, 69.866657 22.420892, 69.866673 22.420801, 69.866656 22.42071, 69.866608 22.420629, 69.866535 22.420567, 69.866443 22.42053, 69.866344 22.420523, 69.866247 22.420546))"
way,321824592,,,,storage_tank,,"POLYGON ((69.860807 22.41711, 69.860724 22.417161, 69.860663 22.417234, 69.860631 22.417321, 69.860631 22.417414, 69.860664 22.417501, 69.860725 22.417573, 69.860809 22.417623, 69.860906 22.417646, 69.861005 22.417638, 69.861096 22.4176, 69.86117 22.417537, 69.861217 22.417456, 69.861233 22.417365, 69.861216 22.417274, 69.861168 22.417193, 69.861094 22.417131, 69.861003 22.417094, 69.860903 22.417087, 69.860807 22.41711))"
way,321824593,,,,storage_tank,,"POLYGON ((69.867525 22.420823, 69.867442 22.420873, 69.867381 22.420946, 69.867348 22.421033, 69.867349 22.421125, 69.867381 22.421212, 69.867442 22.421285, 69.867526 22.421335, 69.867622 22.421358, 69.867722 22.42135, 69.867813 22.421313, 69.867887 22.42125, 69.867934 22.421169, 69.86795 22.421078, 69.867934 22.420987, 69.867886 22.420906, 69.867812 22.420844, 69.86772 22.420807, 69.867621 22.4208, 69.867525 22.420823))"
way,321824594,,,,storage_tank,,"POLYGON ((69.872115 22.416314, 69.872032 22.416365, 69.871971 22.416438, 69.871939 22.416526, 69.87194 22.416618, 69.871972 22.416705, 69.872034 22.416777, 69.872118 22.416827, 69.872214 22.41685, 69.872314 22.416842, 69.872405 22.416804, 69.872478 22.416742, 69.872525 22.41666, 69.872541 22.416569, 69.872524 22.416478, 69.872476 22.416398, 69.872403 22.416335, 69.872311 22.416299, 69.872212 22.416291, 69.872115 22.416314))"
way,321824595,,,,storage_tank,,"POLYGON ((69.866833 22.418547, 69.86675 22.418598, 69.866689 22.41867, 69.866656 22.418758, 69.866657 22.41885, 69.866689 22.418937, 69.86675 22.419009, 69.866834 22.41906, 69.86693 22.419082, 69.86703 22.419075, 69.867121 22.419038, 69.867195 22.418975, 69.867242 22.418894, 69.867258 22.418802, 69.867242 22.418711, 69.867194 22.41863, 69.86712 22.418568, 69.867028 22.418531, 69.866929 22.418524, 69.866833 22.418547))"
way,321824596,,,,storage_tank,,"POLYGON ((69.868962 22.415453, 69.868879 22.415504, 69.868818 22.415577, 69.868786 22.415664, 69.868786 22.415756, 69.868818 22.415843, 69.868879 22.415916, 69.868963 22.415966, 69.869059 22.415988, 69.869159 22.415981, 69.86925 22.415944, 69.869324 22.415881, 69.869371 22.4158, 69.869388 22.415709, 69.869371 22.415618, 69.869323 22.415537, 69.869249 22.415474, 69.869158 22.415438, 69.869058 22.41543, 69.868962 22.415453))"
way,321824597,,,,storage_tank,,"POLYGON ((69.865017 22.418232, 69.864934 22.418283, 69.864873 22.418356, 69.864841 22.418443, 69.864842 22.418536, 69.864874 22.418623, 69.864936 22.418695, 69.86502 22.418745, 69.865116 22.418768, 69.865216 22.41876, 69.865307 22.418722, 69.86538 22.41866, 69.865427 22.418578, 69.865443 22.418487, 69.865426 22.418396, 69.865379 22.418315, 69.865305 22.418253, 69.865213 22.418216, 69.865114 22.418209, 69.865017 22.418232))"
way,321824598,,,,storage_tank,,"POLYGON ((69.863065 22.41992, 69.862982 22.41997, 69.862921 22.420043, 69.862889 22.42013, 69.862889 22.420222, 69.862922 22.420309, 69.862983 22.420382, 69.863066 22.420432, 69.863163 22.420455, 69.863262 22.420447, 69.863354 22.42041, 69.863427 22.420348, 69.863474 22.420266, 69.863491 22.420175, 69.863474 22.420084, 69.863426 22.420003, 69.863352 22.419941, 69.863261 22.419904, 69.863162 22.419897, 69.863065 22.41992))"
way,321824599,,,,storage_tank,,"POLYGON ((69.86203 22.417428, 69.861947 22.417478, 69.861886 22.417552, 69.861854 22.417639, 69.861854 22.417731, 69.861887 22.417818, 69.861948 22.417891, 69.862032 22.417941, 69.862129 22.417963, 69.862228 22.417955, 69.86232 22.417918, 69.862393 22.417855, 69.86244 22.417774, 69.862456 22.417683, 69.862439 22.417592, 69.862391 22.417511, 69.862318 22.417449, 69.862226 22.417412, 69.862127 22.417405, 69.86203 22.417428))"
way,321824600,,,,storage_tank,,"POLYGON ((69.867278 22.417114, 69.867195 22.417164, 69.867134 22.417237, 69.867102 22.417324, 69.867102 22.417416, 69.867135 22.417504, 69.867196 22.417576, 69.86728 22.417626, 69.867376 22.417649, 69.867476 22.417642, 69.867567 22.417604, 69.86764 22.417542, 69.867688 22.41746, 69.867704 22.417369, 69.867688 22.417278, 69.86764 22.417197, 69.867566 22.417135, 69.867474 22.417098, 69.867375 22.417091, 69.867278 22.417114))"
way,321824601,,,,storage_tank,,"POLYGON ((69.863738 22.417893, 69.863655 22.417944, 69.863594 22.418016, 69.863562 22.418104, 69.863562 22.418196, 69.863594 22.418283, 69.863655 22.418355, 69.863739 22.418406, 69.863835 22.418428, 69.863935 22.418421, 69.864026 22.418384, 69.8641 22.418321, 69.864147 22.41824, 69.864164 22.418148, 69.864147 22.418057, 69.864099 22.417976, 69.864025 22.417914, 69.863934 22.417877, 69.863834 22.41787, 69.863738 22.417893))"
way,321824602,,,,storage_tank,,"POLYGON ((69.870246 22.417532, 69.870163 22.417583, 69.870102 22.417656, 69.87007 22.417743, 69.87007 22.417835, 69.870102 22.417922, 69.870163 22.417994, 69.870247 22.418045, 69.870343 22.418067, 69.870443 22.41806, 69.870534 22.418023, 69.870608 22.41796, 69.870655 22.417879, 69.870672 22.417788, 69.870655 22.417697, 69.870607 22.417615, 69.870533 22.417553, 69.870442 22.417516, 69.870342 22.417509, 69.870246 22.417532))"
way,321824603,,,,storage_tank,,"POLYGON ((69.867691 22.415115, 69.867608 22.415166, 69.867547 22.415238, 69.867515 22.415326, 69.867515 22.415418, 69.867547 22.415505, 69.867609 22.415577, 69.867692 22.415628, 69.867788 22.41565, 69.867888 22.415643, 69.86798 22.415606, 69.868053 22.415543, 69.8681 22.415462, 69.868117 22.41537, 69.8681 22.415279, 69.868052 22.415198, 69.867978 22.415136, 69.867887 22.415099, 69.867788 22.415092, 69.867691 22.415115))"
way,321824604,,,,storage_tank,,"POLYGON ((69.868536 22.417255, 69.868453 22.417306, 69.868392 22.417379, 69.86836 22.417466, 69.86836 22.417558, 69.868392 22.417645, 69.868454 22.417718, 69.868537 22.417768, 69.868633 22.417791, 69.868733 22.417783, 69.868824 22.417746, 69.868898 22.417683, 69.868945 22.417602, 69.868962 22.417511, 69.868945 22.41742, 69.868897 22.417339, 69.868823 22.417276, 69.868732 22.41724, 69.868632 22.417232, 69.868536 22.417255))"
way,321824605,,,,storage_tank,,"POLYGON ((69.870279 22.415798, 69.870196 22.415848, 69.870135 22.415921, 69.870103 22.416008, 69.870103 22.4161, 69.870136 22.416187, 69.870197 22.41626, 69.87028 22.41631, 69.870377 22.416333, 69.870476 22.416325, 69.870568 22.416288, 69.870641 22.416226, 69.870688 22.416144, 69.870705 22.416053, 69.870688 22.415962, 69.87064 22.415881, 69.870566 22.415819, 69.870475 22.415782, 69.870376 22.415775, 69.870279 22.415798))"
way,321863787,,,,storage_tank,,"POLYGON ((69.870076 22.327509, 69.870014 22.327572, 69.869978 22.32765, 69.869972 22.327735, 69.869995 22.327818, 69.870046 22.327888, 69.87012 22.32794, 69.870207 22.327966, 69.870299 22.327966, 69.870386 22.327937, 69.870457 22.327884, 69.870507 22.327812, 69.870528 22.32773, 69.87052 22.327645, 69.870482 22.327568, 69.870419 22.327506, 69.870338 22.327466, 69.870247 22.327453, 69.870156 22.327468, 69.870076 22.327509))"
way,321863835,,,,storage_tank,,"POLYGON ((69.870081 22.326894, 69.870016 22.326955, 69.869975 22.327032, 69.869964 22.327118, 69.869984 22.327202, 69.870032 22.327276, 69.870103 22.327331, 69.87019 22.327362, 69.870283 22.327365, 69.870372 22.32734, 69.870447 22.32729, 69.870501 22.327219, 69.870527 22.327137, 69.870523 22.327051, 69.870488 22.326971, 69.870428 22.326905, 69.870348 22.326862, 69.870257 22.326844, 69.870164 22.326855, 69.870081 22.326894))"
way,321863877,,,,storage_tank,,"POLYGON ((69.870063 22.326373, 69.870015 22.326418, 69.869984 22.326474, 69.869975 22.326537, 69.869989 22.326599, 69.870024 22.326654, 69.870076 22.326695, 69.87014 22.326718, 69.870208 22.326721, 69.870274 22.326704, 69.87033 22.326667, 69.87037 22.326616, 69.87039 22.326555, 69.870388 22.326491, 69.870363 22.326432, 69.870319 22.326384, 69.87026 22.326351, 69.870193 22.326338, 69.870125 22.326345, 69.870063 22.326373))"
way,321863970,,,,storage_tank,,"POLYGON ((69.870013 22.325924, 69.869969 22.325972, 69.869945 22.326031, 69.869943 22.326094, 69.869963 22.326154, 69.870003 22.326204, 69.870059 22.32624, 69.870124 22.326257, 69.870192 22.326254, 69.870255 22.326231, 69.870306 22.32619, 69.87034 22.326135, 69.870354 22.326074, 69.870344 22.326012, 69.870314 22.325956, 69.870266 22.325912, 69.870204 22.325885, 69.870137 22.325878, 69.870071 22.325891, 69.870013 22.325924))"
way,321974584,,,,storage_tank,,"POLYGON ((69.859239 22.333144, 69.859179 22.333204, 69.859143 22.333278, 69.859135 22.333359, 69.859156 22.333438, 69.859204 22.333507, 69.859273 22.333558, 69.859356 22.333584, 69.859444 22.333585, 69.859527 22.333559, 69.859597 22.33351, 69.859646 22.333442, 69.859668 22.333363, 69.859661 22.333282, 69.859627 22.333207, 69.859567 22.333147, 69.85949 22.333107, 69.859404 22.333093, 69.859317 22.333106, 69.859239 22.333144))"
way,321974599,,,,storage_tank,,"POLYGON ((69.860225 22.333249, 69.860189 22.333286, 69.860168 22.333332, 69.860164 22.333381, 69.860178 22.333429, 69.860207 22.333471, 69.86025 22.333501, 69.860301 22.333517, 69.860355 22.333516, 69.860405 22.3335, 69.860448 22.333469, 69.860476 22.333427, 69.860489 22.333379, 69.860484 22.333329, 69.860462 22.333284, 69.860426 22.333248, 69.860378 22.333224, 69.860325 22.333216, 69.860272 22.333225, 69.860225 22.333249))"
way,321974625,,,,storage_tank,,"POLYGON ((69.860245 22.332805, 69.860204 22.332836, 69.860176 22.332877, 69.860165 22.332924, 69.86017 22.332973, 69.860192 22.333016, 69.860229 22.333051, 69.860276 22.333073, 69.860328 22.33308, 69.860379 22.333071, 69.860424 22.333047, 69.860459 22.333011, 69.860479 22.332966, 69.860482 22.332917, 69.860468 22.332871, 69.860438 22.332831, 69.860396 22.332802, 69.860346 22.332787, 69.860294 22.332788, 69.860245 22.332805))"
way,321975755,,,,storage_tank,,"POLYGON ((69.845796 22.331678, 69.845736 22.331727, 69.845697 22.331792, 69.845683 22.331865, 69.845696 22.331939, 69.845733 22.332004, 69.845792 22.332055, 69.845865 22.332086, 69.845945 22.332093, 69.846023 22.332075, 69.84609 22.332035, 69.84614 22.331977, 69.846167 22.331907, 69.846168 22.331833, 69.846143 22.331762, 69.846094 22.331703, 69.846027 22.331662, 69.84595 22.331643, 69.84587 22.331648, 69.845796 22.331678))"
way,321975999,,,,storage_tank,,"POLYGON ((69.845202 22.331369, 69.845186 22.33139, 69.845178 22.331415, 69.845179 22.33144, 69.84519 22.331464, 69.845208 22.331484, 69.845232 22.331497, 69.845259 22.331502, 69.845286 22.331499, 69.845311 22.331488, 69.845331 22.331469, 69.845343 22.331446, 69.845346 22.331421, 69.84534 22.331396, 69.845326 22.331374, 69.845305 22.331357, 69.845279 22.331348, 69.845251 22.331347, 69.845225 22.331354, 69.845202 22.331369))"
way,321976237,,,,storage_tank,,"POLYGON ((69.845221 22.331679, 69.845201 22.331697, 69.845189 22.33172, 69.845185 22.331746, 69.84519 22.331771, 69.845204 22.331793, 69.845226 22.33181, 69.845251 22.33182, 69.845279 22.331821, 69.845306 22.331814, 69.845329 22.331799, 69.845345 22.331778, 69.845354 22.331754, 69.845353 22.331728, 69.845343 22.331704, 69.845325 22.331684, 69.845301 22.331671, 69.845274 22.331665, 69.845246 22.331668, 69.845221 22.331679))"
way,321976249,,,,storage_tank,,"POLYGON ((69.845291 22.332591, 69.845256 22.332624, 69.845235 22.332665, 69.84523 22.33271, 69.84524 22.332755, 69.845266 22.332794, 69.845304 22.332823, 69.84535 22.332839, 69.845399 22.332841, 69.845446 22.332827, 69.845486 22.3328, 69.845515 22.332763, 69.845528 22.332719, 69.845526 22.332673, 69.845507 22.332631, 69.845475 22.332596, 69.845432 22.332574, 69.845384 22.332565, 69.845335 22.332571, 69.845291 22.332591))"
way,321976307,,,,storage_tank,,"POLYGON ((69.845874 22.3326, 69.84584 22.332634, 69.84582 22.332675, 69.845815 22.332721, 69.845826 22.332766, 69.845853 22.332804, 69.845892 22.332833, 69.845939 22.332848, 69.845988 22.332849, 69.846035 22.332834, 69.846075 22.332806, 69.846102 22.332768, 69.846115 22.332724, 69.846111 22.332678, 69.846092 22.332636, 69.846059 22.332602, 69.846015 22.33258, 69.845967 22.332572, 69.845918 22.332579, 69.845874 22.3326))"
way,321976414,,,,storage_tank,,"POLYGON ((69.846072 22.333153, 69.846049 22.333175, 69.846035 22.333202, 69.846031 22.333232, 69.846038 22.333262, 69.846054 22.333288, 69.84608 22.333307, 69.84611 22.333318, 69.846143 22.333319, 69.846174 22.333311, 69.846201 22.333293, 69.84622 22.333268, 69.846229 22.333239, 69.846228 22.333209, 69.846216 22.333181, 69.846194 22.333158, 69.846166 22.333142, 69.846134 22.333136, 69.846101 22.33314, 69.846072 22.333153))"
way,321976482,,,,storage_tank,,"POLYGON ((69.846065 22.333515, 69.846044 22.333539, 69.846033 22.333568, 69.846032 22.3336, 69.846043 22.333629, 69.846063 22.333654, 69.846091 22.333672, 69.846124 22.33368, 69.846157 22.333677, 69.846188 22.333665, 69.846213 22.333644, 69.84623 22.333617, 69.846236 22.333586, 69.846231 22.333556, 69.846215 22.333528, 69.84619 22.333507, 69.84616 22.333494, 69.846126 22.333491, 69.846093 22.333498, 69.846065 22.333515))"
way,321976483,,,,storage_tank,,"POLYGON ((69.845398 22.333371, 69.845372 22.333396, 69.845356 22.333427, 69.845352 22.333462, 69.84536 22.333496, 69.84538 22.333525, 69.845408 22.333547, 69.845444 22.33356, 69.845481 22.333561, 69.845517 22.33355, 69.845548 22.33353, 69.845569 22.333501, 69.845579 22.333468, 69.845577 22.333433, 69.845563 22.333401, 69.845539 22.333374, 69.845506 22.333357, 69.845469 22.33335, 69.845432 22.333355, 69.845398 22.333371))"
way,321976484,,,,storage_tank,,"POLYGON ((69.845207 22.333644, 69.845186 22.333663, 69.845172 22.333688, 69.845167 22.333715, 69.845173 22.333742, 69.845187 22.333767, 69.84521 22.333785, 69.845238 22.333796, 69.845268 22.333798, 69.845297 22.33379, 69.845322 22.333775, 69.84534 22.333752, 69.845349 22.333726, 69.845348 22.333698, 69.845338 22.333672, 69.845319 22.33365, 69.845294 22.333636, 69.845264 22.333629, 69.845235 22.333632, 69.845207 22.333644))"
way,321976505,,,,storage_tank,,"POLYGON ((69.84541 22.333854, 69.845378 22.333877, 69.845355 22.333908, 69.845345 22.333944, 69.845348 22.333982, 69.845364 22.334016, 69.845391 22.334044, 69.845426 22.334062, 69.845466 22.334069, 69.845506 22.334063, 69.845542 22.334045, 69.84557 22.334018, 69.845586 22.333984, 69.84559 22.333947, 69.84558 22.33391, 69.845558 22.333879, 69.845527 22.333855, 69.845489 22.333843, 69.845448 22.333842, 69.84541 22.333854))"
way,322037750,,,industrial,,,"POLYGON ((69.858724 22.343814, 69.858704 22.340737, 69.861893 22.340682, 69.861923 22.343805, 69.858724 22.343814))"
way,322038543,,,,storage_tank,,"POLYGON ((69.860073 22.339756, 69.86006 22.33977, 69.860052 22.339787, 69.860051 22.339805, 69.860056 22.339823, 69.860068 22.339838, 69.860083 22.339849, 69.860102 22.339855, 69.860122 22.339854, 69.860141 22.339848, 69.860156 22.339837, 69.860167 22.339821, 69.860172 22.339803, 69.86017 22.339785, 69.860161 22.339768, 69.860148 22.339755, 69.86013 22.339746, 69.86011 22.339744, 69.860091 22.339747, 69.860073 22.339756))"
way,340400914,,,industrial,,,"POLYGON ((69.834285 22.475097, 69.8357 22.475362, 69.835863 22.475323, 69.835981 22.475209, 69.836089 22.47419, 69.836067 22.473528, 69.835933 22.472879, 69.835872 22.472396, 69.835828 22.471213, 69.835781 22.469414, 69.835646 22.467694, 69.835499 22.465825, 69.835312 22.462015, 69.835263 22.461871, 69.8352 22.461129, 69.834754 22.454579, 69.834651 22.451153, 69.834316 22.451156, 69.834454 22.454619, 69.835414 22.473015, 69.834612 22.47395, 69.834354 22.473989, 69.834331 22.474178, 69.834403 22.474278, 69.834371 22.474439, 69.8343 22.474585, 69.834229 22.474614, 69.834174 22.474746, 69.834285 22.475097))"
way,340401374,,,,storage_tank,,"POLYGON ((69.835154 22.443897, 69.835124 22.443923, 69.835105 22.443956, 69.835099 22.443994, 69.835106 22.444031, 69.835125 22.444064, 69.835156 22.44409, 69.835193 22.444104, 69.835234 22.444107, 69.835273 22.444098, 69.835307 22.444077, 69.835332 22.444047, 69.835345 22.444011, 69.835345 22.443974, 69.835332 22.443938, 69.835306 22.443908, 69.835272 22.443888, 69.835232 22.443879, 69.835192 22.443882, 69.835154 22.443897))"
way,340401375,,,,storage_tank,,"POLYGON ((69.834775 22.443935, 69.834755 22.443971, 69.834749 22.44401, 69.834756 22.444049, 69.834777 22.444084, 69.83481 22.444111, 69.834849 22.444126, 69.834892 22.444129, 69.834934 22.444119, 69.83497 22.444096, 69.834996 22.444064, 69.835009 22.444026, 69.835009 22.443987, 69.834994 22.443949, 69.834967 22.443918, 69.834931 22.443897, 69.834889 22.443887, 69.834846 22.443891, 69.834806 22.443908, 69.834775 22.443935))"
way,340401376,,,,storage_tank,,"POLYGON ((69.834421 22.443975, 69.834407 22.444014, 69.834407 22.444056, 69.834422 22.444096, 69.83445 22.444129, 69.834488 22.444152, 69.834532 22.444162, 69.834578 22.444158, 69.834619 22.444141, 69.834653 22.444113, 69.834674 22.444076, 69.834681 22.444034, 69.834674 22.443993, 69.834652 22.443956, 69.834618 22.443928, 69.834576 22.443911, 69.834531 22.443908, 69.834487 22.443918, 69.834449 22.443941, 69.834421 22.443975))"
way,340401377,,,,storage_tank,,"POLYGON ((69.834959 22.444767, 69.834942 22.444817, 69.834943 22.444869, 69.834963 22.444917, 69.834998 22.444957, 69.835046 22.444984, 69.835101 22.444996, 69.835156 22.44499, 69.835207 22.444968, 69.835248 22.444932, 69.835273 22.444886, 69.835281 22.444835, 69.83527 22.444784, 69.835242 22.444739, 69.8352 22.444705, 69.835148 22.444685, 69.835092 22.444682, 69.835038 22.444696, 69.834992 22.444726, 69.834959 22.444767))"
way,340401378,,,,storage_tank,,"POLYGON ((69.835042 22.445223, 69.835005 22.445268, 69.834986 22.44532, 69.834987 22.445376, 69.835007 22.445428, 69.835045 22.445472, 69.835096 22.445502, 69.835154 22.445515, 69.835214 22.44551, 69.835269 22.445487, 69.835312 22.445449, 69.835341 22.445399, 69.83535 22.445344, 69.835339 22.44529, 69.83531 22.445241, 69.835265 22.445204, 69.83521 22.445182, 69.83515 22.445178, 69.835092 22.445192, 69.835042 22.445223))"
way,391689982,Essar,,,,substation,"POLYGON ((69.854197 22.324748, 69.855534 22.32429, 69.856012 22.325506, 69.854664 22.325977, 69.854197 22.324748))"
way,440206109,Moti Rafudad,,,,substation,"POLYGON ((69.886835 22.233506, 69.887042 22.234114, 69.887687 22.233926, 69.887481 22.233318, 69.886835 22.233506))"
way,466543124,Sikka Thermal Power Station,,,,plant,"POLYGON ((69.822407 22.419509, 69.822391 22.419378, 69.823282 22.41922, 69.823247 22.418984, 69.824019 22.418855, 69.824237 22.418952, 69.825124 22.41859, 69.825626 22.41855, 69.826428 22.417841, 69.833415 22.417241, 69.833657 22.417891, 69.834121 22.417752, 69.834617 22.418446, 69.834676 22.419096, 69.835177 22.419049, 69.835679 22.419535, 69.838369 22.423797, 69.824239 22.424989, 69.823236 22.423772, 69.822099 22.422941, 69.821815 22.422118, 69.821639 22.421047, 69.82177 22.419561, 69.822407 22.419509))"
way,480283110,,,,storage_tank,,"POLYGON ((69.854918 22.330896, 69.85487 22.330883, 69.85482 22.330887, 69.854776 22.330909, 69.854745 22.330944, 69.85473 22.330989, 69.854735 22.331034, 69.854759 22.331075, 69.854797 22.331104, 69.854845 22.331118, 69.854894 22.331114, 69.854938 22.331092, 69.85497 22.331056, 69.854985 22.331012, 69.85498 22.330966, 69.854956 22.330925, 69.854918 22.330896))"
way,480283111,,,,storage_tank,,"POLYGON ((69.855848 22.329896, 69.855792 22.329875, 69.85573 22.329875, 69.855673 22.329897, 69.85563 22.329937, 69.855607 22.32999, 69.855607 22.330047, 69.85563 22.330099, 69.855674 22.330139, 69.855731 22.330161, 69.855793 22.330161, 69.855849 22.330139, 69.855893 22.330098, 69.855916 22.330046, 69.855916 22.329989, 69.855892 22.329936, 69.855848 22.329896))"
way,480283112,,,,storage_tank,,"POLYGON ((69.858498 22.329901, 69.858441 22.329877, 69.858379 22.329876, 69.858321 22.329896, 69.858276 22.329936, 69.858251 22.329988, 69.858249 22.330046, 69.858271 22.3301, 69.858314 22.330141, 69.858371 22.330165, 69.858433 22.330166, 69.858491 22.330146, 69.858536 22.330106, 69.858561 22.330053, 69.858563 22.329996, 69.858541 22.329942, 69.858498 22.329901))"
way,480283710,,,,storage_tank,,"POLYGON ((69.875176 22.324926, 69.875128 22.324905, 69.875073 22.324902, 69.875022 22.324919, 69.874982 22.324953, 69.874959 22.324998, 69.874956 22.325048, 69.874974 22.325095, 69.87501 22.325132, 69.875059 22.325154, 69.875113 22.325157, 69.875164 22.32514, 69.875205 22.325106, 69.875228 22.325061, 69.875231 22.325011, 69.875213 22.324964, 69.875176 22.324926))"
way,480283711,,,,storage_tank,,"POLYGON ((69.874871 22.325132, 69.874821 22.325112, 69.874767 22.32511, 69.874716 22.325127, 69.874676 22.325161, 69.874654 22.325207, 69.874651 22.325257, 69.87467 22.325304, 69.874707 22.325341, 69.874756 22.325362, 69.874811 22.325364, 69.874862 22.325346, 69.874902 22.325312, 69.874924 22.325267, 69.874926 22.325216, 69.874908 22.325169, 69.874871 22.325132))"
way,480283712,,,,storage_tank,,"POLYGON ((69.875202 22.325348, 69.875152 22.325325, 69.875097 22.325322, 69.875044 22.325338, 69.875002 22.325372, 69.874977 22.325418, 69.874974 22.325469, 69.874991 22.325518, 69.875028 22.325557, 69.875077 22.32558, 69.875133 22.325583, 69.875186 22.325567, 69.875228 22.325533, 69.875252 22.325487, 69.875256 22.325436, 69.875238 22.325387, 69.875202 22.325348))"
way,480283713,,,,storage_tank,,"POLYGON ((69.874911 22.32556, 69.87486 22.325536, 69.874803 22.325532, 69.874748 22.325548, 69.874704 22.325583, 69.874678 22.32563, 69.874674 22.325683, 69.874691 22.325733, 69.874728 22.325774, 69.87478 22.325798, 69.874837 22.325802, 69.874891 22.325786, 69.874935 22.325752, 69.874961 22.325704, 69.874966 22.325651, 69.874948 22.325601, 69.874911 22.32556))"
way,480283724,,,,storage_tank,,"POLYGON ((69.856912 22.335019, 69.856883 22.335011, 69.856853 22.335014, 69.856826 22.335027, 69.856807 22.335049, 69.856798 22.335076, 69.856801 22.335104, 69.856816 22.335129, 69.85684 22.335147, 69.856869 22.335155, 69.856899 22.335152, 69.856926 22.335138, 69.856945 22.335116, 69.856953 22.335089, 69.85695 22.335061, 69.856936 22.335037, 69.856912 22.335019))"
way,480283725,,,,storage_tank,,"POLYGON ((69.852999 22.332813, 69.852977 22.332808, 69.852954 22.332811, 69.852935 22.332821, 69.852921 22.332838, 69.852915 22.332858, 69.852918 22.332879, 69.85293 22.332897, 69.852948 22.33291, 69.85297 22.332915, 69.852992 22.332913, 69.853012 22.332902, 69.853026 22.332885, 69.853031 22.332865, 69.853028 22.332844, 69.853017 22.332826, 69.852999 22.332813))"
way,480735666,,cooling,,,,"POLYGON ((69.706613 22.30283, 69.706486 22.302869, 69.707028 22.304393, 69.707155 22.304354, 69.706613 22.30283))"
way,480735670,,cooling,,,,"POLYGON ((69.707332 22.301209, 69.707879 22.302722, 69.708027 22.302677, 69.70748 22.301163, 69.707332 22.301209))"
way,480735672,,cooling,,,,"POLYGON ((69.708362 22.300005, 69.708925 22.301521, 69.709069 22.301476, 69.708505 22.299959, 69.708362 22.300005))"
way,480735676,,cooling,,,,"POLYGON ((69.710105 22.30028, 69.709572 22.298806, 69.709422 22.298853, 69.709956 22.300327, 69.710105 22.30028))"
way,480924465,,,,storage_tank,,"POLYGON ((69.7653 22.333324, 69.76522 22.333239, 69.765111 22.33319, 69.76499 22.333182, 69.764875 22.333218, 69.764783 22.333292, 69.76473 22.333393, 69.764722 22.333505, 69.764761 22.333612, 69.764841 22.333696, 69.76495 22.333746, 69.765071 22.333753, 69.765186 22.333717, 69.765277 22.333643, 69.765331 22.333542, 69.765339 22.33343, 69.7653 22.333324))"
way,480924466,,,,storage_tank,,"POLYGON ((69.763846 22.335376, 69.763762 22.33529, 69.763649 22.33524, 69.763524 22.335235, 69.763406 22.335274, 69.763314 22.335352, 69.76326 22.335456, 69.763254 22.335572, 69.763296 22.335681, 69.76338 22.335766, 69.763493 22.335816, 69.763618 22.335822, 69.763736 22.335782, 69.763829 22.335705, 69.763882 22.3356, 69.763888 22.335484, 69.763846 22.335376))"
way,480924467,,,,storage_tank,,"POLYGON ((69.765123 22.334758, 69.765052 22.334668, 69.76495 22.334609, 69.764831 22.334592, 69.764714 22.334618, 69.764616 22.334683, 69.764553 22.334778, 69.764534 22.334888, 69.764562 22.334996, 69.764633 22.335086, 69.764735 22.335144, 69.764854 22.335162, 69.764971 22.335136, 69.765069 22.335071, 69.765132 22.334976, 69.765151 22.334866, 69.765123 22.334758))"
way,480924468,,,,storage_tank,,"POLYGON ((69.76542 22.33639, 69.765335 22.336315, 69.765225 22.336275, 69.765106 22.336278, 69.764998 22.336322, 69.764916 22.336401, 69.764874 22.336503, 69.764876 22.336613, 69.764924 22.336713, 69.76501 22.336788, 69.76512 22.336828, 69.765239 22.336825, 69.765347 22.336781, 69.765428 22.336702, 69.765471 22.3366, 69.765468 22.33649, 69.76542 22.33639))"
way,480924469,,,,storage_tank,,"POLYGON ((69.766756 22.335787, 69.766687 22.335695, 69.766584 22.335634, 69.766465 22.335614, 69.766346 22.335638, 69.766246 22.335703, 69.76618 22.335798, 69.766159 22.335908, 69.766185 22.336018, 69.766254 22.33611, 69.766357 22.336171, 69.766476 22.336191, 69.766595 22.336167, 69.766695 22.336103, 69.766761 22.336008, 69.766782 22.335897, 69.766756 22.335787))"
way,480924572,,,,storage_tank,,"POLYGON ((69.762969 22.333429, 69.762928 22.333387, 69.762873 22.333363, 69.762812 22.33336, 69.762755 22.333379, 69.76271 22.333417, 69.762684 22.333468, 69.76268 22.333524, 69.762701 22.333577, 69.762742 22.333619, 69.762796 22.333643, 69.762857 22.333646, 69.762915 22.333627, 69.76296 22.333589, 69.762986 22.333539, 69.762989 22.333482, 69.762969 22.333429))"
way,480924573,,,,storage_tank,,"POLYGON ((69.762721 22.333786, 69.76268 22.333745, 69.762625 22.33372, 69.762564 22.333717, 69.762507 22.333736, 69.762462 22.333774, 69.762436 22.333825, 69.762432 22.333881, 69.762453 22.333934, 69.762493 22.333976, 69.762548 22.334, 69.762609 22.334003, 69.762667 22.333984, 69.762712 22.333947, 69.762738 22.333896, 69.762741 22.33384, 69.762721 22.333786))"
way,480924574,,,,storage_tank,,"POLYGON ((69.762478 22.33413, 69.762437 22.334088, 69.762382 22.334064, 69.762322 22.334061, 69.762264 22.33408, 69.762219 22.334118, 69.762193 22.334168, 69.76219 22.334225, 69.76221 22.334278, 69.762251 22.33432, 69.762306 22.334344, 69.762366 22.334347, 69.762424 22.334328, 69.762469 22.33429, 69.762495 22.334239, 69.762498 22.334183, 69.762478 22.33413))"
way,480924575,,,,storage_tank,,"POLYGON ((69.762186 22.334499, 69.762145 22.334457, 69.76209 22.334433, 69.762029 22.33443, 69.761972 22.334449, 69.761927 22.334487, 69.7619 22.334537, 69.761897 22.334594, 69.761918 22.334647, 69.761958 22.334689, 69.762013 22.334713, 69.762074 22.334716, 69.762132 22.334697, 69.762177 22.334659, 69.762203 22.334608, 69.762206 22.334552, 69.762186 22.334499))"
way,480924669,,,,storage_tank,,"POLYGON ((69.761568 22.331986, 69.761497 22.331934, 69.76141 22.331912, 69.76132 22.331922, 69.761242 22.331962, 69.761186 22.332028, 69.761161 22.332108, 69.761172 22.332191, 69.761216 22.332264, 69.761287 22.332315, 69.761374 22.332338, 69.761463 22.332328, 69.761542 22.332287, 69.761598 22.332222, 69.761622 22.332142, 69.761612 22.332059, 69.761568 22.331986))"
way,480924670,,,,storage_tank,,"POLYGON ((69.760983 22.332829, 69.760912 22.332778, 69.760825 22.332755, 69.760736 22.332765, 69.760657 22.332806, 69.760601 22.332871, 69.760577 22.332952, 69.760587 22.333034, 69.760632 22.333107, 69.760702 22.333159, 69.760789 22.333182, 69.760879 22.333172, 69.760957 22.333131, 69.761013 22.333065, 69.761038 22.332985, 69.761027 22.332902, 69.760983 22.332829))"
way,480924671,,,,storage_tank,,"POLYGON ((69.760542 22.33338, 69.760471 22.333329, 69.760384 22.333306, 69.760294 22.333316, 69.760216 22.333357, 69.76016 22.333422, 69.760136 22.333502, 69.760146 22.333585, 69.76019 22.333658, 69.760261 22.33371, 69.760348 22.333732, 69.760438 22.333722, 69.760516 22.333682, 69.760572 22.333616, 69.760596 22.333536, 69.760586 22.333453, 69.760542 22.33338))"
way,480924673,,,,storage_tank,,"POLYGON ((69.76035 22.331228, 69.760279 22.331176, 69.760192 22.331154, 69.760103 22.331164, 69.760024 22.331204, 69.759968 22.33127, 69.759944 22.33135, 69.759954 22.331433, 69.759998 22.331506, 69.760069 22.331557, 69.760156 22.33158, 69.760246 22.33157, 69.760324 22.331529, 69.76038 22.331464, 69.760405 22.331384, 69.760394 22.331301, 69.76035 22.331228))"
way,480924674,,,,storage_tank,,"POLYGON ((69.76075 22.330667, 69.760679 22.330616, 69.760592 22.330593, 69.760502 22.330603, 69.760424 22.330644, 69.760368 22.330709, 69.760343 22.33079, 69.760354 22.330872, 69.760398 22.330945, 69.760469 22.330997, 69.760556 22.331019, 69.760645 22.33101, 69.760724 22.330969, 69.76078 22.330903, 69.760804 22.330823, 69.760794 22.33074, 69.76075 22.330667))"
way,480924675,,,,storage_tank,,"POLYGON ((69.761978 22.331402, 69.761907 22.33135, 69.76182 22.331327, 69.761731 22.331337, 69.761652 22.331378, 69.761596 22.331444, 69.761572 22.331524, 69.761582 22.331607, 69.761627 22.33168, 69.761697 22.331731, 69.761784 22.331754, 69.761874 22.331744, 69.761952 22.331703, 69.762008 22.331638, 69.762033 22.331557, 69.762022 22.331474, 69.761978 22.331402))"
way,480924755,,,,storage_tank,,"POLYGON ((69.758078 22.331851, 69.758007 22.331799, 69.75792 22.331776, 69.757831 22.331786, 69.757752 22.331827, 69.757696 22.331893, 69.757672 22.331973, 69.757682 22.332056, 69.757727 22.332128, 69.757798 22.33218, 69.757884 22.332203, 69.757974 22.332193, 69.758052 22.332152, 69.758108 22.332087, 69.758133 22.332006, 69.758122 22.331923, 69.758078 22.331851))"
way,480924756,,,,storage_tank,,"POLYGON ((69.759344 22.332657, 69.759273 22.332605, 69.759186 22.332583, 69.759097 22.332593, 69.759018 22.332633, 69.758962 22.332699, 69.758938 22.332779, 69.758948 22.332862, 69.758993 22.332935, 69.759064 22.332986, 69.75915 22.333009, 69.75924 22.332999, 69.759318 22.332958, 69.759374 22.332893, 69.759399 22.332813, 69.759388 22.33273, 69.759344 22.332657))"
way,480924757,,,,storage_tank,,"POLYGON ((69.759738 22.332074, 69.759667 22.332022, 69.759581 22.332, 69.759491 22.33201, 69.759412 22.33205, 69.759357 22.332116, 69.759332 22.332196, 69.759343 22.332279, 69.759387 22.332352, 69.759458 22.332404, 69.759545 22.332426, 69.759634 22.332416, 69.759713 22.332375, 69.759769 22.33231, 69.759793 22.33223, 69.759782 22.332147, 69.759738 22.332074))"
way,480924763,,,,storage_tank,,"POLYGON ((69.759502 22.329873, 69.759431 22.329822, 69.759345 22.329799, 69.759255 22.329809, 69.759176 22.32985, 69.759121 22.329915, 69.759096 22.329996, 69.759107 22.330078, 69.759151 22.330151, 69.759222 22.330203, 69.759308 22.330225, 69.759398 22.330216, 69.759477 22.330175, 69.759533 22.330109, 69.759557 22.330029, 69.759546 22.329946, 69.759502 22.329873))"
way,480924764,,,,storage_tank,,"POLYGON ((69.759092 22.330461, 69.759021 22.33041, 69.758934 22.330387, 69.758845 22.330397, 69.758766 22.330438, 69.75871 22.330503, 69.758686 22.330584, 69.758696 22.330666, 69.75874 22.330739, 69.758811 22.330791, 69.758898 22.330813, 69.758988 22.330804, 69.759066 22.330763, 69.759122 22.330697, 69.759147 22.330617, 69.759136 22.330534, 69.759092 22.330461))"
way,480924765,,,,storage_tank,,"POLYGON ((69.758496 22.33128, 69.758426 22.331228, 69.758339 22.331206, 69.758249 22.331216, 69.75817 22.331256, 69.758115 22.331322, 69.75809 22.331402, 69.758101 22.331485, 69.758145 22.331558, 69.758216 22.33161, 69.758303 22.331632, 69.758392 22.331622, 69.758471 22.331582, 69.758527 22.331516, 69.758551 22.331436, 69.75854 22.331353, 69.758496 22.33128))"
way,480924870,,,,storage_tank,,"POLYGON ((69.757036 22.33097, 69.756965 22.330918, 69.756878 22.330895, 69.756789 22.330905, 69.75671 22.330946, 69.756654 22.331012, 69.75663 22.331092, 69.75664 22.331175, 69.756685 22.331248, 69.756755 22.331299, 69.756842 22.331322, 69.756932 22.331312, 69.75701 22.331271, 69.757066 22.331206, 69.757091 22.331125, 69.75708 22.331042, 69.757036 22.33097))"
way,480924871,,,,storage_tank,,"POLYGON ((69.757393 22.330454, 69.757322 22.330402, 69.757235 22.330379, 69.757146 22.330389, 69.757067 22.33043, 69.757011 22.330496, 69.756987 22.330576, 69.756997 22.330659, 69.757041 22.330731, 69.757112 22.330783, 69.757199 22.330806, 69.757288 22.330796, 69.757367 22.330755, 69.757423 22.330689, 69.757447 22.330609, 69.757437 22.330526, 69.757393 22.330454))"
way,481164228,,,,storage_tank,,"POLYGON ((69.722022 22.382935, 69.721967 22.382802, 69.721861 22.382699, 69.72172 22.382641, 69.721566 22.382638, 69.721423 22.382689, 69.721311 22.382787, 69.721248 22.382917, 69.721245 22.383059, 69.7213 22.383192, 69.721406 22.383295, 69.721547 22.383353, 69.7217 22.383357, 69.721844 22.383306, 69.721956 22.383208, 69.722018 22.383078, 69.722022 22.382935))"
way,481164230,,,,storage_tank,,"POLYGON ((69.71889 22.380658, 69.718819 22.380509, 69.718692 22.380395, 69.718527 22.380336, 69.71835 22.380338, 69.718188 22.380404, 69.718066 22.380522, 69.718001 22.380674, 69.718004 22.380837, 69.718075 22.380987, 69.718202 22.3811, 69.718367 22.38116, 69.718544 22.381157, 69.718706 22.381092, 69.718828 22.380974, 69.718893 22.380822, 69.71889 22.380658))"
way,481164233,,,,storage_tank,,"POLYGON ((69.718278 22.382459, 69.718208 22.38231, 69.718081 22.382198, 69.717917 22.382138, 69.717742 22.382142, 69.717581 22.382207, 69.717459 22.382324, 69.717395 22.382475, 69.717398 22.382638, 69.717469 22.382786, 69.717595 22.382899, 69.717759 22.382958, 69.717935 22.382955, 69.718096 22.38289, 69.718218 22.382773, 69.718282 22.382622, 69.718278 22.382459))"
way,481165430,,,,storage_tank,,"POLYGON ((69.725482 22.379761, 69.725388 22.379652, 69.725255 22.379585, 69.725104 22.37957, 69.724959 22.379609, 69.724842 22.379697, 69.724769 22.37982, 69.724753 22.379959, 69.724796 22.380093, 69.724891 22.380202, 69.725024 22.380269, 69.725174 22.380284, 69.725319 22.380244, 69.725437 22.380156, 69.725509 22.380034, 69.725525 22.379895, 69.725482 22.379761))"
way,481165433,,,,storage_tank,,"POLYGON ((69.724351 22.381219, 69.724254 22.381106, 69.724117 22.381035, 69.723962 22.381018, 69.723811 22.381058, 69.723689 22.381147, 69.723613 22.381274, 69.723594 22.381417, 69.723637 22.381556, 69.723734 22.38167, 69.723871 22.38174, 69.724026 22.381757, 69.724176 22.381718, 69.724299 22.381628, 69.724375 22.381502, 69.724393 22.381358, 69.724351 22.381219))"
way,481165436,,,,storage_tank,,"POLYGON ((69.72221 22.380053, 69.722144 22.379925, 69.72203 22.37983, 69.721886 22.379783, 69.721733 22.37979, 69.721594 22.379851, 69.721492 22.379957, 69.72144 22.38009, 69.721448 22.380232, 69.721514 22.38036, 69.721628 22.380455, 69.721773 22.380502, 69.721926 22.380495, 69.722064 22.380434, 69.722167 22.380328, 69.722218 22.380195, 69.72221 22.380053))"
way,481232773,,,,storage_tank,,"POLYGON ((69.724216 22.383216, 69.724108 22.383112, 69.723965 22.383055, 69.723809 22.383053, 69.723664 22.383106, 69.723552 22.383207, 69.72349 22.383339, 69.723488 22.383483, 69.723546 22.383617, 69.723655 22.383721, 69.723798 22.383778, 69.723954 22.38378, 69.724098 22.383726, 69.72421 22.383626, 69.724272 22.383494, 69.724274 22.383349, 69.724216 22.383216))"
way,481232774,,,,storage_tank,,"POLYGON ((69.724023 22.385706, 69.723906 22.385618, 69.723762 22.385579, 69.723613 22.385594, 69.723482 22.385661, 69.723387 22.385769, 69.723345 22.385902, 69.723361 22.38604, 69.723433 22.386162, 69.72355 22.386249, 69.723694 22.386288, 69.723843 22.386273, 69.723975 22.386206, 69.724069 22.386098, 69.724111 22.385965, 69.724095 22.385827, 69.724023 22.385706))"
way,481232775,,,,storage_tank,,"POLYGON ((69.721781 22.385606, 69.721692 22.38549, 69.721561 22.385413, 69.721409 22.385389, 69.721258 22.38542, 69.721132 22.385503, 69.721049 22.385624, 69.721023 22.385764, 69.721057 22.385904, 69.721146 22.386021, 69.721277 22.386097, 69.721429 22.386121, 69.72158 22.38609, 69.721706 22.386007, 69.721789 22.385887, 69.721815 22.385746, 69.721781 22.385606))"
way,481233020,,,,storage_tank,,"POLYGON ((69.723865 22.387762, 69.723753 22.387665, 69.72361 22.387616, 69.723457 22.387621, 69.723318 22.38768, 69.723214 22.387783, 69.72316 22.387916, 69.723166 22.388057, 69.723229 22.388186, 69.723341 22.388282, 69.723485 22.388331, 69.723638 22.388326, 69.723777 22.388267, 69.723881 22.388164, 69.723934 22.388031, 69.723929 22.38789, 69.723865 22.387762))"
way,481233021,,,,storage_tank,,"POLYGON ((69.721784 22.38858, 69.721704 22.388456, 69.721579 22.388371, 69.721428 22.388336, 69.721274 22.388357, 69.721141 22.38843, 69.721048 22.388546, 69.72101 22.388686, 69.721033 22.388828, 69.721113 22.388951, 69.721238 22.389037, 69.721388 22.389072, 69.721542 22.389051, 69.721676 22.388977, 69.721768 22.388862, 69.721806 22.388722, 69.721784 22.38858))"
way,481421407,BORD's crude oil terminal,,industrial,,,"POLYGON ((69.732504 22.408177, 69.733749 22.411906, 69.734049 22.413632, 69.734924 22.414966, 69.737413 22.414996, 69.737477 22.413716, 69.739408 22.412477, 69.741662 22.411822, 69.74164 22.40834, 69.74135 22.406446, 69.74135 22.404442, 69.741548 22.403409, 69.74171 22.402484, 69.741672 22.401596, 69.741654 22.400147, 69.740589 22.398211, 69.737617 22.401734, 69.735814 22.403718, 69.734055 22.406228, 69.73355 22.406386, 69.732504 22.408177))"
way,481421627,,,,storage_tank,,"POLYGON ((69.73529 22.410854, 69.735214 22.410757, 69.735104 22.410694, 69.734976 22.410675, 69.73485 22.410702, 69.734745 22.410772, 69.734677 22.410874, 69.734657 22.410993, 69.734686 22.411109, 69.734762 22.411206, 69.734872 22.411269, 69.735 22.411288, 69.735126 22.41126, 69.735231 22.41119, 69.735299 22.411088, 69.73532 22.41097, 69.73529 22.410854))"
way,481421629,,,,storage_tank,,"POLYGON ((69.736701 22.412706, 69.736634 22.412599, 69.736528 22.412524, 69.7364 22.412493, 69.736268 22.412509, 69.736152 22.41257, 69.736071 22.412668, 69.736037 22.412787, 69.736054 22.412909, 69.736121 22.413016, 69.736227 22.413091, 69.736356 22.413123, 69.736488 22.413106, 69.736603 22.413045, 69.736684 22.412947, 69.736718 22.412828, 69.736701 22.412706))"
way,481421630,,,,storage_tank,,"POLYGON ((69.735298 22.412661, 69.735211 22.412569, 69.735092 22.412515, 69.734961 22.412507, 69.734835 22.412546, 69.734736 22.412626, 69.734677 22.412736, 69.734668 22.412858, 69.734711 22.412974, 69.734798 22.413066, 69.734916 22.41312, 69.735048 22.413128, 69.735173 22.413089, 69.735273 22.413009, 69.735332 22.412899, 69.73534 22.412777, 69.735298 22.412661))"
way,481422333,,,,storage_tank,,"POLYGON ((69.736654 22.40904, 69.736574 22.408943, 69.736459 22.408882, 69.736328 22.408866, 69.7362 22.408898, 69.736095 22.408972, 69.736028 22.409078, 69.736011 22.4092, 69.736046 22.409318, 69.736126 22.409415, 69.736241 22.409476, 69.736372 22.409492, 69.7365 22.409461, 69.736605 22.409386, 69.736671 22.40928, 69.736689 22.409158, 69.736654 22.40904))"
way,481422334,,,,storage_tank,,"POLYGON ((69.735289 22.40905, 69.735212 22.408953, 69.735101 22.408891, 69.734973 22.408873, 69.734847 22.408901, 69.734742 22.408972, 69.734674 22.409075, 69.734655 22.409194, 69.734686 22.409311, 69.734762 22.409407, 69.734874 22.40947, 69.735002 22.409488, 69.735128 22.409459, 69.735233 22.409388, 69.7353 22.409286, 69.73532 22.409167, 69.735289 22.40905))"
way,481422335,,,,storage_tank,,"POLYGON ((69.736636 22.410808, 69.736555 22.410713, 69.736442 22.410653, 69.736312 22.410638, 69.736186 22.410671, 69.736083 22.410745, 69.736019 22.41085, 69.736003 22.41097, 69.736038 22.411086, 69.736118 22.411181, 69.736231 22.411241, 69.736361 22.411256, 69.736487 22.411224, 69.73659 22.411149, 69.736654 22.411044, 69.73667 22.410925, 69.736636 22.410808))"
way,481422382,,,,storage_tank,,"POLYGON ((69.738717 22.409008, 69.738646 22.408902, 69.738537 22.408829, 69.738406 22.408801, 69.738273 22.408821, 69.738159 22.408886, 69.73808 22.408987, 69.738049 22.409108, 69.738071 22.409231, 69.738141 22.409337, 69.738251 22.40941, 69.738382 22.409438, 69.738514 22.409418, 69.738629 22.409353, 69.738708 22.409252, 69.738739 22.409131, 69.738717 22.409008))"
way,481422383,,,,storage_tank,,"POLYGON ((69.738701 22.410243, 69.73862 22.410144, 69.738504 22.410082, 69.738372 22.410065, 69.738242 22.410097, 69.738136 22.410171, 69.738068 22.410278, 69.73805 22.410401, 69.738084 22.410521, 69.738165 22.410619, 69.73828 22.410682, 69.738413 22.410698, 69.738543 22.410667, 69.738649 22.410592, 69.738717 22.410485, 69.738735 22.410363, 69.738701 22.410243))"
way,481422734,,,,storage_tank,,"POLYGON ((69.727679 22.420854, 69.727584 22.420743, 69.727449 22.420674, 69.727296 22.420657, 69.727149 22.420696, 69.727028 22.420784, 69.726953 22.420908, 69.726936 22.42105, 69.726978 22.421186, 69.727073 22.421298, 69.727208 22.421367, 69.72736 22.421383, 69.727508 22.421344, 69.727629 22.421256, 69.727703 22.421132, 69.727721 22.420991, 69.727679 22.420854))"
way,481422750,,,,storage_tank,,"POLYGON ((69.731007 22.420395, 69.730905 22.420288, 69.730766 22.420225, 69.730612 22.420216, 69.730465 22.420262, 69.730349 22.420356, 69.73028 22.420484, 69.73027 22.420627, 69.73032 22.420762, 69.730422 22.42087, 69.730561 22.420933, 69.730716 22.420942, 69.730862 22.420896, 69.730978 22.420802, 69.731047 22.420674, 69.731057 22.420531, 69.731007 22.420395))"
way,481422751,,,,storage_tank,,"POLYGON ((69.732453 22.420921, 69.732348 22.420815, 69.732207 22.420754, 69.732052 22.420748, 69.731906 22.420797, 69.731791 22.420894, 69.731725 22.421024, 69.731718 22.421168, 69.731771 22.421303, 69.731876 22.421409, 69.732017 22.42147, 69.732172 22.421476, 69.732319 22.421427, 69.732433 22.42133, 69.732499 22.4212, 69.732506 22.421056, 69.732453 22.420921))"
way,481422752,,,,storage_tank,,"POLYGON ((69.731206 22.421935, 69.731112 22.421824, 69.73098 22.421754, 69.730828 22.421736, 69.730681 22.421773, 69.73056 22.421859, 69.730485 22.421981, 69.730465 22.422121, 69.730505 22.422257, 69.730599 22.422369, 69.730731 22.422439, 69.730882 22.422457, 69.73103 22.42242, 69.73115 22.422334, 69.731226 22.422211, 69.731246 22.422071, 69.731206 22.421935))"
way,481422942,,,,storage_tank,,"POLYGON ((69.731241 22.417208, 69.731133 22.417106, 69.730991 22.41705, 69.730836 22.417048, 69.730692 22.417101, 69.730582 22.417201, 69.730521 22.417333, 69.73052 22.417476, 69.730577 22.417608, 69.730685 22.417711, 69.730828 22.417767, 69.730982 22.417768, 69.731126 22.417715, 69.731236 22.417615, 69.731297 22.417484, 69.731299 22.417341, 69.731241 22.417208))"
way,481422943,,,,storage_tank,,"POLYGON ((69.729508 22.417533, 69.729399 22.417431, 69.729257 22.417375, 69.729103 22.417374, 69.728959 22.417427, 69.728848 22.417527, 69.728788 22.417658, 69.728786 22.417801, 69.728844 22.417934, 69.728952 22.418036, 69.729094 22.418092, 69.729249 22.418094, 69.729392 22.41804, 69.729503 22.41794, 69.729564 22.417809, 69.729565 22.417666, 69.729508 22.417533))"
way,481422944,,,,storage_tank,,"POLYGON ((69.727522 22.417796, 69.727414 22.417694, 69.727272 22.417637, 69.727117 22.417636, 69.726974 22.417689, 69.726863 22.417789, 69.726802 22.41792, 69.726801 22.418063, 69.726858 22.418196, 69.726966 22.418298, 69.727109 22.418354, 69.727263 22.418356, 69.727407 22.418303, 69.727517 22.418203, 69.727578 22.418071, 69.72758 22.417928, 69.727522 22.417796))"
way,481422945,,,,storage_tank,,"POLYGON ((69.728526 22.419624, 69.72845 22.419502, 69.72833 22.419417, 69.728183 22.419381, 69.728033 22.4194, 69.727902 22.41947, 69.72781 22.419581, 69.727771 22.419717, 69.727791 22.419856, 69.727867 22.419977, 69.727987 22.420062, 69.728134 22.420098, 69.728284 22.420079, 69.728415 22.420009, 69.728507 22.419898, 69.728546 22.419762, 69.728526 22.419624))"
way,481422985,,,,storage_tank,,"POLYGON ((69.728917 22.414694, 69.728809 22.414592, 69.728666 22.414536, 69.728512 22.414534, 69.728368 22.414587, 69.728258 22.414687, 69.728197 22.414819, 69.728195 22.414962, 69.728253 22.415094, 69.728361 22.415196, 69.728503 22.415253, 69.728658 22.415254, 69.728802 22.415201, 69.728912 22.415101, 69.728973 22.41497, 69.728974 22.414826, 69.728917 22.414694))"
way,481422986,,,,storage_tank,,"POLYGON ((69.730963 22.415787, 69.730855 22.415685, 69.730713 22.415629, 69.730558 22.415627, 69.730415 22.415681, 69.730304 22.415781, 69.730244 22.415912, 69.730242 22.416055, 69.7303 22.416188, 69.730408 22.41629, 69.73055 22.416346, 69.730705 22.416348, 69.730848 22.416294, 69.730959 22.416194, 69.731019 22.416063, 69.731021 22.41592, 69.730963 22.415787))"
way,481422987,,,,storage_tank,,"POLYGON ((69.729244 22.416102, 69.729136 22.416, 69.728994 22.415944, 69.728839 22.415942, 69.728696 22.415996, 69.728585 22.416096, 69.728524 22.416227, 69.728523 22.41637, 69.72858 22.416503, 69.728688 22.416605, 69.728831 22.416661, 69.728985 22.416662, 69.729129 22.416609, 69.729239 22.416509, 69.7293 22.416378, 69.729302 22.416235, 69.729244 22.416102))"
way,481423034,,,,storage_tank,,"POLYGON ((69.730341 22.412936, 69.730233 22.412834, 69.730091 22.412777, 69.729936 22.412776, 69.729792 22.412829, 69.729682 22.412929, 69.729621 22.413061, 69.72962 22.413204, 69.729677 22.413336, 69.729785 22.413438, 69.729928 22.413495, 69.730082 22.413496, 69.730226 22.413443, 69.730336 22.413343, 69.730397 22.413211, 69.730399 22.413068, 69.730341 22.412936))"
way,481423035,,,,storage_tank,,"POLYGON ((69.728598 22.413251, 69.72849 22.413148, 69.728347 22.413092, 69.728193 22.413091, 69.728049 22.413144, 69.727939 22.413244, 69.727878 22.413376, 69.727876 22.413518, 69.727934 22.413651, 69.728042 22.413753, 69.728184 22.41381, 69.728339 22.413811, 69.728482 22.413758, 69.728593 22.413658, 69.728654 22.413526, 69.728655 22.413383, 69.728598 22.413251))"
way,481423036,,,,storage_tank,,"POLYGON ((69.730647 22.414356, 69.730539 22.414254, 69.730396 22.414198, 69.730242 22.414197, 69.730098 22.41425, 69.729988 22.41435, 69.729927 22.414481, 69.729925 22.414624, 69.729983 22.414757, 69.730091 22.414859, 69.730233 22.414915, 69.730388 22.414917, 69.730532 22.414864, 69.730642 22.414764, 69.730703 22.414632, 69.730704 22.414489, 69.730647 22.414356))"
way,481423126,,,,storage_tank,,"POLYGON ((69.728315 22.411842, 69.728207 22.41174, 69.728065 22.411683, 69.72791 22.411682, 69.727767 22.411735, 69.727656 22.411835, 69.727596 22.411966, 69.727594 22.412109, 69.727652 22.412242, 69.72776 22.412344, 69.727902 22.4124, 69.728056 22.412402, 69.7282 22.412349, 69.728311 22.412249, 69.728371 22.412117, 69.728373 22.411974, 69.728315 22.411842))"
way,481423127,,,,storage_tank,,"POLYGON ((69.726656 22.413207, 69.726548 22.413104, 69.726406 22.413048, 69.726251 22.413047, 69.726108 22.4131, 69.725997 22.4132, 69.725937 22.413332, 69.725935 22.413474, 69.725993 22.413607, 69.726101 22.413709, 69.726243 22.413765, 69.726398 22.413767, 69.726541 22.413714, 69.726652 22.413614, 69.726712 22.413482, 69.726714 22.413339, 69.726656 22.413207))"
way,481423128,,,,storage_tank,,"POLYGON ((69.727108 22.415583, 69.727 22.41548, 69.726857 22.415424, 69.726703 22.415423, 69.726559 22.415476, 69.726449 22.415576, 69.726388 22.415708, 69.726386 22.41585, 69.726444 22.415983, 69.726552 22.416085, 69.726694 22.416142, 69.726849 22.416143, 69.726992 22.41609, 69.727103 22.41599, 69.727164 22.415858, 69.727165 22.415715, 69.727108 22.415583))"
way,481423134,,,,storage_tank,,"POLYGON ((69.727299 22.410138, 69.72725 22.410103, 69.72719 22.410088, 69.727128 22.410096, 69.727075 22.410124, 69.727037 22.41017, 69.727021 22.410225, 69.727029 22.410282, 69.72706 22.410332, 69.727109 22.410366, 69.727169 22.410381, 69.72723 22.410374, 69.727284 22.410345, 69.727322 22.4103, 69.727338 22.410244, 69.72733 22.410188, 69.727299 22.410138))"
way,481423135,,,,storage_tank,,"POLYGON ((69.727371 22.410515, 69.727322 22.41048, 69.727262 22.410465, 69.727201 22.410473, 69.727147 22.410501, 69.72711 22.410547, 69.727094 22.410602, 69.727102 22.410659, 69.727132 22.410708, 69.727182 22.410743, 69.727241 22.410758, 69.727303 22.410751, 69.727356 22.410722, 69.727394 22.410677, 69.72741 22.410621, 69.727402 22.410565, 69.727371 22.410515))"
way,481423136,,,,storage_tank,,"POLYGON ((69.727461 22.410891, 69.727412 22.410856, 69.727352 22.410841, 69.727291 22.410848, 69.727237 22.410877, 69.727199 22.410922, 69.727183 22.410978, 69.727191 22.411034, 69.727222 22.411084, 69.727272 22.411119, 69.727331 22.411134, 69.727393 22.411126, 69.727446 22.411098, 69.727484 22.411052, 69.7275 22.410997, 69.727492 22.41094, 69.727461 22.410891))"
way,481423137,,,,storage_tank,,"POLYGON ((69.730053 22.411549, 69.729945 22.411447, 69.729803 22.411391, 69.729648 22.411389, 69.729505 22.411442, 69.729394 22.411542, 69.729334 22.411674, 69.729332 22.411817, 69.72939 22.41195, 69.729498 22.412052, 69.72964 22.412108, 69.729795 22.412109, 69.729938 22.412056, 69.730049 22.411956, 69.730109 22.411825, 69.730111 22.411682, 69.730053 22.411549))"
way,481645889,,,,storage_tank,,"POLYGON ((69.756469 22.334404, 69.756372 22.334333, 69.756253 22.334302, 69.75613 22.334315, 69.756022 22.334371, 69.755945 22.33446, 69.755912 22.33457, 69.755926 22.334684, 69.755986 22.334784, 69.756083 22.334855, 69.756202 22.334886, 69.756324 22.334873, 69.756432 22.334817, 69.756509 22.334728, 69.756543 22.334618, 69.756529 22.334504, 69.756469 22.334404))"
way,481645891,,,,storage_tank,,"POLYGON ((69.758641 22.334218, 69.758544 22.334147, 69.758426 22.334116, 69.758303 22.334129, 69.758195 22.334185, 69.758118 22.334274, 69.758084 22.334384, 69.758098 22.334498, 69.758158 22.334598, 69.758255 22.334669, 69.758374 22.3347, 69.758497 22.334687, 69.758605 22.334631, 69.758682 22.334542, 69.758716 22.334432, 69.758701 22.334318, 69.758641 22.334218))"
way,481645893,,,,storage_tank,,"POLYGON ((69.757888 22.335274, 69.757791 22.335203, 69.757672 22.335172, 69.757549 22.335185, 69.757441 22.33524, 69.757364 22.33533, 69.75733 22.33544, 69.757345 22.335554, 69.757405 22.335653, 69.757502 22.335724, 69.757621 22.335756, 69.757743 22.335743, 69.757851 22.335687, 69.757928 22.335597, 69.757962 22.335487, 69.757948 22.335374, 69.757888 22.335274))"
way,481645913,,,,storage_tank,,"POLYGON ((69.755802 22.332473, 69.755705 22.332402, 69.755586 22.33237, 69.755464 22.332384, 69.755356 22.332439, 69.755279 22.332529, 69.755245 22.332639, 69.755259 22.332752, 69.755319 22.332852, 69.755416 22.332923, 69.755535 22.332955, 69.755658 22.332942, 69.755766 22.332886, 69.755843 22.332796, 69.755877 22.332686, 69.755862 22.332573, 69.755802 22.332473))"
way,481645914,,,,storage_tank,,"POLYGON ((69.755054 22.333512, 69.754957 22.333441, 69.754838 22.33341, 69.754715 22.333423, 69.754607 22.333479, 69.75453 22.333568, 69.754497 22.333678, 69.754511 22.333792, 69.754571 22.333892, 69.754668 22.333963, 69.754787 22.333994, 69.75491 22.333981, 69.755018 22.333925, 69.755094 22.333836, 69.755128 22.333726, 69.755114 22.333612, 69.755054 22.333512))"
way,481645915,,,,storage_tank,,"POLYGON ((69.75721 22.333349, 69.757113 22.333278, 69.756994 22.333246, 69.756872 22.33326, 69.756764 22.333315, 69.756687 22.333405, 69.756653 22.333515, 69.756667 22.333628, 69.756728 22.333728, 69.756824 22.333799, 69.756943 22.33383, 69.757066 22.333817, 69.757174 22.333762, 69.757251 22.333672, 69.757285 22.333562, 69.75727 22.333448, 69.75721 22.333349))"
way,481645990,,,,storage_tank,,"POLYGON ((69.759377 22.336109, 69.75933 22.336074, 69.759273 22.336059, 69.759214 22.336064, 69.759161 22.336091, 69.759123 22.336134, 69.759106 22.336187, 69.759112 22.336242, 69.759141 22.33629, 69.759187 22.336325, 69.759245 22.336341, 69.759304 22.336335, 69.759357 22.336309, 69.759394 22.336266, 69.759412 22.336213, 69.759405 22.336158, 69.759377 22.336109))"
way,481645991,,,,storage_tank,,"POLYGON ((69.759136 22.336455, 69.759089 22.33642, 69.759032 22.336405, 69.758972 22.33641, 69.75892 22.336437, 69.758882 22.33648, 69.758865 22.336533, 69.758871 22.336588, 69.7589 22.336636, 69.758946 22.336671, 69.759003 22.336687, 69.759063 22.336682, 69.759115 22.336655, 69.759153 22.336612, 69.75917 22.336559, 69.759164 22.336504, 69.759136 22.336455))"
way,481645992,,,,storage_tank,,"POLYGON ((69.758757 22.336233, 69.758711 22.336198, 69.758654 22.336183, 69.758594 22.336188, 69.758541 22.336215, 69.758504 22.336258, 69.758487 22.336311, 69.758493 22.336366, 69.758521 22.336414, 69.758568 22.336449, 69.758625 22.336465, 69.758685 22.336459, 69.758737 22.336433, 69.758775 22.33639, 69.758792 22.336337, 69.758786 22.336282, 69.758757 22.336233))"
way,481646012,,,,storage_tank,,"POLYGON ((69.759628 22.335763, 69.759581 22.335728, 69.759524 22.335713, 69.759464 22.335718, 69.759412 22.335745, 69.759374 22.335788, 69.759357 22.335841, 69.759363 22.335896, 69.759392 22.335944, 69.759438 22.335979, 69.759495 22.335995, 69.759555 22.335989, 69.759608 22.335963, 69.759645 22.33592, 69.759662 22.335867, 69.759656 22.335812, 69.759628 22.335763))"
way,481646013,,,,storage_tank,,"POLYGON ((69.759256 22.335539, 69.75921 22.335504, 69.759152 22.335488, 69.759093 22.335494, 69.75904 22.33552, 69.759003 22.335563, 69.758986 22.335616, 69.758992 22.335671, 69.75902 22.33572, 69.759067 22.335755, 69.759124 22.33577, 69.759184 22.335765, 69.759236 22.335738, 69.759274 22.335695, 69.759291 22.335642, 69.759285 22.335587, 69.759256 22.335539))"
way,481646014,,,,storage_tank,,"POLYGON ((69.759 22.33589, 69.758954 22.335855, 69.758896 22.335839, 69.758837 22.335845, 69.758784 22.335871, 69.758746 22.335914, 69.758729 22.335967, 69.758736 22.336022, 69.758764 22.336071, 69.75881 22.336106, 69.758868 22.336122, 69.758927 22.336116, 69.75898 22.33609, 69.759018 22.336046, 69.759035 22.335994, 69.759028 22.335938, 69.759 22.33589))"
way,512087951,Modpar,,,,substation,"POLYGON ((69.789534 22.257111, 69.789181 22.257358, 69.789587 22.257857, 69.790128 22.257478, 69.79001 22.257334, 69.789534 22.257111))"
way,512087955,,,,,substation,"POLYGON ((69.719635 22.386196, 69.720059 22.38621, 69.720064 22.386076, 69.71964 22.386062, 69.719635 22.386196))"
way,512087963,SDCC,,,,substation,"POLYGON ((69.833412 22.427557, 69.83359 22.427414, 69.833443 22.427093, 69.833245 22.427167, 69.833412 22.427557))"
way,512087981,Sikka,,,,substation,"POLYGON ((69.833245 22.427167, 69.833122 22.426899, 69.832675 22.427041, 69.832557 22.427088, 69.832849 22.42776, 69.833412 22.427557, 69.833245 22.427167))"
way,512087984,Vadinar,,,,substation,"POLYGON ((69.724408 22.409944, 69.724984 22.409839, 69.724858 22.409252, 69.724282 22.409358, 69.724408 22.409944))"
way,512087985,Bharat Oman,,,,substation,"POLYGON ((69.740864 22.41041, 69.741454 22.410405, 69.741449 22.40996, 69.740859 22.409966, 69.740864 22.41041))"
way,512087989,Meghpar,,,,substation,"POLYGON ((69.825698 22.358499, 69.826256 22.35728, 69.827167 22.357622, 69.826605 22.358847, 69.825698 22.358499))"
way,578416140,,,,storage_tank,,"POLYGON ((69.722334 22.377202, 69.722225 22.377099, 69.722082 22.377042, 69.721926 22.37704, 69.721781 22.377093, 69.721669 22.377194, 69.721608 22.377326, 69.721605 22.37747, 69.721663 22.377604, 69.721772 22.377707, 69.721915 22.377764, 69.722071 22.377766, 69.722216 22.377713, 69.722327 22.377613, 69.722389 22.37748, 69.722391 22.377336, 69.722334 22.377202))"
way,578416207,,,,storage_tank,,"POLYGON ((69.86593 22.313445, 69.865947 22.313465, 69.86597 22.313478, 69.865997 22.313484, 69.866024 22.313481, 69.866049 22.31347, 69.866069 22.313453, 69.866081 22.31343, 69.866085 22.313405, 69.86608 22.31338, 69.866066 22.313358, 69.866045 22.313342, 69.86602 22.313332, 69.865993 22.313331, 69.865966 22.313337, 69.865944 22.313352, 69.865928 22.313372, 69.865919 22.313396, 69.86592 22.313422, 69.86593 22.313445))"
way,578416208,,,,storage_tank,,"POLYGON ((69.866489 22.313448, 69.866507 22.313468, 69.86653 22.313481, 69.866557 22.313487, 69.866584 22.313484, 69.866609 22.313474, 69.866628 22.313456, 69.866641 22.313433, 69.866645 22.313408, 69.86664 22.313383, 69.866626 22.313361, 69.866605 22.313345, 69.86658 22.313335, 69.866553 22.313334, 69.866526 22.31334, 69.866504 22.313355, 69.866487 22.313375, 69.866479 22.313399, 69.86648 22.313425, 69.866489 22.313448))"
way,578416209,,,,storage_tank,,"POLYGON ((69.860637 22.328686, 69.860654 22.328705, 69.860678 22.328719, 69.860704 22.328724, 69.860731 22.328722, 69.860756 22.328711, 69.860776 22.328693, 69.860788 22.328671, 69.860792 22.328646, 69.860787 22.328621, 69.860773 22.328599, 69.860753 22.328582, 69.860727 22.328572, 69.8607 22.328571, 69.860674 22.328578, 69.860651 22.328592, 69.860635 22.328612, 69.860627 22.328637, 69.860627 22.328662, 69.860637 22.328686))"
way,578416210,,,,storage_tank,,"POLYGON ((69.860987 22.328688, 69.861005 22.328707, 69.861028 22.32872, 69.861055 22.328726, 69.861082 22.328723, 69.861107 22.328713, 69.861126 22.328695, 69.861139 22.328672, 69.861143 22.328647, 69.861138 22.328622, 69.861124 22.3286, 69.861103 22.328584, 69.861078 22.328574, 69.861051 22.328573, 69.861024 22.32858, 69.861002 22.328594, 69.860985 22.328614, 69.860977 22.328638, 69.860978 22.328664, 69.860987 22.328688))"
way,578416211,,,,storage_tank,,"POLYGON ((69.861159 22.329148, 69.861181 22.329173, 69.86121 22.32919, 69.861245 22.329197, 69.861279 22.329194, 69.861311 22.32918, 69.861336 22.329157, 69.861352 22.329128, 69.861357 22.329096, 69.86135 22.329065, 69.861333 22.329037, 69.861306 22.329016, 69.861274 22.329003, 69.861239 22.329001, 69.861206 22.32901, 69.861177 22.329028, 69.861156 22.329054, 69.861146 22.329085, 69.861146 22.329118, 69.861159 22.329148))"
way,578416212,,,,storage_tank,,"POLYGON ((69.860886 22.329177, 69.860908 22.329202, 69.860937 22.329219, 69.860972 22.329226, 69.861006 22.329222, 69.861038 22.329209, 69.861063 22.329186, 69.861079 22.329157, 69.861084 22.329125, 69.861077 22.329094, 69.86106 22.329066, 69.861033 22.329044, 69.861001 22.329032, 69.860966 22.32903, 69.860932 22.329039, 69.860904 22.329057, 69.860883 22.329083, 69.860872 22.329114, 69.860873 22.329146, 69.860886 22.329177))"
way,578416213,,,,storage_tank,,"POLYGON ((69.860473 22.329858, 69.860509 22.329898, 69.860556 22.329925, 69.86061 22.329937, 69.860666 22.329931, 69.860716 22.329909, 69.860756 22.329873, 69.860782 22.329827, 69.86079 22.329776, 69.860779 22.329726, 69.860751 22.329681, 69.860709 22.329647, 69.860658 22.329628, 69.860602 22.329625, 69.860548 22.329638, 69.860502 22.329668, 69.860469 22.329709, 69.860452 22.329758, 69.860454 22.32981, 69.860473 22.329858))"
way,578416214,,cooling,,,,"POLYGON ((69.862589 22.332286, 69.862597 22.333623, 69.862814 22.333622, 69.862806 22.332284, 69.862589 22.332286))"
way,578416227,,,,storage_tank,,"POLYGON ((69.87778 22.322423, 69.877757 22.322448, 69.877745 22.322478, 69.877744 22.322511, 69.877754 22.322542, 69.877775 22.322569, 69.877804 22.322588, 69.877838 22.322596, 69.877873 22.322595, 69.877906 22.322583, 69.877933 22.322561, 69.877951 22.322533, 69.877958 22.322501, 69.877953 22.322468, 69.877937 22.322439, 69.877912 22.322416, 69.87788 22.322402, 69.877844 22.322398, 69.87781 22.322406, 69.87778 22.322423))"
way,578416228,,,,storage_tank,,"POLYGON ((69.877281 22.322427, 69.877252 22.32246, 69.877236 22.322499, 69.877234 22.322541, 69.877248 22.322581, 69.877275 22.322615, 69.877312 22.322639, 69.877356 22.322651, 69.877401 22.322649, 69.877443 22.322633, 69.877478 22.322605, 69.8775 22.322569, 69.877509 22.322528, 69.877503 22.322486, 69.877483 22.322448, 69.87745 22.322419, 69.877409 22.322401, 69.877364 22.322396, 69.87732 22.322405, 69.877281 22.322427))"
way,578416229,,,,storage_tank,,"POLYGON ((69.877297 22.321987, 69.877268 22.322019, 69.877252 22.322058, 69.877251 22.322101, 69.877264 22.322141, 69.877291 22.322175, 69.877328 22.322199, 69.877372 22.32221, 69.877417 22.322208, 69.877459 22.322192, 69.877494 22.322165, 69.877517 22.322129, 69.877526 22.322087, 69.877519 22.322046, 69.877499 22.322008, 69.877466 22.321979, 69.877425 22.321961, 69.87738 22.321956, 69.877336 22.321965, 69.877297 22.321987))"
way,578416230,,,,storage_tank,,"POLYGON ((69.877796 22.321962, 69.877767 22.321994, 69.877751 22.322034, 69.87775 22.322076, 69.877763 22.322116, 69.87779 22.32215, 69.877827 22.322174, 69.877871 22.322186, 69.877916 22.322183, 69.877958 22.322168, 69.877993 22.32214, 69.878016 22.322104, 69.878024 22.322062, 69.878018 22.322021, 69.877998 22.321983, 69.877965 22.321954, 69.877924 22.321936, 69.877879 22.321931, 69.877835 22.32194, 69.877796 22.321962))"
way,578416231,,,,storage_tank,,"POLYGON ((69.877773 22.321532, 69.877744 22.321564, 69.877728 22.321603, 69.877727 22.321645, 69.87774 22.321685, 69.877767 22.321719, 69.877804 22.321744, 69.877848 22.321755, 69.877893 22.321753, 69.877936 22.321737, 69.87797 22.32171, 69.877993 22.321673, 69.878002 22.321632, 69.877996 22.32159, 69.877975 22.321553, 69.877943 22.321523, 69.877902 22.321505, 69.877856 22.3215, 69.877812 22.32151, 69.877773 22.321532))"
way,578416232,,,,storage_tank,,"POLYGON ((69.877281 22.32152, 69.877252 22.321553, 69.877236 22.321592, 69.877234 22.321634, 69.877248 22.321674, 69.877274 22.321708, 69.877312 22.321732, 69.877356 22.321744, 69.877401 22.321742, 69.877443 22.321726, 69.877478 22.321699, 69.8775 22.321662, 69.877509 22.321621, 69.877503 22.321579, 69.877483 22.321542, 69.87745 22.321512, 69.877409 22.321494, 69.877364 22.32149, 69.87732 22.321498, 69.877281 22.32152))"
way,578416233,,,,storage_tank,,"POLYGON ((69.877332 22.320269, 69.877294 22.320311, 69.877273 22.320362, 69.877271 22.320418, 69.877289 22.32047, 69.877324 22.320514, 69.877373 22.320546, 69.87743 22.320561, 69.877489 22.320558, 69.877544 22.320538, 69.87759 22.320502, 69.877619 22.320454, 69.877631 22.3204, 69.877623 22.320346, 69.877596 22.320296, 69.877554 22.320258, 69.8775 22.320234, 69.877441 22.320228, 69.877383 22.32024, 69.877332 22.320269))"
way,578416235,,,,storage_tank,,"POLYGON ((69.865988 22.307879, 69.865966 22.307884, 69.865945 22.307895, 69.865929 22.30791, 69.865917 22.307929, 69.865912 22.30795, 69.865912 22.307971, 69.865919 22.307992, 69.865932 22.30801, 69.865949 22.308024, 69.86597 22.308033, 69.865993 22.308037, 69.866016 22.308035, 69.866038 22.308027, 69.866056 22.308014, 69.866071 22.307997, 69.866079 22.307977, 69.866082 22.307956, 69.866078 22.307934, 69.866068 22.307915, 69.866053 22.307899, 69.866033 22.307887, 69.866011 22.30788, 69.865988 22.307879))"
way,578416236,,,,storage_tank,,"POLYGON ((69.866542 22.307871, 69.866519 22.307876, 69.866499 22.307886, 69.866482 22.307901, 69.866471 22.30792, 69.866465 22.307941, 69.866466 22.307962, 69.866473 22.307983, 69.866486 22.308001, 69.866503 22.308015, 69.866524 22.308024, 69.866547 22.308028, 69.86657 22.308026, 69.866592 22.308018, 69.86661 22.308005, 69.866624 22.307988, 69.866633 22.307968, 69.866635 22.307947, 69.866632 22.307926, 69.866622 22.307906, 69.866606 22.30789, 69.866587 22.307878, 69.866565 22.307872, 69.866542 22.307871))"
way,578416237,,,,storage_tank,,"POLYGON ((69.872603 22.307018, 69.872564 22.307027, 69.872529 22.307045, 69.8725 22.307071, 69.87248 22.307103, 69.872471 22.307139, 69.872472 22.307176, 69.872484 22.307212, 69.872506 22.307243, 69.872536 22.307268, 69.872572 22.307284, 69.872612 22.30729, 69.872652 22.307286, 69.872689 22.307273, 69.872721 22.307251, 69.872746 22.307221, 69.87276 22.307187, 69.872765 22.30715, 69.872758 22.307113, 69.872741 22.30708, 69.872715 22.307051, 69.872681 22.307031, 69.872643 22.30702, 69.872603 22.307018))"
way,578416238,,,,storage_tank,,"POLYGON ((69.872606 22.307455, 69.872566 22.307464, 69.872532 22.307482, 69.872503 22.307508, 69.872483 22.30754, 69.872474 22.307576, 69.872475 22.307613, 69.872487 22.307649, 69.872508 22.30768, 69.872539 22.307704, 69.872575 22.30772, 69.872614 22.307727, 69.872654 22.307723, 69.872692 22.30771, 69.872724 22.307687, 69.872748 22.307658, 69.872763 22.307623, 69.872767 22.307586, 69.872761 22.30755, 69.872744 22.307516, 69.872717 22.307488, 69.872684 22.307468, 69.872646 22.307456, 69.872606 22.307455))"
way,578416239,,,,storage_tank,,"POLYGON ((69.872123 22.307458, 69.872084 22.307467, 69.872049 22.307485, 69.87202 22.307511, 69.872 22.307544, 69.871991 22.30758, 69.871992 22.307617, 69.872004 22.307652, 69.872026 22.307683, 69.872056 22.307708, 69.872092 22.307724, 69.872132 22.30773, 69.872172 22.307727, 69.872209 22.307713, 69.872241 22.307691, 69.872265 22.307662, 69.87228 22.307627, 69.872284 22.30759, 69.872278 22.307554, 69.872261 22.30752, 69.872235 22.307492, 69.872201 22.307471, 69.872163 22.30746, 69.872123 22.307458))"
way,578416240,,,,storage_tank,,"POLYGON ((69.872124 22.307034, 69.872085 22.307043, 69.87205 22.307061, 69.872021 22.307087, 69.872002 22.307119, 69.871992 22.307155, 69.871993 22.307192, 69.872005 22.307228, 69.872027 22.307259, 69.872057 22.307284, 69.872093 22.3073, 69.872133 22.307306, 69.872173 22.307302, 69.87221 22.307289, 69.872242 22.307267, 69.872267 22.307237, 69.872282 22.307203, 69.872286 22.307166, 69.872279 22.307129, 69.872262 22.307096, 69.872236 22.307067, 69.872202 22.307047, 69.872164 22.307036, 69.872124 22.307034))"
way,578416241,,,,storage_tank,,"POLYGON ((69.871341 22.307035, 69.871288 22.307047, 69.871241 22.307071, 69.871202 22.307106, 69.871176 22.30715, 69.871163 22.307199, 69.871164 22.307249, 69.87118 22.307297, 69.87121 22.307339, 69.871251 22.307372, 69.8713 22.307394, 69.871353 22.307402, 69.871407 22.307397, 69.871457 22.307379, 69.871501 22.307349, 69.871534 22.307309, 69.871554 22.307263, 69.87156 22.307213, 69.871551 22.307163, 69.871528 22.307118, 69.871492 22.30708, 69.871447 22.307052, 69.871395 22.307037, 69.871341 22.307035))"
way,578416242,,,,storage_tank,,"POLYGON ((69.870561 22.307039, 69.870508 22.307051, 69.870461 22.307075, 69.870422 22.30711, 69.870396 22.307154, 69.870382 22.307203, 69.870384 22.307253, 69.8704 22.307301, 69.87043 22.307343, 69.87047 22.307376, 69.870519 22.307398, 69.870573 22.307406, 69.870627 22.307402, 69.870677 22.307383, 69.87072 22.307353, 69.870754 22.307313, 69.870774 22.307267, 69.870779 22.307217, 69.87077 22.307168, 69.870747 22.307122, 69.870712 22.307084, 69.870667 22.307056, 69.870615 22.307041, 69.870561 22.307039))"
way,578416260,,,,storage_tank,,"POLYGON ((69.842996 22.348503, 69.842963 22.348511, 69.842934 22.348526, 69.842909 22.348548, 69.842893 22.348575, 69.842884 22.348606, 69.842885 22.348637, 69.842896 22.348667, 69.842914 22.348694, 69.84294 22.348714, 69.84297 22.348728, 69.843004 22.348734, 69.843038 22.34873, 69.843069 22.348719, 69.843096 22.3487, 69.843117 22.348675, 69.84313 22.348646, 69.843133 22.348615, 69.843128 22.348584, 69.843113 22.348555, 69.843091 22.348532, 69.843063 22.348514, 69.84303 22.348504, 69.842996 22.348503))"
way,578416261,,,,storage_tank,,"POLYGON ((69.842993 22.348207, 69.84296 22.348214, 69.84293 22.348229, 69.842906 22.348252, 69.842889 22.348279, 69.842881 22.348309, 69.842882 22.348341, 69.842892 22.348371, 69.842911 22.348397, 69.842936 22.348418, 69.842967 22.348432, 69.843 22.348437, 69.843034 22.348434, 69.843066 22.348423, 69.843093 22.348404, 69.843114 22.348379, 69.843126 22.34835, 69.84313 22.348318, 69.843124 22.348287, 69.84311 22.348259, 69.843088 22.348235, 69.843059 22.348218, 69.843027 22.348208, 69.842993 22.348207))"
way,578416262,,,,storage_tank,,"POLYGON ((69.843002 22.347826, 69.842968 22.347833, 69.842939 22.347849, 69.842915 22.347871, 69.842898 22.347898, 69.84289 22.347929, 69.842891 22.34796, 69.842901 22.34799, 69.842919 22.348016, 69.842945 22.348037, 69.842976 22.348051, 69.843009 22.348056, 69.843043 22.348053, 69.843074 22.348042, 69.843102 22.348023, 69.843122 22.347998, 69.843135 22.347969, 69.843139 22.347937, 69.843133 22.347906, 69.843118 22.347878, 69.843096 22.347854, 69.843068 22.347837, 69.843036 22.347827, 69.843002 22.347826))"
way,578416273,,,,storage_tank,,"POLYGON ((69.859543 22.339761, 69.85953 22.339775, 69.859522 22.339792, 69.859521 22.339811, 69.859526 22.339828, 69.859538 22.339844, 69.859554 22.339855, 69.859572 22.33986, 69.859592 22.33986, 69.859611 22.339854, 69.859627 22.339842, 69.859637 22.339826, 69.859642 22.339809, 69.85964 22.33979, 69.859631 22.339774, 69.859618 22.33976, 69.8596 22.339752, 69.85958 22.339749, 69.859561 22.339752, 69.859543 22.339761))"
way,578416274,,,,storage_tank,,"POLYGON ((69.859806 22.339761, 69.859792 22.339775, 69.859785 22.339792, 69.859783 22.339811, 69.859789 22.339828, 69.8598 22.339844, 69.859816 22.339855, 69.859835 22.33986, 69.859855 22.33986, 69.859873 22.339854, 69.859889 22.339842, 69.859899 22.339826, 69.859904 22.339809, 69.859902 22.33979, 69.859894 22.339774, 69.85988 22.33976, 69.859862 22.339752, 69.859842 22.339749, 69.859823 22.339752, 69.859806 22.339761))"
way,578416275,,,,storage_tank,,"POLYGON ((69.859943 22.339647, 69.85993 22.339661, 69.859922 22.339678, 69.859921 22.339696, 69.859926 22.339714, 69.859937 22.339729, 69.859953 22.33974, 69.859972 22.339746, 69.859992 22.339746, 69.860011 22.33974, 69.860026 22.339728, 69.860037 22.339712, 69.860041 22.339694, 69.860039 22.339676, 69.860031 22.339659, 69.860017 22.339646, 69.86 22.339638, 69.85998 22.339635, 69.85996 22.339638, 69.859943 22.339647))"
way,578416277,,cooling,,,,"POLYGON ((69.857096 22.333629, 69.857097 22.333846, 69.85806 22.33384, 69.858059 22.333623, 69.857096 22.333629))"
way,578416283,,,,storage_tank,,"POLYGON ((69.857366 22.332443, 69.857345 22.332463, 69.857332 22.332488, 69.857329 22.332516, 69.857336 22.332543, 69.857352 22.332567, 69.857375 22.332584, 69.857404 22.332594, 69.857434 22.332594, 69.857462 22.332586, 69.857487 22.332569, 69.857504 22.332546, 69.857512 22.332519, 69.85751 22.332491, 69.857498 22.332465, 69.857478 22.332445, 69.857452 22.332431, 69.857422 22.332426, 69.857392 22.33243, 69.857366 22.332443))"
way,578416327,,,,storage_tank,,"POLYGON ((69.890341 22.336441, 69.890316 22.336465, 69.890301 22.336496, 69.890297 22.336529, 69.890306 22.336562, 69.890325 22.336591, 69.890353 22.336612, 69.890387 22.336624, 69.890424 22.336624, 69.890458 22.336614, 69.890488 22.336594, 69.890508 22.336566, 69.890518 22.336533, 69.890515 22.3365, 69.890501 22.336468, 69.890477 22.336443, 69.890446 22.336427, 69.89041 22.336421, 69.890374 22.336426, 69.890341 22.336441))"
way,578416328,,,,storage_tank,,"POLYGON ((69.890345 22.336151, 69.890321 22.336174, 69.890307 22.336202, 69.890303 22.336234, 69.890311 22.336264, 69.890329 22.336291, 69.890356 22.336311, 69.890388 22.336322, 69.890422 22.336322, 69.890455 22.336313, 69.890482 22.336294, 69.890501 22.336268, 69.89051 22.336237, 69.890508 22.336206, 69.890495 22.336176, 69.890472 22.336153, 69.890442 22.336137, 69.890409 22.336132, 69.890375 22.336136, 69.890345 22.336151))"
way,578416329,,,,storage_tank,,"POLYGON ((69.890369 22.335972, 69.890352 22.335988, 69.890343 22.336008, 69.89034 22.33603, 69.890346 22.336051, 69.890358 22.33607, 69.890377 22.336084, 69.890399 22.336091, 69.890423 22.336091, 69.890446 22.336085, 69.890464 22.336072, 69.890478 22.336053, 69.890484 22.336032, 69.890483 22.33601, 69.890474 22.33599, 69.890458 22.335973, 69.890437 22.335962, 69.890414 22.335958, 69.89039 22.335962, 69.890369 22.335972))"
way,578416330,,,,storage_tank,,"POLYGON ((69.890376 22.33579, 69.890359 22.335806, 69.890349 22.335826, 69.890347 22.335848, 69.890352 22.335869, 69.890365 22.335888, 69.890384 22.335902, 69.890406 22.335909, 69.89043 22.33591, 69.890452 22.335903, 69.890471 22.33589, 69.890485 22.335872, 69.890491 22.33585, 69.890489 22.335828, 69.89048 22.335808, 69.890464 22.335792, 69.890444 22.335781, 69.89042 22.335777, 69.890397 22.33578, 69.890376 22.33579))"
way,578416382,,,,storage_tank,,"POLYGON ((69.890308 22.333538, 69.890291 22.33355, 69.89028 22.333566, 69.890274 22.333584, 69.890276 22.333604, 69.890284 22.333622, 69.890298 22.333636, 69.890316 22.333646, 69.890337 22.333649, 69.890358 22.333646, 69.890376 22.333637, 69.890391 22.333623, 69.890399 22.333605, 69.890401 22.333586, 69.890396 22.333567, 69.890385 22.33355, 69.890369 22.333538, 69.890349 22.333532, 69.890328 22.333532, 69.890308 22.333538))"
way,578416383,,,,storage_tank,,"POLYGON ((69.890666 22.333538, 69.890642 22.333561, 69.890628 22.33359, 69.890624 22.333622, 69.890632 22.333653, 69.89065 22.33368, 69.890677 22.3337, 69.890709 22.333711, 69.890744 22.333711, 69.890777 22.333701, 69.890804 22.333682, 69.890824 22.333656, 69.890833 22.333625, 69.890831 22.333593, 69.890817 22.333564, 69.890794 22.33354, 69.890764 22.333524, 69.89073 22.333518, 69.890696 22.333523, 69.890666 22.333538))"
way,578416441,,,,storage_tank,,"POLYGON ((69.890239 22.330539, 69.890222 22.330554, 69.890211 22.330573, 69.890207 22.330595, 69.890211 22.330617, 69.890222 22.330636, 69.89024 22.330651, 69.890262 22.33066, 69.890286 22.330661, 69.890309 22.330656, 69.890329 22.330644, 69.890343 22.330626, 69.890351 22.330605, 69.890351 22.330583, 69.890343 22.330562, 69.890328 22.330545, 69.890308 22.330533, 69.890285 22.330528, 69.890261 22.33053, 69.890239 22.330539))"
way,578416442,,,,storage_tank,,"POLYGON ((69.890485 22.33049, 69.890457 22.330514, 69.890439 22.330545, 69.890433 22.33058, 69.890439 22.330615, 69.890458 22.330646, 69.890486 22.33067, 69.890521 22.330684, 69.890559 22.330686, 69.890596 22.330677, 69.890628 22.330658, 69.890651 22.33063, 69.890664 22.330596, 69.890663 22.330561, 69.890651 22.330527, 69.890627 22.3305, 69.890595 22.33048, 69.890558 22.330472, 69.89052 22.330475, 69.890485 22.33049))"
way,578416443,,,,storage_tank,,"POLYGON ((69.890842 22.330498, 69.890815 22.330522, 69.890797 22.330552, 69.890792 22.330587, 69.890798 22.330621, 69.890816 22.330651, 69.890844 22.330674, 69.890878 22.330688, 69.890915 22.33069, 69.890951 22.330682, 69.890982 22.330663, 69.891005 22.330635, 69.891017 22.330603, 69.891017 22.330568, 69.891004 22.330536, 69.890981 22.330508, 69.89095 22.33049, 69.890914 22.330481, 69.890876 22.330484, 69.890842 22.330498))"
way,578416445,,,,storage_tank,,"POLYGON ((69.887012 22.340333, 69.886979 22.340356, 69.88695 22.340383, 69.886925 22.340413, 69.886904 22.340446, 69.886889 22.340482, 69.886879 22.340518, 69.886874 22.340556, 69.886875 22.340594, 69.886882 22.340632, 69.886894 22.340669, 69.886912 22.340703, 69.886934 22.340735, 69.886961 22.340764, 69.886992 22.340789, 69.887026 22.340811, 69.887063 22.340827, 69.887102 22.340839, 69.887143 22.340846, 69.887184 22.340847, 69.887225 22.340844, 69.887265 22.340835, 69.887304 22.340821, 69.88734 22.340803, 69.887373 22.34078, 69.887402 22.340753, 69.887427 22.340723, 69.887448 22.34069, 69.887463 22.340655, 69.887473 22.340618, 69.887478 22.34058, 69.887477 22.340542, 69.88747 22.340504, 69.887458 22.340468, 69.88744 22.340433, 69.887418 22.340401, 69.887391 22.340372, 69.88736 22.340347, 69.887326 22.340326, 69.887289 22.340309, 69.88725 22.340297, 69.887209 22.34029, 69.887168 22.340289, 69.887127 22.340292, 69.887087 22.340301, 69.887048 22.340315, 69.887012 22.340333))"
way,578416448,,,,storage_tank,,"POLYGON ((69.837622 22.443882, 69.8376 22.443901, 69.837585 22.443926, 69.83758 22.443955, 69.837586 22.443983, 69.8376 22.444008, 69.837623 22.444027, 69.837652 22.444039, 69.837683 22.444041, 69.837713 22.444034, 69.837739 22.444018, 69.837758 22.443995, 69.837768 22.443968, 69.837767 22.443939, 69.837757 22.443912, 69.837738 22.44389, 69.837712 22.443874, 69.837682 22.443867, 69.837651 22.44387, 69.837622 22.443882))"
way,578416450,,,,storage_tank,,"POLYGON ((69.837598 22.443667, 69.837576 22.443687, 69.837561 22.443712, 69.837556 22.44374, 69.837561 22.443768, 69.837576 22.443794, 69.837599 22.443813, 69.837628 22.443824, 69.837659 22.443826, 69.837689 22.443819, 69.837715 22.443804, 69.837734 22.443781, 69.837744 22.443754, 69.837743 22.443725, 69.837733 22.443698, 69.837714 22.443675, 69.837688 22.44366, 69.837658 22.443653, 69.837627 22.443655, 69.837598 22.443667))"
way,578416452,,,,storage_tank,,"POLYGON ((69.837935 22.443645, 69.837912 22.443664, 69.837898 22.44369, 69.837893 22.443718, 69.837898 22.443746, 69.837913 22.443771, 69.837936 22.443791, 69.837964 22.443802, 69.837995 22.443804, 69.838025 22.443797, 69.838051 22.443781, 69.83807 22.443758, 69.83808 22.443731, 69.83808 22.443702, 69.83807 22.443675, 69.83805 22.443653, 69.838024 22.443637, 69.837994 22.44363, 69.837963 22.443633, 69.837935 22.443645))"
way,578416454,,,,storage_tank,,"POLYGON ((69.837971 22.443924, 69.837949 22.443943, 69.837934 22.443968, 69.837929 22.443997, 69.837934 22.444025, 69.837949 22.44405, 69.837972 22.44407, 69.838001 22.444081, 69.838032 22.444083, 69.838062 22.444076, 69.838088 22.44406, 69.838107 22.444037, 69.838116 22.44401, 69.838116 22.443981, 69.838106 22.443954, 69.838087 22.443932, 69.838061 22.443916, 69.838031 22.443909, 69.838 22.443912, 69.837971 22.443924))"
way,578416457,,,,storage_tank,,"POLYGON ((69.838558 22.443891, 69.838528 22.443916, 69.838509 22.44395, 69.838503 22.443987, 69.83851 22.444024, 69.838529 22.444057, 69.83856 22.444083, 69.838597 22.444098, 69.838638 22.444101, 69.838677 22.444091, 69.838712 22.44407, 69.838736 22.44404, 69.838749 22.444005, 69.838749 22.443967, 69.838736 22.443931, 69.83871 22.443902, 69.838676 22.443881, 69.838636 22.443872, 69.838596 22.443875, 69.838558 22.443891))"
way,578416460,,,,storage_tank,,"POLYGON ((69.838513 22.443577, 69.838483 22.443603, 69.838464 22.443636, 69.838457 22.443674, 69.838464 22.443711, 69.838484 22.443744, 69.838514 22.443769, 69.838552 22.443784, 69.838592 22.443787, 69.838632 22.443778, 69.838666 22.443757, 69.838691 22.443727, 69.838704 22.443691, 69.838704 22.443653, 69.83869 22.443618, 69.838665 22.443588, 69.83863 22.443567, 69.838591 22.443558, 69.83855 22.443562, 69.838513 22.443577))"
way,578416477,,,,storage_tank,,"POLYGON ((69.835061 22.443632, 69.835046 22.443672, 69.835046 22.443714, 69.835062 22.443754, 69.83509 22.443787, 69.835128 22.44381, 69.835172 22.44382, 69.835217 22.443816, 69.835259 22.443799, 69.835292 22.44377, 69.835314 22.443733, 69.835321 22.443692, 69.835313 22.44365, 69.835291 22.443614, 69.835257 22.443585, 69.835216 22.443569, 69.83517 22.443565, 69.835126 22.443576, 69.835088 22.443599, 69.835061 22.443632))"
way,578416480,,,,storage_tank,,"POLYGON ((69.834385 22.443674, 69.83437 22.443714, 69.834371 22.443756, 69.834386 22.443796, 69.834414 22.443829, 69.834452 22.443852, 69.834496 22.443862, 69.834541 22.443858, 69.834583 22.443841, 69.834616 22.443812, 69.834638 22.443775, 69.834645 22.443734, 69.834637 22.443692, 69.834615 22.443656, 69.834582 22.443627, 69.83454 22.443611, 69.834494 22.443608, 69.83445 22.443618, 69.834413 22.443641, 69.834385 22.443674))"
way,578416482,,,,storage_tank,,"POLYGON ((69.834005 22.444976, 69.833991 22.445016, 69.833991 22.445058, 69.834006 22.445098, 69.834034 22.44513, 69.834072 22.445153, 69.834116 22.445163, 69.834162 22.44516, 69.834203 22.445143, 69.834237 22.445114, 69.834258 22.445077, 69.834265 22.445035, 69.834258 22.444994, 69.834236 22.444957, 69.834202 22.444929, 69.83416 22.444912, 69.834115 22.444909, 69.834071 22.44492, 69.834033 22.444943, 69.834005 22.444976))"
way,578416485,,,,storage_tank,,"POLYGON ((69.87162 22.337756, 69.871625 22.337733, 69.871625 22.337709, 69.87162 22.337686, 69.871609 22.337664, 69.871593 22.337645, 69.871574 22.337629, 69.871551 22.337618, 69.871526 22.337612, 69.8715 22.33761, 69.871474 22.337614, 69.87145 22.337623, 69.871429 22.337636, 69.871411 22.337654, 69.871398 22.337674, 69.87139 22.337697, 69.871387 22.33772, 69.87139 22.337744, 69.871398 22.337767, 69.871411 22.337788, 69.871429 22.337805, 69.87145 22.337818, 69.871474 22.337827, 69.8715 22.337831, 69.871526 22.33783, 69.87155 22.337824, 69.871573 22.337812, 69.871593 22.337797, 69.871609 22.337778, 69.87162 22.337756))"
way,578416488,,,,storage_tank,,"POLYGON ((69.87162 22.33808, 69.871626 22.338057, 69.871626 22.338033, 69.87162 22.33801, 69.87161 22.337988, 69.871594 22.337969, 69.871574 22.337954, 69.871551 22.337942, 69.871526 22.337936, 69.871501 22.337935, 69.871475 22.337938, 69.871451 22.337947, 69.87143 22.337961, 69.871412 22.337978, 69.871398 22.337998, 69.87139 22.338021, 69.871387 22.338045, 69.87139 22.338069, 69.871398 22.338091, 69.871412 22.338112, 69.871429 22.338129, 69.871451 22.338143, 69.871475 22.338152, 69.8715 22.338156, 69.871526 22.338154, 69.871551 22.338148, 69.871574 22.338137, 69.871594 22.338121, 69.871609 22.338102, 69.87162 22.33808))"
way,578416491,,,,storage_tank,,"POLYGON ((69.871614 22.338412, 69.871619 22.338388, 69.871619 22.338364, 69.871614 22.338341, 69.871603 22.338319, 69.871587 22.3383, 69.871568 22.338285, 69.871545 22.338274, 69.87152 22.338267, 69.871494 22.338266, 69.871468 22.33827, 69.871444 22.338278, 69.871423 22.338292, 69.871405 22.338309, 69.871392 22.33833, 69.871384 22.338352, 69.871381 22.338376, 69.871384 22.3384, 69.871392 22.338423, 69.871405 22.338443, 69.871423 22.33846, 69.871444 22.338474, 69.871468 22.338483, 69.871494 22.338487, 69.871519 22.338485, 69.871544 22.338479, 69.871567 22.338468, 69.871587 22.338452, 69.871603 22.338433, 69.871614 22.338412))"
way,578416495,,,,storage_tank,,"POLYGON ((69.868444 22.345048, 69.868449 22.345025, 69.868449 22.345001, 69.868444 22.344977, 69.868433 22.344956, 69.868418 22.344937, 69.868398 22.344921, 69.868375 22.34491, 69.86835 22.344904, 69.868324 22.344902, 69.868299 22.344906, 69.868275 22.344915, 69.868253 22.344928, 69.868236 22.344946, 69.868222 22.344966, 69.868214 22.344989, 69.868211 22.345012, 69.868214 22.345036, 69.868222 22.345059, 69.868235 22.345079, 69.868253 22.345097, 69.868274 22.34511, 69.868298 22.345119, 69.868324 22.345123, 69.86835 22.345122, 69.868375 22.345115, 69.868398 22.345104, 69.868417 22.345089, 69.868433 22.34507, 69.868444 22.345048))"
way,578416498,,,,storage_tank,,"POLYGON ((69.86805 22.345264, 69.868056 22.345241, 69.868056 22.345217, 69.86805 22.345194, 69.868039 22.345172, 69.868024 22.345153, 69.868004 22.345138, 69.867981 22.345126, 69.867956 22.34512, 69.86793 22.345119, 69.867905 22.345122, 69.867881 22.345131, 69.86786 22.345145, 69.867842 22.345162, 69.867828 22.345182, 69.86782 22.345205, 69.867817 22.345229, 69.86782 22.345253, 69.867828 22.345275, 69.867842 22.345296, 69.867859 22.345313, 69.867881 22.345327, 69.867905 22.345336, 69.86793 22.34534, 69.867956 22.345338, 69.867981 22.345332, 69.868004 22.345321, 69.868024 22.345305, 69.868039 22.345286, 69.86805 22.345264))"
way,578416516,,cooling,,,,"POLYGON ((69.867074 22.324944, 69.867075 22.325141, 69.868993 22.325127, 69.868991 22.32493, 69.867074 22.324944))"
way,578416518,,,,storage_tank,,"POLYGON ((69.870051 22.323582, 69.870013 22.323625, 69.869992 22.323676, 69.86999 22.323731, 69.870008 22.323784, 69.870043 22.323828, 69.870092 22.32386, 69.870149 22.323875, 69.870208 22.323872, 69.870264 22.323852, 69.870309 22.323815, 69.870338 22.323768, 69.87035 22.323714, 69.870342 22.323659, 69.870315 22.32361, 69.870273 22.323572, 69.870219 22.323548, 69.87016 22.323542, 69.870102 22.323554, 69.870051 22.323582))"
way,578416520,,,,storage_tank,,"POLYGON ((69.86963 22.323585, 69.869592 22.323627, 69.869571 22.323679, 69.869569 22.323734, 69.869587 22.323786, 69.869622 22.323831, 69.86967 22.323862, 69.869728 22.323877, 69.869787 22.323874, 69.869842 22.323854, 69.869887 22.323818, 69.869917 22.32377, 69.869929 22.323716, 69.869921 22.323662, 69.869894 22.323613, 69.869852 22.323574, 69.869798 22.32355, 69.869739 22.323544, 69.869681 22.323556, 69.86963 22.323585))"
way,666443873,,cooling,,,,"POLYGON ((69.888561 22.337672, 69.888577 22.339005, 69.888883 22.339002, 69.888866 22.337668, 69.888561 22.337672))"
way,666443874,,cooling,,,,"POLYGON ((69.888711 22.333484, 69.888732 22.33523, 69.88912 22.335226, 69.889099 22.33348, 69.888711 22.333484))"
way,666443875,,cooling,,,,"POLYGON ((69.892423 22.326983, 69.892424 22.327143, 69.894193 22.327132, 69.894192 22.326973, 69.892423 22.326983))"
way,666443883,,cooling,,,,"POLYGON ((69.863953 22.307812, 69.863997 22.309361, 69.864358 22.309352, 69.864314 22.307804, 69.863953 22.307812))"
way,666443884,,cooling,,,,"POLYGON ((69.864002 22.313277, 69.864024 22.314607, 69.864379 22.314602, 69.864357 22.313272, 69.864002 22.313277))"
way,666443885,,cooling,,,,"POLYGON ((69.861213 22.319103, 69.861213 22.31945, 69.861932 22.31945, 69.861932 22.319103, 69.861213 22.319103))"
way,666443893,,cooling,,,,"POLYGON ((69.85094 22.336279, 69.850822 22.336283, 69.850833 22.336534, 69.85095 22.33653, 69.85094 22.336279))"
way,666443894,,cooling,,,,"POLYGON ((69.85093 22.33546, 69.850812 22.335464, 69.850822 22.335715, 69.85094 22.335711, 69.85093 22.33546))"
way,666443896,,cooling,,,,"POLYGON ((69.852815 22.33371, 69.852814 22.333819, 69.853085 22.333821, 69.853086 22.333712, 69.852815 22.33371))"
way,666443897,,cooling,,,,"POLYGON ((69.862487 22.336803, 69.862488 22.336998, 69.863773 22.336992, 69.863772 22.336796, 69.862487 22.336803))"
way,666443898,,cooling,,,,"POLYGON ((69.860918 22.327991, 69.860919 22.328186, 69.86131 22.328184, 69.861309 22.327989, 69.860918 22.327991))"
way,666443899,,cooling,,,,"POLYGON ((69.860682 22.331668, 69.860686 22.331859, 69.861663 22.331841, 69.861659 22.331649, 69.860682 22.331668))"
way,666443900,,cooling,,,,"POLYGON ((69.863809 22.329936, 69.863945 22.329938, 69.863949 22.32969, 69.863813 22.329688, 69.863809 22.329936))"
way,666443901,,cooling,,,,"POLYGON ((69.865027 22.330105, 69.866112 22.330084, 69.866108 22.329886, 69.865023 22.329907, 69.865027 22.330105))"
way,666443902,,cooling,,,,"POLYGON ((69.871105 22.324894, 69.871132 22.326889, 69.871325 22.326887, 69.871298 22.324892, 69.871105 22.324894))"
way,666443903,,cooling,,,,"POLYGON ((69.878154 22.317743, 69.878154 22.317862, 69.878422 22.317862, 69.878422 22.317743, 69.878154 22.317743))"
way,666443904,,cooling,,,,"POLYGON ((69.876813 22.319232, 69.876814 22.319401, 69.877973 22.319391, 69.877971 22.319222, 69.876813 22.319232))"
way,666443905,,cooling,,,,"POLYGON ((69.871716 22.3088, 69.871716 22.309148, 69.8728 22.309148, 69.8728 22.3088, 69.871716 22.3088))"
way,666443906,,cooling,,,,"POLYGON ((69.850272 22.32973, 69.850274 22.329903, 69.850733 22.329898, 69.850731 22.329725, 69.850272 22.32973))"
way,666443907,,cooling,,,,"POLYGON ((69.852088 22.330891, 69.85209 22.331097, 69.853045 22.331089, 69.853043 22.330884, 69.852088 22.330891))"
way,666443908,,cooling,,,,"POLYGON ((69.854309 22.333407, 69.854317 22.333876, 69.854486 22.333873, 69.854478 22.333404, 69.854309 22.333407))"
way,666443909,,cooling,,,,"POLYGON ((69.855457 22.333925, 69.855586 22.333921, 69.855575 22.333626, 69.855446 22.33363, 69.855457 22.333925))"
way,666443910,,cooling,,,,"POLYGON ((69.856632 22.335657, 69.85675 22.335657, 69.85675 22.335354, 69.856632 22.335354, 69.856632 22.335657))"
way,666443911,,cooling,,,,"POLYGON ((69.856653 22.336486, 69.856782 22.336486, 69.856782 22.33624, 69.856653 22.33624, 69.856653 22.336486))"
way,666443912,,cooling,,,,"POLYGON ((69.85811 22.339356, 69.858107 22.34023, 69.858308 22.34023, 69.858311 22.339357, 69.85811 22.339356))"
way,666443913,,cooling,,,,"POLYGON ((69.857332 22.343591, 69.856756 22.343614, 69.856765 22.34382, 69.857342 22.343797, 69.857332 22.343591))"
way,684109100,,,industrial,,,"POLYGON ((69.808377 22.386171, 69.808689 22.386375, 69.808566 22.38707, 69.808167 22.387747, 69.808508 22.388264, 69.809493 22.389182, 69.810241 22.389822, 69.811272 22.390212, 69.811889 22.390313, 69.812722 22.39043, 69.813211 22.390457, 69.813965 22.390284, 69.813814 22.389296, 69.813874 22.388825, 69.813808 22.38834, 69.813451 22.387635, 69.811472 22.384996, 69.81133 22.384708, 69.811285 22.38432, 69.811101 22.384008, 69.809656 22.383986, 69.809599 22.383754, 69.808656 22.383721, 69.808541 22.383813, 69.808523 22.385793, 69.808377 22.386171))"
way,688584478,,cooling,,,,"POLYGON ((69.737775 22.3184, 69.737695 22.318514, 69.737955 22.318669, 69.738035 22.318555, 69.737775 22.3184))"
way,688584480,,,,storage_tank,,"POLYGON ((69.741633 22.32629, 69.741604 22.326302, 69.741577 22.326318, 69.741555 22.32634, 69.741538 22.326364, 69.741526 22.326392, 69.74152 22.32642, 69.74152 22.32645, 69.741526 22.326479, 69.741539 22.326506, 69.741557 22.32653, 69.74158 22.326551, 69.741606 22.326567, 69.741636 22.326578, 69.741667 22.326584, 69.741699 22.326583, 69.74173 22.326577, 69.74176 22.326566, 69.741786 22.326549, 69.741808 22.326528, 69.741826 22.326504, 69.741838 22.326476, 69.741844 22.326447, 69.741843 22.326418, 69.741837 22.326389, 69.741824 22.326362, 69.741806 22.326337, 69.741784 22.326317, 69.741757 22.3263, 69.741727 22.32629, 69.741696 22.326284, 69.741664 22.326284, 69.741633 22.32629))"
way,688584484,,,,storage_tank,,"POLYGON ((69.741418 22.326577, 69.741389 22.326588, 69.741363 22.326605, 69.74134 22.326626, 69.741323 22.326651, 69.741311 22.326678, 69.741305 22.326707, 69.741306 22.326737, 69.741312 22.326765, 69.741324 22.326792, 69.741342 22.326817, 69.741365 22.326838, 69.741392 22.326854, 69.741421 22.326865, 69.741453 22.32687, 69.741485 22.32687, 69.741516 22.326864, 69.741545 22.326852, 69.741571 22.326836, 69.741594 22.326815, 69.741611 22.32679, 69.741623 22.326763, 69.741629 22.326734, 69.741629 22.326704, 69.741622 22.326675, 69.74161 22.326648, 69.741592 22.326624, 69.741569 22.326603, 69.741542 22.326587, 69.741513 22.326576, 69.741482 22.326571, 69.74145 22.326571, 69.741418 22.326577))"
way,688584487,,,,storage_tank,,"POLYGON ((69.741072 22.326381, 69.741043 22.326392, 69.741017 22.326409, 69.740994 22.32643, 69.740977 22.326455, 69.740965 22.326482, 69.740959 22.326511, 69.74096 22.32654, 69.740966 22.326569, 69.740978 22.326596, 69.740996 22.326621, 69.741019 22.326642, 69.741046 22.326658, 69.741075 22.326669, 69.741107 22.326674, 69.741139 22.326674, 69.74117 22.326668, 69.741199 22.326656, 69.741225 22.32664, 69.741248 22.326619, 69.741265 22.326594, 69.741277 22.326567, 69.741283 22.326538, 69.741283 22.326508, 69.741276 22.326479, 69.741264 22.326452, 69.741246 22.326428, 69.741223 22.326407, 69.741196 22.326391, 69.741167 22.32638, 69.741136 22.326375, 69.741104 22.326375, 69.741072 22.326381))"
way,688584490,,,,storage_tank,,"POLYGON ((69.741278 22.326077, 69.741249 22.326088, 69.741223 22.326105, 69.7412 22.326126, 69.741183 22.32615, 69.741171 22.326178, 69.741165 22.326207, 69.741166 22.326236, 69.741172 22.326265, 69.741184 22.326292, 69.741202 22.326317, 69.741225 22.326337, 69.741252 22.326354, 69.741281 22.326364, 69.741313 22.32637, 69.741345 22.32637, 69.741376 22.326364, 69.741405 22.326352, 69.741431 22.326336, 69.741454 22.326314, 69.741471 22.32629, 69.741483 22.326262, 69.741489 22.326234, 69.741489 22.326204, 69.741482 22.326175, 69.74147 22.326148, 69.741452 22.326124, 69.741429 22.326103, 69.741402 22.326087, 69.741373 22.326076, 69.741342 22.32607, 69.74131 22.326071, 69.741278 22.326077))"
way,688584495,,cooling,,,,"POLYGON ((69.740822 22.336823, 69.740935 22.336892, 69.741171 22.33656, 69.741058 22.336491, 69.740822 22.336823))"
way,688584528,,,,storage_tank,,"POLYGON ((69.753664 22.332384, 69.75363 22.3324, 69.7536 22.332424, 69.753576 22.332452, 69.753558 22.332484, 69.753548 22.332518, 69.753546 22.332554, 69.753551 22.332589, 69.753564 22.332623, 69.753584 22.332654, 69.75361 22.33268, 69.753642 22.332701, 69.753677 22.332716, 69.753715 22.332724, 69.753754 22.332724, 69.753792 22.332717, 69.753827 22.332704, 69.75386 22.332684, 69.753887 22.332658, 69.753908 22.332628, 69.753922 22.332595, 69.753928 22.332559, 69.753927 22.332523, 69.753918 22.332488, 69.753901 22.332456, 69.753878 22.332427, 69.753849 22.332404, 69.753815 22.332386, 69.753778 22.332374, 69.75374 22.33237, 69.753701 22.332373, 69.753664 22.332384))"
way,688584529,,,,storage_tank,,"POLYGON ((69.753281 22.332925, 69.753247 22.332942, 69.753217 22.332965, 69.753193 22.332993, 69.753176 22.333025, 69.753165 22.33306, 69.753163 22.333096, 69.753168 22.333131, 69.753181 22.333165, 69.753201 22.333196, 69.753227 22.333222, 69.753259 22.333243, 69.753294 22.333258, 69.753332 22.333265, 69.753371 22.333266, 69.753409 22.333259, 69.753445 22.333246, 69.753477 22.333226, 69.753504 22.3332, 69.753525 22.33317, 69.753539 22.333136, 69.753545 22.333101, 69.753544 22.333065, 69.753535 22.33303, 69.753518 22.332998, 69.753495 22.332969, 69.753466 22.332945, 69.753432 22.332928, 69.753396 22.332916, 69.753357 22.332912, 69.753318 22.332915, 69.753281 22.332925))"
way,688584530,,,,storage_tank,,"POLYGON ((69.752204 22.335039, 69.752176 22.335054, 69.752151 22.335075, 69.752133 22.3351, 69.75212 22.335129, 69.752115 22.335159, 69.752118 22.33519, 69.752127 22.335219, 69.752144 22.335245, 69.752166 22.335268, 69.752193 22.335285, 69.752224 22.335296, 69.752257 22.335301, 69.75229 22.335299, 69.752322 22.33529, 69.75235 22.335275, 69.752375 22.335254, 69.752393 22.335229, 69.752406 22.335201, 69.752411 22.33517, 69.752408 22.33514, 69.752399 22.33511, 69.752382 22.335084, 69.75236 22.335062, 69.752333 22.335044, 69.752302 22.335033, 69.752269 22.335028, 69.752236 22.33503, 69.752204 22.335039))"
way,688584531,,,,storage_tank,,"POLYGON ((69.751874 22.33483, 69.751846 22.334845, 69.751822 22.334866, 69.751803 22.334891, 69.75179 22.334919, 69.751785 22.334949, 69.751788 22.33498, 69.751797 22.335009, 69.751814 22.335036, 69.751836 22.335058, 69.751864 22.335076, 69.751894 22.335087, 69.751927 22.335092, 69.75196 22.335089, 69.751992 22.33508, 69.75202 22.335065, 69.752045 22.335045, 69.752063 22.335019, 69.752076 22.334991, 69.752081 22.334961, 69.752078 22.33493, 69.752069 22.334901, 69.752052 22.334874, 69.75203 22.334852, 69.752003 22.334834, 69.751972 22.334823, 69.751939 22.334818, 69.751906 22.334821, 69.751874 22.33483))"
way,688584532,,,,storage_tank,,"POLYGON ((69.751597 22.335203, 69.751568 22.335218, 69.751544 22.335239, 69.751525 22.335264, 69.751513 22.335292, 69.751508 22.335323, 69.75151 22.335353, 69.75152 22.335382, 69.751536 22.335409, 69.751559 22.335432, 69.751586 22.335449, 69.751617 22.33546, 69.751649 22.335465, 69.751682 22.335463, 69.751714 22.335454, 69.751743 22.335439, 69.751767 22.335418, 69.751786 22.335393, 69.751798 22.335364, 69.751803 22.335334, 69.751801 22.335304, 69.751791 22.335274, 69.751775 22.335248, 69.751752 22.335225, 69.751725 22.335208, 69.751694 22.335197, 69.751662 22.335192, 69.751629 22.335194, 69.751597 22.335203))"
way,688584533,,,,storage_tank,,"POLYGON ((69.7519 22.337268, 69.751867 22.337285, 69.751837 22.337306, 69.751812 22.337333, 69.751794 22.337364, 69.751783 22.337398, 69.751778 22.337432, 69.751782 22.337467, 69.751792 22.337501, 69.75181 22.337532, 69.751833 22.33756, 69.751862 22.337582, 69.751896 22.337599, 69.751932 22.33761, 69.751969 22.337614, 69.752007 22.337611, 69.752044 22.337601, 69.752077 22.337585, 69.752107 22.337563, 69.752131 22.337536, 69.75215 22.337506, 69.752161 22.337472, 69.752166 22.337437, 69.752162 22.337402, 69.752152 22.337368, 69.752134 22.337337, 69.752111 22.33731, 69.752082 22.337287, 69.752048 22.33727, 69.752012 22.33726, 69.751975 22.337256, 69.751937 22.337259, 69.7519 22.337268))"
way,688584534,,,,storage_tank,,"POLYGON ((69.752205 22.336849, 69.752171 22.336865, 69.752141 22.336887, 69.752117 22.336914, 69.752099 22.336945, 69.752087 22.336978, 69.752083 22.337013, 69.752086 22.337048, 69.752097 22.337082, 69.752114 22.337113, 69.752138 22.33714, 69.752167 22.337163, 69.7522 22.33718, 69.752236 22.337191, 69.752274 22.337194, 69.752312 22.337192, 69.752348 22.337182, 69.752382 22.337166, 69.752411 22.337144, 69.752436 22.337117, 69.752454 22.337086, 69.752466 22.337053, 69.75247 22.337018, 69.752467 22.336983, 69.752456 22.336949, 69.752439 22.336918, 69.752415 22.336891, 69.752386 22.336868, 69.752353 22.336851, 69.752317 22.33684, 69.752279 22.336836, 69.752241 22.336839, 69.752205 22.336849))"
way,688584535,,,,storage_tank,,"POLYGON ((69.752749 22.33609, 69.752716 22.336106, 69.752686 22.336128, 69.752661 22.336155, 69.752643 22.336186, 69.752632 22.336219, 69.752627 22.336254, 69.752631 22.336289, 69.752641 22.336323, 69.752658 22.336354, 69.752682 22.336381, 69.752711 22.336404, 69.752744 22.336421, 69.752781 22.336431, 69.752818 22.336435, 69.752856 22.336432, 69.752892 22.336423, 69.752926 22.336406, 69.752956 22.336385, 69.75298 22.336358, 69.752999 22.336327, 69.75301 22.336294, 69.753014 22.336259, 69.753011 22.336224, 69.753001 22.33619, 69.752983 22.336159, 69.75296 22.336131, 69.752931 22.336109, 69.752897 22.336092, 69.752861 22.336081, 69.752824 22.336077, 69.752786 22.33608, 69.752749 22.33609))"
way,688584536,,,,storage_tank,,"POLYGON ((69.753099 22.335607, 69.753066 22.335624, 69.753036 22.335646, 69.753011 22.335672, 69.752993 22.335703, 69.752982 22.335736, 69.752977 22.335771, 69.752981 22.335806, 69.752991 22.33584, 69.753008 22.335871, 69.753032 22.335899, 69.753061 22.335921, 69.753094 22.335938, 69.753131 22.335949, 69.753168 22.335953, 69.753206 22.33595, 69.753243 22.33594, 69.753276 22.335924, 69.753306 22.335902, 69.75333 22.335875, 69.753349 22.335844, 69.75336 22.335811, 69.753364 22.335776, 69.753361 22.335741, 69.753351 22.335708, 69.753333 22.335676, 69.75331 22.335649, 69.753281 22.335626, 69.753247 22.335609, 69.753211 22.335599, 69.753174 22.335595, 69.753136 22.335598, 69.753099 22.335607))"
way,688584537,,,,storage_tank,,"POLYGON ((69.756177 22.337522, 69.756133 22.337544, 69.756094 22.337572, 69.756062 22.337608, 69.756038 22.337648, 69.756022 22.337692, 69.756017 22.337738, 69.756021 22.337784, 69.756035 22.337828, 69.756058 22.337869, 69.756089 22.337905, 69.756127 22.337935, 69.756171 22.337958, 69.756218 22.337972, 69.756268 22.337977, 69.756318 22.337973, 69.756366 22.33796, 69.75641 22.337939, 69.756449 22.33791, 69.756481 22.337875, 69.756506 22.337834, 69.756521 22.33779, 69.756526 22.337744, 69.756522 22.337698, 69.756508 22.337654, 69.756485 22.337613, 69.756454 22.337577, 69.756416 22.337547, 69.756372 22.337525, 69.756325 22.337511, 69.756275 22.337506, 69.756225 22.33751, 69.756177 22.337522))"
way,688584538,,,,storage_tank,,"POLYGON ((69.756829 22.337924, 69.756785 22.337946, 69.756746 22.337974, 69.756714 22.33801, 69.756689 22.33805, 69.756674 22.338094, 69.756669 22.33814, 69.756673 22.338186, 69.756687 22.33823, 69.75671 22.338271, 69.756741 22.338307, 69.756779 22.338337, 69.756823 22.338359, 69.75687 22.338373, 69.75692 22.338379, 69.75697 22.338375, 69.757018 22.338362, 69.757062 22.338341, 69.757101 22.338312, 69.757133 22.338276, 69.757157 22.338236, 69.757172 22.338192, 69.757178 22.338146, 69.757174 22.3381, 69.75716 22.338056, 69.757137 22.338015, 69.757106 22.337979, 69.757068 22.337949, 69.757024 22.337927, 69.756976 22.337913, 69.756927 22.337908, 69.756877 22.337912, 69.756829 22.337924))"
way,688584539,,,,storage_tank,,"POLYGON ((69.75607 22.339912, 69.756026 22.339933, 69.755987 22.339962, 69.755954 22.339997, 69.75593 22.340037, 69.755915 22.340081, 69.75591 22.340127, 69.755914 22.340173, 69.755928 22.340218, 69.755951 22.340258, 69.755982 22.340295, 69.75602 22.340324, 69.756064 22.340347, 69.756111 22.340361, 69.756161 22.340366, 69.756211 22.340362, 69.756258 22.340349, 69.756303 22.340328, 69.756342 22.340299, 69.756374 22.340264, 69.756398 22.340223, 69.756413 22.340179, 69.756419 22.340133, 69.756415 22.340087, 69.756401 22.340043, 69.756378 22.340002, 69.756347 22.339966, 69.756309 22.339936, 69.756265 22.339914, 69.756217 22.3399, 69.756168 22.339895, 69.756118 22.339899, 69.75607 22.339912))"
way,688584540,,,,storage_tank,,"POLYGON ((69.756786 22.339877, 69.756742 22.339898, 69.756703 22.339927, 69.756671 22.339962, 69.756646 22.340002, 69.756631 22.340046, 69.756626 22.340092, 69.75663 22.340138, 69.756644 22.340183, 69.756667 22.340224, 69.756698 22.34026, 69.756736 22.34029, 69.75678 22.340312, 69.756827 22.340326, 69.756877 22.340331, 69.756927 22.340327, 69.756975 22.340314, 69.757019 22.340293, 69.757058 22.340264, 69.75709 22.340229, 69.757114 22.340189, 69.75713 22.340145, 69.757135 22.340099, 69.757131 22.340053, 69.757117 22.340008, 69.757094 22.339967, 69.757063 22.339931, 69.757025 22.339902, 69.756981 22.339879, 69.756933 22.339865, 69.756884 22.33986, 69.756834 22.339864, 69.756786 22.339877))"
way,688584541,,,,storage_tank,,"POLYGON ((69.757049 22.340509, 69.757005 22.340531, 69.756966 22.340559, 69.756934 22.340595, 69.756909 22.340635, 69.756894 22.340679, 69.756889 22.340725, 69.756893 22.340771, 69.756907 22.340815, 69.75693 22.340856, 69.756961 22.340892, 69.756999 22.340922, 69.757043 22.340944, 69.75709 22.340958, 69.75714 22.340964, 69.75719 22.34096, 69.757238 22.340947, 69.757282 22.340926, 69.757321 22.340897, 69.757353 22.340862, 69.757377 22.340821, 69.757392 22.340777, 69.757398 22.340731, 69.757394 22.340685, 69.75738 22.340641, 69.757357 22.3406, 69.757326 22.340564, 69.757288 22.340534, 69.757244 22.340512, 69.757196 22.340498, 69.757147 22.340493, 69.757097 22.340497, 69.757049 22.340509))"
way,688584542,,,,storage_tank,,"POLYGON ((69.757776 22.34047, 69.757732 22.340491, 69.757692 22.34052, 69.75766 22.340555, 69.757636 22.340595, 69.757621 22.340639, 69.757616 22.340685, 69.75762 22.340731, 69.757634 22.340776, 69.757656 22.340817, 69.757688 22.340853, 69.757726 22.340882, 69.75777 22.340905, 69.757817 22.340919, 69.757867 22.340924, 69.757916 22.34092, 69.757964 22.340907, 69.758009 22.340886, 69.758048 22.340857, 69.75808 22.340822, 69.758104 22.340782, 69.758119 22.340738, 69.758125 22.340692, 69.75812 22.340646, 69.758107 22.340601, 69.758084 22.34056, 69.758053 22.340524, 69.758014 22.340494, 69.757971 22.340472, 69.757923 22.340458, 69.757874 22.340453, 69.757824 22.340457, 69.757776 22.34047))"
way,688584543,,,,storage_tank,,"POLYGON ((69.760217 22.34001, 69.760166 22.340034, 69.76012 22.340068, 69.760082 22.340109, 69.760054 22.340156, 69.760037 22.340208, 69.76003 22.340261, 69.760035 22.340315, 69.760051 22.340367, 69.760078 22.340414, 69.760114 22.340457, 69.760159 22.340491, 69.76021 22.340517, 69.760265 22.340534, 69.760323 22.34054, 69.760381 22.340535, 69.760437 22.34052, 69.760489 22.340495, 69.760534 22.340462, 69.760572 22.340421, 69.7606 22.340374, 69.760618 22.340322, 69.760624 22.340269, 69.760619 22.340215, 69.760603 22.340163, 69.760576 22.340115, 69.76054 22.340073, 69.760496 22.340039, 69.760444 22.340013, 69.760389 22.339996, 69.760331 22.33999, 69.760273 22.339995, 69.760217 22.34001))"
way,688584544,,,,storage_tank,,"POLYGON ((69.759082 22.341622, 69.759029 22.341648, 69.758983 22.341683, 69.758945 22.341726, 69.758918 22.341776, 69.758902 22.341829, 69.758897 22.341885, 69.758905 22.34194, 69.758925 22.341992, 69.758956 22.34204, 69.758996 22.342081, 69.759045 22.342114, 69.7591 22.342136, 69.759158 22.342149, 69.759218 22.34215, 69.759278 22.34214, 69.759333 22.342119, 69.759383 22.342088, 69.759425 22.342048, 69.759458 22.342002, 69.75948 22.34195, 69.75949 22.341895, 69.759488 22.34184, 69.759474 22.341786, 69.759449 22.341735, 69.759413 22.341691, 69.759368 22.341654, 69.759316 22.341626, 69.759259 22.341608, 69.7592 22.341601, 69.75914 22.341606, 69.759082 22.341622))"
way,688584547,,,,storage_tank,,"POLYGON ((69.748232 22.344122, 69.748179 22.344148, 69.748132 22.344183, 69.748095 22.344226, 69.748067 22.344276, 69.748051 22.344329, 69.748047 22.344385, 69.748055 22.34444, 69.748075 22.344492, 69.748106 22.34454, 69.748146 22.344581, 69.748195 22.344614, 69.74825 22.344637, 69.748308 22.344649, 69.748368 22.34465, 69.748427 22.34464, 69.748483 22.344619, 69.748533 22.344588, 69.748575 22.344548, 69.748608 22.344502, 69.74863 22.34445, 69.74864 22.344395, 69.748638 22.34434, 69.748624 22.344286, 69.748599 22.344235, 69.748563 22.344191, 69.748518 22.344154, 69.748466 22.344126, 69.748409 22.344108, 69.74835 22.344102, 69.74829 22.344106, 69.748232 22.344122))"
way,688584548,,cooling,,,,"POLYGON ((69.748724 22.34336, 69.748638 22.343479, 69.749598 22.344077, 69.749684 22.343958, 69.748724 22.34336))"
way,693344720,,,industrial,,,"POLYGON ((69.871894 22.367272, 69.876511 22.367084, 69.8781 22.366586, 69.879398 22.366874, 69.880224 22.367846, 69.879838 22.369027, 69.881179 22.369434, 69.881426 22.369682, 69.883733 22.370228, 69.883819 22.370644, 69.887348 22.371716, 69.887145 22.37124, 69.886812 22.371091, 69.885825 22.369692, 69.884806 22.369255, 69.883862 22.367995, 69.883432 22.367876, 69.879872 22.364358, 69.877132 22.361963, 69.876978 22.361875, 69.875759 22.361938, 69.873709 22.361941, 69.873634 22.361851, 69.873546 22.361876, 69.872827 22.361886, 69.87214 22.361849, 69.871395 22.364344, 69.870933 22.366264, 69.871325 22.366472, 69.871894 22.367272))"
way,693344721,,,industrial,,,"POLYGON ((69.895717 22.347476, 69.896092 22.347694, 69.89576 22.351366, 69.896811 22.352924, 69.897047 22.353608, 69.897026 22.354114, 69.897991 22.354829, 69.899075 22.355365, 69.899687 22.355166, 69.899665 22.350383, 69.901714 22.350423, 69.901746 22.35077, 69.906092 22.35078, 69.906006 22.350244, 69.9046 22.350026, 69.903892 22.348984, 69.904096 22.348429, 69.904514 22.348389, 69.9043 22.347813, 69.900084 22.348101, 69.899472 22.348141, 69.899408 22.347059, 69.898742 22.34691, 69.898603 22.346295, 69.899397 22.346186, 69.901982 22.346305, 69.901961 22.344995, 69.90048 22.344826, 69.900598 22.344172, 69.900427 22.344142, 69.900416 22.343884, 69.899568 22.343864, 69.89959 22.343449, 69.898756 22.343502, 69.898828 22.342584, 69.898421 22.342485, 69.898517 22.34177, 69.900411 22.342006, 69.90033 22.339197, 69.899947 22.339111, 69.897525 22.338515, 69.896438 22.33816, 69.894563 22.337718, 69.89458 22.342872, 69.894982 22.342896, 69.89466 22.346955, 69.895261 22.347094, 69.895717 22.347476))"
way,693344722,,,industrial,,,"POLYGON ((69.899842 22.338967, 69.90099 22.339165, 69.901639 22.33918, 69.904815 22.339195, 69.905137 22.339116, 69.905174 22.335776, 69.905443 22.334436, 69.905282 22.332918, 69.905174 22.33264, 69.904734 22.331941, 69.904311 22.330397, 69.904209 22.329752, 69.903774 22.328641, 69.901564 22.328517, 69.899375 22.32739, 69.899826 22.324681, 69.899193 22.324244, 69.898635 22.324507, 69.898244 22.324894, 69.897514 22.325986, 69.897224 22.326909, 69.895765 22.332874, 69.895454 22.333593, 69.894156 22.336277, 69.894092 22.336734, 69.894134 22.33727, 69.894301 22.337443, 69.894419 22.337518, 69.895406 22.337806, 69.896575 22.338074, 69.897458 22.338391, 69.898654 22.338622, 69.899842 22.338967))"
way,971811809,Vadinar Power Plant,,industrial,,plant,"POLYGON ((69.732557 22.325025, 69.735039 22.321486, 69.741272 22.325226, 69.73879 22.328765, 69.732557 22.325025))"
way,984259059,,,industrial,,,"POLYGON ((69.999177 22.429434, 69.999713 22.429416, 69.999743 22.4296, 70.002224 22.429434, 70.002323 22.429881, 70.002122 22.430003, 70.001691 22.430248, 70.001504 22.430233, 70.000171 22.43169, 69.997036 22.431297, 69.997002 22.430832, 69.997714 22.430899, 69.998454 22.431006, 69.998487 22.43073, 69.999012 22.430797, 69.999254 22.42969, 69.99921 22.429618, 69.999177 22.429434))"
way,984259062,,,industrial,,,"POLYGON ((69.946321 22.433003, 69.946716 22.431623, 69.94798 22.431894, 69.947679 22.433659, 69.947621 22.433684, 69.946321 22.433003))"
way,984259071,,,industrial,,,"POLYGON ((69.816778 22.341696, 69.816207 22.341923, 69.816979 22.343585, 69.81755 22.343358, 69.816778 22.341696))"
way,984259072,,,,works,,"POLYGON ((69.847873 22.359191, 69.850346 22.359183, 69.850332 22.35582, 69.84786 22.355828, 69.847873 22.359191))"
way,1002375029,,,industrial,,plant,"POLYGON ((69.844465 22.422191, 69.844508 22.423282, 69.842202 22.423481, 69.842218 22.422459, 69.844465 22.422191))"
way,1060504139,,,,storage_tank,,"POLYGON ((69.853621 22.437542, 69.853625 22.437454, 69.853593 22.437372, 69.853528 22.437306, 69.853442 22.437269, 69.853347 22.437265, 69.853257 22.437295, 69.853187 22.437355, 69.853146 22.437435, 69.853142 22.437523, 69.853175 22.437606, 69.853239 22.437671, 69.853325 22.437708, 69.853421 22.437712, 69.85351 22.437682, 69.853581 22.437622, 69.853621 22.437542))"
way,1060504140,,,,storage_tank,,"POLYGON ((69.853023 22.436858, 69.853027 22.43677, 69.852994 22.436687, 69.85293 22.436622, 69.852844 22.436585, 69.852748 22.436581, 69.852659 22.436611, 69.852588 22.436671, 69.852548 22.43675, 69.852544 22.436838, 69.852576 22.436921, 69.852641 22.436986, 69.852727 22.437024, 69.852822 22.437028, 69.852912 22.436998, 69.852982 22.436938, 69.853023 22.436858))"
way,1060504141,,,,storage_tank,,"POLYGON ((69.853144 22.435715, 69.853148 22.435627, 69.853115 22.435544, 69.853051 22.435479, 69.852964 22.435442, 69.852869 22.435438, 69.85278 22.435468, 69.852709 22.435528, 69.852669 22.435608, 69.852665 22.435696, 69.852697 22.435778, 69.852762 22.435844, 69.852848 22.435881, 69.852943 22.435885, 69.853033 22.435855, 69.853103 22.435795, 69.853144 22.435715))"
way,1060504142,,,,storage_tank,,"POLYGON ((69.850978 22.43384, 69.850982 22.433752, 69.850949 22.433669, 69.850885 22.433604, 69.850799 22.433566, 69.850703 22.433563, 69.850614 22.433593, 69.850543 22.433652, 69.850503 22.433732, 69.850499 22.43382, 69.850531 22.433903, 69.850596 22.433968, 69.850682 22.434005, 69.850777 22.434009, 69.850867 22.433979, 69.850937 22.43392, 69.850978 22.43384))"
way,1060504143,,,,storage_tank,,"POLYGON ((69.852162 22.430736, 69.852166 22.430648, 69.852134 22.430565, 69.852069 22.4305, 69.851983 22.430462, 69.851888 22.430459, 69.851798 22.430489, 69.851728 22.430548, 69.851687 22.430628, 69.851683 22.430716, 69.851715 22.430799, 69.85178 22.430864, 69.851866 22.430901, 69.851962 22.430905, 69.852051 22.430875, 69.852122 22.430816, 69.852162 22.430736))"
way,1060504144,,,,storage_tank,,"POLYGON ((69.851781 22.432, 69.851785 22.431912, 69.851753 22.431829, 69.851688 22.431764, 69.851602 22.431727, 69.851507 22.431723, 69.851417 22.431753, 69.851347 22.431813, 69.851306 22.431892, 69.851302 22.43198, 69.851335 22.432063, 69.851399 22.432128, 69.851485 22.432166, 69.851581 22.43217, 69.85167 22.43214, 69.851741 22.43208, 69.851781 22.432))"
way,1060504145,,,,storage_tank,,"POLYGON ((69.852643 22.431544, 69.852648 22.431456, 69.852615 22.431373, 69.852551 22.431308, 69.852464 22.431271, 69.852369 22.431267, 69.852279 22.431297, 69.852209 22.431356, 69.852169 22.431436, 69.852164 22.431524, 69.852197 22.431607, 69.852261 22.431672, 69.852348 22.43171, 69.852443 22.431714, 69.852533 22.431683, 69.852603 22.431624, 69.852643 22.431544))"
way,1060504146,,,,storage_tank,,"POLYGON ((69.855206 22.432041, 69.85521 22.431953, 69.855178 22.43187, 69.855114 22.431805, 69.855027 22.431768, 69.854932 22.431764, 69.854842 22.431794, 69.854772 22.431854, 69.854731 22.431933, 69.854727 22.432021, 69.85476 22.432104, 69.854824 22.432169, 69.85491 22.432207, 69.855006 22.43221, 69.855095 22.43218, 69.855166 22.432121, 69.855206 22.432041))"
way,1060504147,,,,storage_tank,,"POLYGON ((69.854597 22.431362, 69.854602 22.431274, 69.854569 22.431191, 69.854505 22.431126, 69.854418 22.431088, 69.854323 22.431085, 69.854233 22.431115, 69.854163 22.431174, 69.854123 22.431254, 69.854118 22.431342, 69.854151 22.431425, 69.854215 22.43149, 69.854302 22.431527, 69.854397 22.431531, 69.854486 22.431501, 69.854557 22.431442, 69.854597 22.431362))"
way,1144541890,Pipli,,,,substation,"POLYGON ((69.945395 22.353885, 69.945689 22.353389, 69.946342 22.353736, 69.946509 22.353839, 69.94667 22.354367, 69.946581 22.354521, 69.945395 22.353885))"
way,1154004416,Zankhar,,,,substation,"POLYGON ((69.77387 22.340444, 69.77454 22.340563, 69.77441 22.34119, 69.77374 22.34107, 69.77387 22.340444))"
way,1154004460,Navaniya,,,,substation,"POLYGON ((69.833306 22.295326, 69.83279 22.294898, 69.833246 22.294426, 69.833762 22.294855, 69.833306 22.295326))"
way,1154004461,IOCL,,,,substation,"POLYGON ((69.725044 22.409061, 69.725245 22.409998, 69.72564 22.409925, 69.725439 22.408988, 69.725044 22.409061))"
way,1159186265,,,industrial,,,"POLYGON ((69.928681 22.33981, 69.924325 22.340177, 69.923472 22.337066, 69.921348 22.332779, 69.919996 22.331509, 69.918352 22.331953, 69.918116 22.331717, 69.917732 22.329732, 69.918022 22.329038, 69.928681 22.33981))"
way,1159186269,,,industrial,,,"POLYGON ((69.927689 22.324711, 69.919476 22.324795, 69.919485 22.318688, 69.910676 22.31866, 69.910877 22.313545, 69.917035 22.312384, 69.923483 22.312116, 69.926112 22.317922, 69.927249 22.321823, 69.927689 22.324711))"
way,1263638688,,,industrial,,plant,"POLYGON ((69.996995 22.270464, 69.995895 22.270636, 69.995405 22.270705, 69.994926 22.270828, 69.99464 22.27104, 69.99408 22.271641, 69.993774 22.272128, 69.993394 22.272847, 69.993062 22.273436, 69.992817 22.273877, 69.992666 22.274306, 69.992547 22.274723, 69.992372 22.274981, 69.992249 22.275328, 69.992437 22.275508, 69.992355 22.275994, 69.992323 22.276305, 69.992453 22.276677, 69.992776 22.277118, 69.993054 22.277617, 69.993283 22.278246, 69.993447 22.278753, 69.993553 22.279035, 69.993831 22.279375, 69.99388 22.279657, 69.993827 22.280184, 69.993888 22.28101, 69.993819 22.2815, 69.993672 22.281684, 69.993488 22.281725, 69.993541 22.282183, 69.99437 22.282183, 69.994491 22.282177, 69.994787 22.281942, 69.99529 22.281627, 69.995429 22.281514, 69.995523 22.28131, 69.995803 22.280967, 69.996114 22.280401, 69.996388 22.280219, 69.997176 22.279728, 69.998732 22.278639, 69.998662 22.278169, 69.998576 22.277952, 69.997922 22.278148, 69.997922 22.277956, 69.997751 22.27796, 69.99751 22.277662, 69.997346 22.277703, 69.997277 22.277625, 69.997297 22.277298, 69.997571 22.277331, 69.997947 22.277131, 69.998245 22.277094, 69.99865 22.277245, 69.998711 22.277055, 69.998824 22.277059, 69.998666 22.276785, 69.998681 22.276638, 69.999204 22.276599, 69.999216 22.276387, 69.998959 22.275894, 69.998578 22.275933, 69.998523 22.275731, 69.998178 22.2757, 69.997606 22.275927, 69.997534 22.275506, 69.998133 22.27513, 69.998887 22.274788, 69.998752 22.274482, 69.998484 22.274059, 69.998284 22.273785, 69.99801 22.273194, 69.997802 22.272653, 69.997587 22.271915, 69.997393 22.271496, 69.996995 22.270464))"
way,1333561675,,,industrial,,plant,"POLYGON ((69.854016 22.329487, 69.854009 22.328473, 69.859874 22.328435, 69.859882 22.329448, 69.854016 22.329487))"
way,1340347613,,,industrial,,,"POLYGON ((69.8765 22.380179, 69.879142 22.38193, 69.879918 22.381699, 69.880445 22.377821, 69.879964 22.377702, 69.878671 22.378804, 69.8765 22.380179))"
way,1340347614,,,industrial,,,"POLYGON ((69.876288 22.38011, 69.872972 22.378026, 69.873055 22.371671, 69.874921 22.370894, 69.874995 22.372918, 69.87723 22.372842, 69.877378 22.378069, 69.87868 22.378607, 69.876288 22.38011))"
way,1340347615,,,industrial,,,"POLYGON ((69.877609 22.377932, 69.878847 22.378385, 69.879466 22.377864, 69.879512 22.376788, 69.880288 22.376651, 69.882431 22.375917, 69.882874 22.37461, 69.881701 22.373311, 69.879401 22.372816, 69.877535 22.372799, 69.877609 22.377932))"
way,1340347616,,,industrial,,,"POLYGON ((69.87506 22.372825, 69.874958 22.370792, 69.873083 22.371484, 69.873157 22.369305, 69.874394 22.367776, 69.880934 22.369604, 69.881313 22.36992, 69.883419 22.370424, 69.883752 22.370997, 69.886439 22.37168, 69.885636 22.372175, 69.884047 22.371817, 69.883225 22.373687, 69.879382 22.372722, 69.87506 22.372825))"
way,1340347617,,,industrial,,,"POLYGON ((69.884463 22.376523, 69.883151 22.374439, 69.884102 22.371928, 69.885636 22.372252, 69.886486 22.371774, 69.887391 22.371979, 69.887677 22.372611, 69.889054 22.372466, 69.891954 22.3725, 69.891298 22.374166, 69.891751 22.376514, 69.88746 22.376485, 69.887365 22.375895, 69.885793 22.375906, 69.885786 22.376487, 69.884463 22.376523))"
way,1340347620,,,industrial,,,"POLYGON ((69.892517 22.376352, 69.892102 22.373619, 69.895168 22.373431, 69.89502 22.377172, 69.89369 22.376404, 69.892517 22.376352))"
way,1340347621,,,industrial,,,"POLYGON ((69.887917 22.372389, 69.889072 22.372244, 69.892268 22.372124, 69.891926 22.369288, 69.890975 22.368067, 69.889635 22.367674, 69.888961 22.367187, 69.888721 22.367008, 69.88764 22.366999, 69.887317 22.366692, 69.886864 22.36658, 69.885607 22.366538, 69.884221 22.366605, 69.883668 22.367435, 69.885026 22.369134, 69.885922 22.369638, 69.886763 22.370766, 69.887206 22.371091, 69.887917 22.372389))"
way,1340347622,,,industrial,,,"POLYGON ((69.893487 22.368989, 69.892351 22.368451, 69.891169 22.367204, 69.891427 22.367008, 69.894697 22.366213, 69.894799 22.365778, 69.896295 22.365274, 69.896785 22.365812, 69.896517 22.367742, 69.893487 22.368989))"
way,1340347635,,,industrial,,,"POLYGON ((69.883961 22.36614, 69.883013 22.36734, 69.882135 22.366388, 69.883751 22.364318, 69.884771 22.365106, 69.883961 22.36614))"
way,1340347647,,,industrial,,,"POLYGON ((69.890621 22.367772, 69.89065 22.367801, 69.890661 22.36783, 69.890656 22.367855, 69.890642 22.36786, 69.889631 22.367546, 69.888848 22.366952, 69.88688 22.366517, 69.884191 22.366486, 69.883349 22.367626, 69.883103 22.367335, 69.88491 22.365106, 69.883719 22.364226, 69.881655 22.362498, 69.881808 22.362274, 69.882946 22.361336, 69.88373 22.361435, 69.883694 22.36235, 69.88617 22.362503, 69.886471 22.361506, 69.887768 22.361887, 69.888239 22.362498, 69.888758 22.362934, 69.89026 22.367522, 69.890621 22.367772))"
way,1340347652,,,industrial,,,"POLYGON ((69.873049 22.369058, 69.871967 22.367323, 69.875884 22.36719, 69.875623 22.368007, 69.874357 22.367665, 69.873049 22.369058))"
way,1340347655,,,industrial,,,"POLYGON ((69.867633 22.375514, 69.869083 22.376342, 69.871522 22.377734, 69.872574 22.377709, 69.872695 22.369287, 69.8713 22.366972, 69.870607 22.367057, 69.868944 22.372789, 69.868649 22.372926, 69.867633 22.375514))"
way,1340347657,,,industrial,,,"POLYGON ((69.862991 22.385742, 69.862709 22.385495, 69.862578 22.385244, 69.862538 22.384927, 69.863867 22.381422, 69.864557 22.381645, 69.862991 22.385742))"
way,1340347658,,,industrial,,,"POLYGON ((69.863389 22.38206, 69.862638 22.381817, 69.863666 22.379176, 69.863848 22.379112, 69.864248 22.37922, 69.86438 22.379328, 69.863389 22.38206))"
way,1340347659,,oil,industrial,,,"POLYGON ((69.86386 22.378798, 69.864012 22.37889, 69.864497 22.378906, 69.867429 22.371295, 69.869018 22.365974, 69.872116 22.355126, 69.871878 22.355044, 69.847791 22.355289, 69.847798 22.355616, 69.871525 22.35559, 69.866784 22.371339, 69.86386 22.378798))"
way,1478855931,Jamnagar,,,,substation,"POLYGON ((69.908086 22.357527, 69.909824 22.35809, 69.910665 22.358052, 69.911246 22.356522, 69.908702 22.355679, 69.908086 22.357527))"
way,1546503276,,,,storage_tank,,"POLYGON ((69.734894 22.407101, 69.734951 22.407083, 69.735011 22.407076, 69.735072 22.40708, 69.735131 22.407095, 69.735185 22.407121, 69.735232 22.407156, 69.735271 22.407199, 69.7353 22.407248, 69.735318 22.407302, 69.735323 22.407358, 69.735316 22.407414, 69.735298 22.407468, 69.735268 22.407517, 69.735228 22.407559, 69.73518 22.407594, 69.735126 22.407618, 69.735067 22.407633, 69.735006 22.407636, 69.734946 22.407627, 69.734893 22.40761, 69.734844 22.407584, 69.734801 22.407549, 69.734766 22.407508, 69.73474 22.407462, 69.734723 22.407411, 69.734717 22.407359, 69.734722 22.407307, 69.734737 22.407256, 69.734762 22.407209, 69.734796 22.407167, 69.734841 22.40713, 69.734894 22.407101))"
way,1546503277,,,,storage_tank,,"POLYGON ((69.736244 22.407124, 69.736301 22.407106, 69.736362 22.407099, 69.736422 22.407103, 69.736481 22.407118, 69.736535 22.407144, 69.736582 22.407179, 69.736621 22.407222, 69.73665 22.407272, 69.736668 22.407325, 69.736673 22.407381, 69.736666 22.407437, 69.736648 22.407491, 69.736618 22.40754, 69.736578 22.407582, 69.73653 22.407617, 69.736476 22.407642, 69.736417 22.407656, 69.736356 22.407659, 69.736296 22.407651, 69.736243 22.407633, 69.736194 22.407607, 69.736151 22.407572, 69.736116 22.407531, 69.73609 22.407485, 69.736073 22.407434, 69.736067 22.407382, 69.736072 22.40733, 69.736087 22.40728, 69.736112 22.407232, 69.736146 22.40719, 69.736191 22.407153, 69.736244 22.407124))"
way,1546503278,,,,storage_tank,,"POLYGON ((69.735285 22.40517, 69.735343 22.405152, 69.735403 22.405145, 69.735464 22.405149, 69.735522 22.405164, 69.735576 22.40519, 69.735624 22.405225, 69.735663 22.405268, 69.735692 22.405318, 69.735709 22.405371, 69.735715 22.405427, 69.735708 22.405483, 69.73569 22.405537, 69.73566 22.405586, 69.73562 22.405628, 69.735572 22.405663, 69.735517 22.405688, 69.735458 22.405702, 69.735398 22.405705, 69.735338 22.405697, 69.735284 22.405679, 69.735235 22.405653, 69.735192 22.405618, 69.735157 22.405577, 69.735131 22.405531, 69.735115 22.40548, 69.735109 22.405428, 69.735113 22.405376, 69.735128 22.405326, 69.735154 22.405278, 69.735188 22.405236, 69.735233 22.405199, 69.735285 22.40517))"
way,1546503279,,,,storage_tank,,"POLYGON ((69.736276 22.405161, 69.736333 22.405142, 69.736394 22.405135, 69.736454 22.405139, 69.736513 22.405154, 69.736567 22.40518, 69.736614 22.405215, 69.736653 22.405258, 69.736682 22.405308, 69.7367 22.405362, 69.736705 22.405418, 69.736699 22.405473, 69.73668 22.405527, 69.73665 22.405576, 69.736611 22.405618, 69.736563 22.405653, 69.736508 22.405678, 69.736449 22.405692, 69.736388 22.405695, 69.736328 22.405687, 69.736275 22.405669, 69.736226 22.405643, 69.736183 22.405608, 69.736148 22.405567, 69.736122 22.405521, 69.736105 22.40547, 69.736099 22.405418, 69.736104 22.405366, 69.736119 22.405316, 69.736144 22.405268, 69.736178 22.405227, 69.736224 22.405189, 69.736276 22.405161))"
way,1546503280,,,,storage_tank,,"POLYGON ((69.7554 22.339593, 69.75544 22.339595, 69.755478 22.339607, 69.75551 22.339629, 69.755534 22.339659, 69.755548 22.339694, 69.75555 22.339732, 69.75554 22.339768, 69.755518 22.339799, 69.755488 22.339824, 69.755452 22.33984, 69.755412 22.339844, 69.755372 22.339838, 69.75534 22.339824, 69.755312 22.339802, 69.755292 22.339774, 69.75528 22.339743, 69.755278 22.339709, 69.755286 22.339676, 69.755302 22.339646, 69.755327 22.339622, 69.755361 22.339602, 69.7554 22.339593))"
way,1546503281,,,,storage_tank,,"POLYGON ((69.755702 22.339152, 69.755742 22.339154, 69.75578 22.339166, 69.755812 22.339189, 69.755836 22.339218, 69.75585 22.339254, 69.755852 22.339291, 69.755842 22.339327, 69.75582 22.339359, 69.75579 22.339383, 69.755754 22.339399, 69.755714 22.339404, 69.755674 22.339398, 69.755642 22.339383, 69.755614 22.339361, 69.755594 22.339334, 69.755582 22.339302, 69.75558 22.339268, 69.755588 22.339236, 69.755604 22.339206, 69.755628 22.339181, 69.755663 22.339162, 69.755702 22.339152))"
way,1546503282,,,,storage_tank,,"POLYGON ((69.754995 22.339291, 69.755036 22.339293, 69.755073 22.339305, 69.755106 22.339327, 69.75513 22.339357, 69.755143 22.339392, 69.755145 22.339429, 69.755135 22.339466, 69.755114 22.339497, 69.755084 22.339522, 69.755047 22.339538, 69.755007 22.339542, 69.754968 22.339536, 69.754935 22.339522, 69.754908 22.3395, 69.754887 22.339472, 69.754876 22.33944, 69.754874 22.339407, 69.754881 22.339374, 69.754898 22.339344, 69.754922 22.33932, 69.754956 22.3393, 69.754995 22.339291))"
way,1546503283,,,,storage_tank,,"POLYGON ((69.754552 22.339008, 69.754592 22.33901, 69.75463 22.339022, 69.754662 22.339044, 69.754686 22.339074, 69.754699 22.339109, 69.754701 22.339146, 69.754691 22.339182, 69.75467 22.339214, 69.75464 22.339239, 69.754604 22.339254, 69.754564 22.339259, 69.754524 22.339253, 69.754491 22.339239, 69.754464 22.339217, 69.754444 22.339189, 69.754432 22.339157, 69.75443 22.339124, 69.754437 22.339091, 69.754454 22.339061, 69.754478 22.339037, 69.754513 22.339017, 69.754552 22.339008))"
way,1546503284,,,,storage_tank,,"POLYGON ((69.754802 22.338645, 69.754842 22.338647, 69.75488 22.338659, 69.754913 22.338681, 69.754937 22.338711, 69.75495 22.338746, 69.754952 22.338784, 69.754942 22.33882, 69.754921 22.338851, 69.754891 22.338876, 69.754854 22.338892, 69.754814 22.338896, 69.754774 22.33889, 69.754742 22.338876, 69.754714 22.338854, 69.754694 22.338826, 69.754682 22.338794, 69.75468 22.338761, 69.754688 22.338728, 69.754704 22.338698, 69.754729 22.338674, 69.754763 22.338654, 69.754802 22.338645))"
way,1546503285,,,,storage_tank,,"POLYGON ((69.755287 22.338879, 69.755327 22.33888, 69.755365 22.338893, 69.755397 22.338915, 69.755421 22.338945, 69.755435 22.33898, 69.755437 22.339017, 69.755426 22.339053, 69.755406 22.339085, 69.755376 22.33911, 69.755339 22.339125, 69.755299 22.33913, 69.755259 22.339124, 69.755227 22.33911, 69.755199 22.339088, 69.755179 22.33906, 69.755167 22.339028, 69.755165 22.338995, 69.755173 22.338962, 69.755189 22.338932, 69.755214 22.338907, 69.755248 22.338888, 69.755287 22.338879))"
way,1546503286,,,,storage_tank,,"POLYGON ((69.754366 22.336894, 69.754406 22.336896, 69.754444 22.336908, 69.754476 22.336931, 69.7545 22.33696, 69.754514 22.336996, 69.754515 22.337033, 69.754505 22.337069, 69.754484 22.337101, 69.754454 22.337125, 69.754418 22.337141, 69.754378 22.337146, 69.754338 22.33714, 69.754305 22.337125, 69.754278 22.337103, 69.754258 22.337076, 69.754246 22.337044, 69.754244 22.33701, 69.754251 22.336978, 69.754268 22.336948, 69.754292 22.336923, 69.754327 22.336904, 69.754366 22.336894))"
way,1546503287,,,,storage_tank,,"POLYGON ((69.754774 22.337185, 69.754814 22.337187, 69.754852 22.337199, 69.754884 22.337222, 69.754908 22.337251, 69.754921 22.337286, 69.754923 22.337324, 69.754913 22.33736, 69.754892 22.337392, 69.754862 22.337416, 69.754825 22.337432, 69.754786 22.337437, 69.754746 22.337431, 69.754713 22.337416, 69.754686 22.337394, 69.754665 22.337366, 69.754654 22.337335, 69.754652 22.337301, 69.754659 22.337268, 69.754676 22.337239, 69.7547 22.337214, 69.754734 22.337194, 69.754774 22.337185))"
way,1546503288,,,,storage_tank,,"POLYGON ((69.754577 22.336491, 69.754618 22.336493, 69.754655 22.336505, 69.754688 22.336528, 69.754712 22.336557, 69.754725 22.336592, 69.754727 22.33663, 69.754717 22.336666, 69.754696 22.336697, 69.754666 22.336722, 69.754629 22.336738, 69.754589 22.336743, 69.75455 22.336737, 69.754517 22.336722, 69.75449 22.3367, 69.754469 22.336672, 69.754458 22.336641, 69.754456 22.336607, 69.754463 22.336574, 69.75448 22.336545, 69.754504 22.33652, 69.754538 22.3365, 69.754577 22.336491))"
way,1546503289,,,,storage_tank,,"POLYGON ((69.755072 22.336753, 69.755112 22.336755, 69.75515 22.336767, 69.755183 22.33679, 69.755207 22.336819, 69.75522 22.336854, 69.755222 22.336892, 69.755212 22.336928, 69.755191 22.33696, 69.755161 22.336984, 69.755124 22.337, 69.755084 22.337005, 69.755045 22.336999, 69.755012 22.336984, 69.754984 22.336962, 69.754964 22.336934, 69.754953 22.336903, 69.754951 22.336869, 69.754958 22.336836, 69.754975 22.336807, 69.754999 22.336782, 69.755033 22.336762, 69.755072 22.336753))"
way,1546503290,,,,storage_tank,,"POLYGON ((69.753791 22.338299, 69.753827 22.338318, 69.753851 22.338347, 69.753861 22.338384, 69.753855 22.338421, 69.753833 22.338453, 69.7538 22.338474, 69.75376 22.338482, 69.753721 22.338474, 69.753689 22.338455, 69.753668 22.338426, 69.753659 22.338392, 69.753664 22.338358, 69.753683 22.338327, 69.753712 22.338305, 69.753751 22.338295, 69.753791 22.338299))"
way,1546503291,,,,storage_tank,,"POLYGON ((69.753618 22.337996, 69.753653 22.338014, 69.753678 22.338044, 69.753688 22.33808, 69.753681 22.338117, 69.75366 22.338149, 69.753627 22.338171, 69.753587 22.338178, 69.753547 22.338171, 69.753516 22.338152, 69.753494 22.338123, 69.753485 22.338089, 69.753491 22.338054, 69.753509 22.338024, 69.753539 22.338002, 69.753578 22.337991, 69.753618 22.337996))"
way,1546503292,,,,storage_tank,,"POLYGON ((69.754138 22.33831, 69.754174 22.338328, 69.754198 22.338358, 69.754208 22.338394, 69.754202 22.338432, 69.75418 22.338463, 69.754147 22.338485, 69.754107 22.338492, 69.754068 22.338485, 69.754036 22.338466, 69.754014 22.338437, 69.754006 22.338403, 69.754011 22.338368, 69.75403 22.338338, 69.754059 22.338316, 69.754098 22.338305, 69.754138 22.33831))"
way,1546503293,,,,storage_tank,,"POLYGON ((69.754156 22.337261, 69.754191 22.33728, 69.754216 22.33731, 69.754226 22.337346, 69.75422 22.337383, 69.754198 22.337415, 69.754165 22.337436, 69.754125 22.337444, 69.754086 22.337437, 69.754054 22.337417, 69.754032 22.337389, 69.754024 22.337354, 69.754029 22.33732, 69.754048 22.337289, 69.754077 22.337268, 69.754116 22.337257, 69.754156 22.337261))"
way,1546503294,,,,storage_tank,,"POLYGON ((69.754601 22.33756, 69.754637 22.337579, 69.754661 22.337609, 69.754671 22.337645, 69.754665 22.337682, 69.754643 22.337714, 69.75461 22.337736, 69.75457 22.337743, 69.754531 22.337736, 69.754499 22.337717, 69.754478 22.337688, 69.754469 22.337654, 69.754474 22.337619, 69.754493 22.337589, 69.754522 22.337567, 69.754561 22.337556, 69.754601 22.33756))"
way,1546503295,,,,storage_tank,,"POLYGON ((69.742271 22.324919, 69.742306 22.324938, 69.742331 22.324967, 69.742341 22.325004, 69.742335 22.325041, 69.742313 22.325073, 69.74228 22.325094, 69.74224 22.325102, 69.7422 22.325094, 69.742169 22.325075, 69.742147 22.325046, 69.742138 22.325012, 69.742144 22.324978, 69.742162 22.324947, 69.742192 22.324925, 69.742231 22.324915, 69.742271 22.324919))"
way,1546503296,,,,storage_tank,,"POLYGON ((69.742751 22.32519, 69.742786 22.325208, 69.742811 22.325238, 69.742821 22.325274, 69.742814 22.325312, 69.742793 22.325343, 69.74276 22.325365, 69.74272 22.325372, 69.74268 22.325365, 69.742649 22.325346, 69.742627 22.325317, 69.742618 22.325283, 69.742624 22.325248, 69.742642 22.325218, 69.742672 22.325196, 69.74271 22.325185, 69.742751 22.32519))"
way,1546503297,,,,storage_tank,,"POLYGON ((69.742488 22.324661, 69.742523 22.324679, 69.742548 22.324709, 69.742558 22.324746, 69.742551 22.324782, 69.74253 22.324814, 69.742497 22.324836, 69.742457 22.324844, 69.742417 22.324836, 69.742386 22.324817, 69.742364 22.324788, 69.742355 22.324754, 69.742361 22.32472, 69.742379 22.324689, 69.742409 22.324667, 69.742448 22.324656, 69.742488 22.324661))"
way,1546503298,,,,storage_tank,,"POLYGON ((69.7429 22.324942, 69.742935 22.32496, 69.74296 22.32499, 69.74297 22.325026, 69.742963 22.325063, 69.742942 22.325095, 69.742909 22.325117, 69.742869 22.325124, 69.742829 22.325117, 69.742798 22.325098, 69.742776 22.325069, 69.742767 22.325035, 69.742772 22.325, 69.742791 22.32497, 69.742821 22.324948, 69.74286 22.324937, 69.7429 22.324942))"
way,1546503299,,,,storage_tank,,"POLYGON ((69.741342 22.325603, 69.741377 22.325622, 69.741401 22.325652, 69.741411 22.325688, 69.741405 22.325725, 69.741384 22.325757, 69.74135 22.325778, 69.741311 22.325786, 69.741271 22.325779, 69.741239 22.32576, 69.741218 22.325731, 69.741209 22.325697, 69.741214 22.325662, 69.741233 22.325632, 69.741262 22.32561, 69.741301 22.325599, 69.741342 22.325603))"
way,1546503300,,,,storage_tank,,"POLYGON ((69.741618 22.325766, 69.741653 22.325785, 69.741678 22.325815, 69.741688 22.325851, 69.741681 22.325888, 69.74166 22.32592, 69.741627 22.325942, 69.741587 22.325949, 69.741547 22.325942, 69.741516 22.325922, 69.741494 22.325894, 69.741485 22.32586, 69.741491 22.325825, 69.741509 22.325795, 69.741539 22.325773, 69.741578 22.325762, 69.741618 22.325766))"
way,1546504606,,,,storage_tank,,"POLYGON ((69.734797 22.318151, 69.734835 22.318142, 69.734874 22.318142, 69.734912 22.318148, 69.734947 22.318162, 69.734979 22.318182, 69.735005 22.318208, 69.735025 22.318239, 69.735038 22.318273, 69.735042 22.318308, 69.735038 22.318344, 69.735027 22.318378, 69.735008 22.318409, 69.734982 22.318436, 69.734951 22.318457, 69.734915 22.318472, 69.734878 22.318479, 69.734839 22.318479, 69.734801 22.318471, 69.734767 22.318457, 69.734737 22.318436, 69.734712 22.318411, 69.734692 22.318381, 69.73468 22.318348, 69.734676 22.318313, 69.734679 22.318279, 69.73469 22.318246, 69.734708 22.318215, 69.734732 22.318188, 69.734762 22.318166, 69.734797 22.318151))"
way,1546504607,,,,storage_tank,,"POLYGON ((69.735955 22.317795, 69.735992 22.317786, 69.736031 22.317785, 69.736069 22.317792, 69.736105 22.317806, 69.736136 22.317826, 69.736163 22.317852, 69.736183 22.317883, 69.736195 22.317917, 69.7362 22.317952, 69.736196 22.317988, 69.736184 22.318022, 69.736165 22.318053, 69.736139 22.31808, 69.736108 22.318101, 69.736073 22.318115, 69.736035 22.318123, 69.735996 22.318122, 69.735959 22.318115, 69.735924 22.3181, 69.735894 22.31808, 69.735869 22.318054, 69.73585 22.318024, 69.735838 22.317992, 69.735834 22.317957, 69.735837 22.317922, 69.735847 22.317889, 69.735865 22.317859, 69.735889 22.317832, 69.73592 22.31781, 69.735955 22.317795))"
