{
"type": "FeatureCollection",
"name": "jamnagar_osm_industrial_features",
"crs": { "type": "name", "properties": { "name": "urn:ogc:def:crs:OGC:1.3:CRS84" } },
"features": [
{ "type": "Feature", "properties": { "osm_type": "node", "osm_id": 12102019343, "name": "Essar Power Limited", "industrial": "", "landuse": "", "man_made": "works", "power": "" }, "geometry": { "type": "Point", "coordinates": [ 69.7354255, 22.3244991 ] } },
{ "type": "Feature", "properties": { "osm_type": "node", "osm_id": 12102034391, "name": "Reliance industries", "industrial": "", "landuse": "", "man_made": "works", "power": "" }, "geometry": { "type": "Point", "coordinates": [ 69.8457621, 22.3552984 ] } },
{ "type": "Feature", "properties": { "osm_type": "way", "osm_id": 91585872, "name": "Reliance Refinery", "industrial": "refinery", "landuse": "industrial", "man_made": "", "power": "" }, "geometry": { "type": "Polygon", "coordinates": [ [ [ 69.8798724, 22.3643581 ], [ 69.8806661, 22.3632337 ], [ 69.8813281, 22.3623998 ], [ 69.8831157, 22.3610355 ], [ 69.8832691, 22.3612496 ], [ 69.8839529, 22.3612322 ], [ 69.8839071, 22.3622231 ], [ 69.8860375, 22.3623525 ], [ 69.8863193, 22.3612439 ], [ 69.8879588, 22.3617766 ], [ 69.8882684, 22.3622928 ], [ 69.8886157, 22.3625136 ], [ 69.8896764, 22.3626431 ], [ 69.8897552, 22.3614766 ], [ 69.8926779, 22.3605802 ], [ 69.8946559, 22.3599669 ], [ 69.8960784, 22.359134 ], [ 69.8954165, 22.3565454 ], [ 69.8954487, 22.3562576 ], [ 69.89591, 22.3557218 ], [ 69.8967576, 22.3539854 ], [ 69.8964894, 22.352884 ], [ 69.896146, 22.3529038 ], [ 69.8955774, 22.3527748 ], [ 69.8956954, 22.3524374 ], [ 69.8953414, 22.3516535 ], [ 69.8957169, 22.347476 ], [ 69.8952609, 22.347094 ], [ 69.8946601, 22.346955 ], [ 69.894982, 22.3428964 ], [ 69.8945796, 22.3428716 ], [ 69.8945632, 22.3377177 ], [ 69.8942525, 22.3376444 ], [ 69.8939681, 22.3373045 ], [ 69.8939171, 22.3369944 ], [ 69.8938956, 22.3366942 ], [ 69.8939118, 22.3364386 ], [ 69.8941237, 22.3357664 ], [ 69.8949444, 22.3341289 ], [ 69.8955667, 22.3329777 ], [ 69.896425, 22.3296431 ], [ 69.8972833, 22.3259612 ], [ 69.8984527, 22.3243534 ], [ 69.9000943, 22.3236289 ], [ 69.8994613, 22.322954 ], [ 69.894644, 22.3210286 ], [ 69.8927665, 22.3197483 ], [ 69.8927343, 22.3192594 ], [ 69.8933592, 22.3193984 ], [ 69.8935014, 22.3182868 ], [ 69.8927289, 22.317721 ], [ 69.891758, 22.3171032 ], [ 69.8912859, 22.3169618 ], [ 69.8903471, 22.3168799 ], [ 69.8893815, 22.3169891 ], [ 69.8887163, 22.3172471 ], [ 69.8878902, 22.3176789 ], [ 69.8869193, 22.3186863 ], [ 69.8866028, 22.3192867 ], [ 69.8863345, 22.3199914 ], [ 69.886297, 22.3214851 ], [ 69.8863506, 22.3228498 ], [ 69.8858893, 22.3243186 ], [ 69.8854333, 22.3249637 ], [ 69.8838615, 22.3270777 ], [ 69.8827565, 22.3291519 ], [ 69.8815629, 22.3314593 ], [ 69.8812088, 22.3322086 ], [ 69.880895, 22.3331092 ], [ 69.8807958, 22.3333349 ], [ 69.8806939, 22.3333424 ], [ 69.8803988, 22.3340916 ], [ 69.8802003, 22.3345531 ], [ 69.8798731, 22.3361285 ], [ 69.8796049, 22.3376717 ], [ 69.8787332, 22.3409191 ], [ 69.8724476, 22.3398623 ], [ 69.8754374, 22.3350592 ], [ 69.8758799, 22.3343482 ], [ 69.8854553, 22.318964 ], [ 69.8883177, 22.3159114 ], [ 69.8764665, 22.3078421 ], [ 69.8709011, 22.3042247 ], [ 69.8688733, 22.3023387 ], [ 69.8683154, 22.3023387 ], [ 69.8679399, 22.3024181 ], [ 69.867425, 22.3026861 ], [ 69.8668349, 22.3031328 ], [ 69.8652052, 22.3047022 ], [ 69.8631249, 22.3067386 ], [ 69.8613947, 22.3093464 ], [ 69.8530483, 22.3130189 ], [ 69.8521471, 22.3204827 ], [ 69.8518038, 22.3250878 ], [ 69.8448825, 22.3274782 ], [ 69.8449251, 22.3334614 ], [ 69.844476, 22.3334466 ], [ 69.844307, 22.3336227 ], [ 69.8434487, 22.3336302 ], [ 69.8433226, 22.3334267 ], [ 69.8427379, 22.3331786 ], [ 69.8423623, 22.3331749 ], [ 69.8422336, 22.3354686 ], [ 69.8421156, 22.3356571 ], [ 69.8418474, 22.3360491 ], [ 69.8378885, 22.3360888 ], [ 69.8378563, 22.3355629 ], [ 69.8364293, 22.335022 ], [ 69.8357534, 22.3348632 ], [ 69.835673, 22.335672 ], [ 69.8347664, 22.3355778 ], [ 69.8345948, 22.3368828 ], [ 69.8349112, 22.3368827 ], [ 69.8348951, 22.3383754 ], [ 69.835723, 22.338405 ], [ 69.8357867, 22.3389354 ], [ 69.837395, 22.3389977 ], [ 69.8372183, 22.3405888 ], [ 69.8372889, 22.3412619 ], [ 69.8336874, 22.3412375 ], [ 69.8330712, 22.3429907 ], [ 69.8351097, 22.3434075 ], [ 69.8354316, 22.3431296 ], [ 69.8365999, 22.3430949 ], [ 69.8372146, 22.3432128 ], [ 69.8365512, 22.3450326 ], [ 69.8358285, 22.3461562 ], [ 69.8359358, 22.3462902 ], [ 69.836027, 22.3468062 ], [ 69.8360538, 22.3471039 ], [ 69.8358715, 22.347481 ], [ 69.8363328, 22.3473867 ], [ 69.8364186, 22.346955 ], [ 69.8369712, 22.3468161 ], [ 69.8370516, 22.3463745 ], [ 69.8383069, 22.3462356 ], [ 69.8393476, 22.3461562 ], [ 69.8396083, 22.347113 ], [ 69.8396371, 22.3479611 ], [ 69.8399989, 22.3486231 ], [ 69.8399837, 22.3471509 ], [ 69.8446043, 22.3473113 ], [ 69.844766, 22.3473169 ], [ 69.8448446, 22.3473196 ], [ 69.845024, 22.3473321 ], [ 69.8451338, 22.3627353 ], [ 69.8458256, 22.3627359 ], [ 69.8550231, 22.3712334 ], [ 69.8551192, 22.3653739 ], [ 69.8564011, 22.3654117 ], [ 69.8571862, 22.364969 ], [ 69.8576817, 22.3643361 ], [ 69.8605872, 22.3652214 ], [ 69.8598692, 22.3638741 ], [ 69.859941, 22.363456 ], [ 69.86916, 22.3634529 ], [ 69.8713946, 22.3643442 ], [ 69.8721403, 22.3618488 ], [ 69.8728269, 22.361886 ], [ 69.8735458, 22.3618761 ], [ 69.8736343, 22.3618513 ], [ 69.8737094, 22.3619406 ], [ 69.8757586, 22.3619381 ], [ 69.8769783, 22.3618754 ], [ 69.8771319, 22.3619629 ], [ 69.8798724, 22.3643581 ] ] ] } },
{ "type": "Feature", "properties": { "osm_type": "way", "osm_id": 139729613, "name": "G.S.F.C.", "industrial": "", "landuse": "", "man_made": "", "power": "substation" }, "geometry": { "type": "Polygon", "coordinates": [ [ [ 69.855844, 22.385811 ], [ 69.856165, 22.3861177 ], [ 69.8565706, 22.3857548 ], [ 69.8562495, 22.3854481 ], [ 69.855844, 22.385811 ] ] ] } },
{ "type": "Feature", "properties": { "osm_type": "way", "osm_id": 139729620, "name": "", "industrial": "", "landuse": "", "man_made": "", "power": "substation" }, "geometry": { "type": "Polygon", "coordinates": [ [ [ 69.8513388, 22.4282482 ], [ 69.8515702, 22.428487 ], [ 69.8517341, 22.4283514 ], [ 69.8515027, 22.4281125 ], [ 69.8513388, 22.4282482 ] ] ] } },
{ "type": "Feature", "properties": { "osm_type": "way", "osm_id": 139729623, "name": "", "industrial": "", "landuse": "", "man_made": "", "power": "substation" }, "geometry": { "type": "Polygon", "coordinates": [ [ [ 69.8486441, 22.4360765 ], [ 69.8485391, 22.4363814 ], [ 69.8488837, 22.4364829 ], [ 69.8489888, 22.436178 ], [ 69.8486441, 22.4360765 ] ] ] } },
{ "type": "Feature", "properties": { "osm_type": "way", "osm_id": 139729634, "name": "", "industrial": "", "landuse": "", "man_made": "", "power": "substation" }, "geometry": { "type": "Polygon", "coordinates": [ [ [ 69.8754503, 22.344715 ], [ 69.8759769, 22.3448324 ], [ 69.8760262, 22.3446433 ], [ 69.8754995, 22.344526 ], [ 69.8754503, 22.344715 ] ] ] } },
{ "type": "Feature", "properties": { "osm_type": "way", "osm_id": 139729708, "name": "Sikka TPS", "industrial": "", "landuse": "", "man_made": "", "power": "substation" }, "geometry": { "type": "Polygon", "coordinates": [ [ [ 69.8243968, 22.4208538 ], [ 69.8245337, 22.4222798 ], [ 69.8241281, 22.4223131 ], [ 69.8241427, 22.4224644 ], [ 69.8241944, 22.4230033 ], [ 69.824531, 22.4229757 ], [ 69.8244954, 22.4226046 ], [ 69.8254136, 22.4225293 ], [ 69.8252495, 22.4208199 ], [ 69.8255059, 22.4207989 ], [ 69.825456, 22.4202793 ], [ 69.8252649, 22.420295 ], [ 69.8251747, 22.4193553 ], [ 69.8235615, 22.4194876 ], [ 69.8236982, 22.4209112 ], [ 69.8243968, 22.4208538 ] ] ] } },
{ "type": "Feature", "properties": { "osm_type": "way", "osm_id": 139787908, "name": "", "industrial": "", "landuse": "industrial", "man_made": "", "power": "" }, "geometry": { "type": "Polygon", "coordinates": [ [ [ 69.8568193, 22.4181941 ], [ 69.8567413, 22.4182678 ], [ 69.8563819, 22.4186075 ], [ 69.8555231, 22.4194732 ], [ 69.8552768, 22.4198537 ], [ 69.8551375, 22.4205726 ], [ 69.8550759, 22.4206805 ], [ 69.8548782, 22.4214174 ], [ 69.8548847, 22.4218158 ], [ 69.8544602, 22.4222741 ], [ 69.8535626, 22.422397 ], [ 69.8534848, 22.4242452 ], [ 69.8529015, 22.4251708 ], [ 69.85237, 22.4232237 ], [ 69.8517932, 22.4233346 ], [ 69.8520395, 22.4237539 ], [ 69.8521043, 22.4240086 ], [ 69.8520038, 22.4251229 ], [ 69.8518418, 22.4266716 ], [ 69.8516863, 22.4272138 ], [ 69.8515307, 22.4274834 ], [ 69.8505423, 22.4281154 ], [ 69.8499526, 22.4297899 ], [ 69.8493628, 22.4312007 ], [ 69.8490873, 22.4320693 ], [ 69.84876, 22.4339085 ], [ 69.8480439, 22.4362958 ], [ 69.847224, 22.4387549 ], [ 69.8463717, 22.4413307 ], [ 69.8461805, 22.4418818 ], [ 69.8460153, 22.4420915 ], [ 69.8460913, 22.4421035 ], [ 69.846968, 22.4422413 ], [ 69.8490387, 22.4413816 ], [ 69.8501924, 22.4407946 ], [ 69.8513687, 22.4404082 ], [ 69.8515955, 22.4405819 ], [ 69.8522177, 22.4404831 ], [ 69.8526552, 22.4400877 ], [ 69.8541912, 22.4392551 ], [ 69.8548892, 22.4390218 ], [ 69.8560092, 22.4385602 ], [ 69.858226, 22.437939 ], [ 69.8604585, 22.4373591 ], [ 69.8628533, 22.4368978 ], [ 69.8635371, 22.4362688 ], [ 69.8641625, 22.4356278 ], [ 69.8643796, 22.4357686 ], [ 69.8647976, 22.4353582 ], [ 69.8643893, 22.4350467 ], [ 69.8651249, 22.4341721 ], [ 69.8657568, 22.434882 ], [ 69.8658249, 22.4347741 ], [ 69.8674484, 22.4357806 ], [ 69.8675748, 22.4362448 ], [ 69.8685049, 22.4368858 ], [ 69.8695548, 22.4363796 ], [ 69.8693942, 22.4356378 ], [ 69.8693942, 22.4352963 ], [ 69.8694623, 22.4347991 ], [ 69.8696956, 22.4343139 ], [ 69.86989, 22.4339874 ], [ 69.8701136, 22.4332236 ], [ 69.8701233, 22.4328941 ], [ 69.8699905, 22.4325975 ], [ 69.8697377, 22.432292 ], [ 69.8677772, 22.4315492 ], [ 69.8674077, 22.4315222 ], [ 69.8673364, 22.4313155 ], [ 69.8674952, 22.4312796 ], [ 69.867641, 22.4308512 ], [ 69.8667499, 22.4295692 ], [ 69.8672198, 22.4281883 ], [ 69.8677026, 22.4273945 ], [ 69.8688174, 22.4262592 ], [ 69.8709043, 22.4241803 ], [ 69.8712608, 22.4238059 ], [ 69.8731234, 22.4162667 ], [ 69.870444, 22.4143744 ], [ 69.8675344, 22.4135912 ], [ 69.8664486, 22.4142842 ], [ 69.8658451, 22.4140859 ], [ 69.8656332, 22.4140189 ], [ 69.8654294, 22.414014 ], [ 69.8647347, 22.4141999 ], [ 69.8645228, 22.4142198 ], [ 69.8638649, 22.4141676 ], [ 69.8632944, 22.4141776 ], [ 69.863179, 22.4141603 ], [ 69.8628679, 22.4140512 ], [ 69.8625594, 22.4139768 ], [ 69.8623146, 22.4139565 ], [ 69.8620123, 22.4139991 ], [ 69.861376, 22.4141255 ], [ 69.8607302, 22.4147238 ], [ 69.8604405, 22.4156505 ], [ 69.8601884, 22.4156133 ], [ 69.8597404, 22.4170638 ], [ 69.8595446, 22.4170291 ], [ 69.8594996, 22.4173962 ], [ 69.8591772, 22.4173886 ], [ 69.8591235, 22.417701 ], [ 69.8583806, 22.4176291 ], [ 69.8568193, 22.4181941 ] ] ] } },
{ "type": "Feature", "properties": { "osm_type": "way", "osm_id": 139788086, "name": "", "industrial": "", "landuse": "", "man_made": "storage_tank", "power": "" }, "geometry": { "type": "Polygon", "coordinates": [ [ [ 69.8636534, 22.4333146 ], [ 69.8635184, 22.4332211 ], [ 69.8633549, 22.4331825 ], [ 69.8631879, 22.4332046 ], [ 69.8630427, 22.4332842 ], [ 69.8629415, 22.433409 ], [ 69.8628998, 22.4335601 ], [ 69.8629237, 22.4337145 ], [ 69.8630098, 22.4338487 ], [ 69.8631448, 22.4339422 ], [ 69.8633083, 22.4339808 ], [ 69.8634753, 22.4339587 ], [ 69.8636205, 22.4338791 ], [ 69.8637217, 22.4337543 ], [ 69.8637635, 22.4336032 ], [ 69.8637395, 22.4334488 ], [ 69.8636534, 22.4333146 ] ] ] } },
{ "type": "Feature", "properties": { "osm_type": "way", "osm_id": 139788087, "name": "", "industrial": "", "landuse": "", "man_made": "storage_tank", "power": "" }, "geometry": { "type": "Polygon", "coordinates": [ [ [ 69.8617483, 22.4327822 ], [ 69.8616133, 22.4326887 ], [ 69.8614498, 22.4326501 ], [ 69.8612828, 22.4326722 ], [ 69.8611376, 22.4327518 ], [ 69.8610364, 22.4328766 ], [ 69.8609947, 22.4330277 ], [ 69.8610186, 22.4331821 ], [ 69.8611047, 22.4333163 ], [ 69.8612397, 22.4334098 ], [ 69.8614032, 22.4334484 ], [ 69.8615703, 22.4334263 ], [ 69.8617154, 22.4333467 ], [ 69.8618166, 22.4332219 ], [ 69.8618584, 22.4330708 ], [ 69.8618344, 22.4329164 ], [ 69.8617483, 22.4327822 ] ] ] } },
{ "type": "Feature", "properties": { "osm_type": "way", "osm_id": 139788088, "name": "", "industrial": "", "landuse": "", "man_made": "storage_tank", "power": "" }, "geometry": { "type": "Polygon", "coordinates": [ [ [ 69.850052, 22.4372466 ], [ 69.8500645, 22.4371353 ], [ 69.85003, 22.4370282 ], [ 69.8499538, 22.4369413 ], [ 69.8498474, 22.4368881 ], [ 69.8497271, 22.4368765 ], [ 69.8496111, 22.4369084 ], [ 69.8495172, 22.4369788 ], [ 69.8494596, 22.4370772 ], [ 69.8494471, 22.4371884 ], [ 69.8494815, 22.4372956 ], [ 69.8495578, 22.4373824 ], [ 69.8496642, 22.4374357 ], [ 69.8497845, 22.4374472 ], [ 69.8499004, 22.4374154 ], [ 69.8499944, 22.4373449 ], [ 69.850052, 22.4372466 ] ] ] } },
{ "type": "Feature", "properties": { "osm_type": "way", "osm_id": 139788089, "name": "", "industrial": "", "landuse": "", "man_made": "storage_tank", "power": "" }, "geometry": { "type": "Polygon", "coordinates": [ [ [ 69.8611665, 22.4264686 ], [ 69.8610315, 22.4263752 ], [ 69.860868, 22.4263366 ], [ 69.860701, 22.4263587 ], [ 69.8605558, 22.4264383 ], [ 69.8604547, 22.4265631 ], [ 69.8604129, 22.4267143 ], [ 69.8604369, 22.4268687 ], [ 69.860523, 22.4270028 ], [ 69.8606581, 22.4270963 ], [ 69.8608215, 22.4271349 ], [ 69.8609886, 22.4271127 ], [ 69.8611337, 22.4270332 ], [ 69.8612348, 22.4269083 ], [ 69.8612766, 22.4267572 ], [ 69.8612526, 22.4266028 ], [ 69.8611665, 22.4264686 ] ] ] } },
{ "type": "Feature", "properties": { "osm_type": "way", "osm_id": 139788091, "name": "", "industrial": "", "landuse": "", "man_made": "storage_tank", "power": "" }, "geometry": { "type": "Polygon", "coordinates": [ [ [ 69.8628777, 22.4289403 ], [ 69.8627535, 22.4288603 ], [ 69.8625712, 22.4288234 ], [ 69.8623964, 22.4288578 ], [ 69.8622656, 22.4289411 ], [ 69.8621676, 22.4290817 ], [ 69.8621396, 22.4292237 ], [ 69.862186, 22.4294032 ], [ 69.8622661, 22.4295057 ], [ 69.8624099, 22.4295937 ], [ 69.8626106, 22.4296213 ], [ 69.862746, 22.4295891 ], [ 69.8628772, 22.4295065 ], [ 69.8629626, 22.4293948 ], [ 69.8630045, 22.4292237 ], [ 69.8629799, 22.4290902 ], [ 69.8628777, 22.4289403 ] ] ] } },
{ "type": "Feature", "properties": { "osm_type": "way", "osm_id": 139788092, "name": "", "industrial": "", "landuse": "", "man_made": "storage_tank", "power": "" }, "geometry": { "type": "Polygon", "coordinates": [ [ [ 69.8536288, 22.4350001 ], [ 69.8536413, 22.4348888 ], [ 69.8536068, 22.4347817 ], [ 69.8535306, 22.4346948 ], [ 69.8534242, 22.4346416 ], [ 69.8533039, 22.43463 ], [ 69.8531879, 22.4346619 ], [ 69.853094, 22.4347324 ], [ 69.8530364, 22.4348307 ], [ 69.8530239, 22.4349419 ], [ 69.8530583, 22.4350491 ], [ 69.8531346, 22.435136 ], [ 69.853241, 22.4351892 ], [ 69.8533613, 22.4352008 ], [ 69.8534773, 22.4351689 ], [ 69.8535712, 22.4350984 ], [ 69.8536288, 22.4350001 ] ] ] } },
{ "type": "Feature", "properties": { "osm_type": "way", "osm_id": 139788093, "name": "", "industrial": "", "landuse": "", "man_made": "storage_tank", "power": "" }, "geometry": { "type": "Polygon", "coordinates": [ [ [ 69.8519162, 22.4339803 ], [ 69.8519206, 22.4338632 ], [ 69.8518802, 22.4337635 ], [ 69.8518163, 22.4336939 ], [ 69.851689, 22.4336336 ], [ 69.8515514, 22.4336315 ], [ 69.8514544, 22.4336669 ], [ 69.8513591, 22.4337502 ], [ 69.8513139, 22.4338437 ], [ 69.8513064, 22.4339391 ], [ 69.8513499, 22.4340605 ], [ 69.8514122, 22.4341287 ], [ 69.8515412, 22.4341903 ], [ 69.851642, 22.4341975 ], [ 69.8517757, 22.4341571 ], [ 69.8518537, 22.434095 ], [ 69.8519162, 22.4339803 ] ] ] } },
{ "type": "Feature", "properties": { "osm_type": "way", "osm_id": 139788094, "name": "", "industrial": "", "landuse": "", "man_made": "storage_tank", "power": "" }, "geometry": { "type": "Polygon", "coordinates": [ [ [ 69.8515832, 22.4351873 ], [ 69.8515957, 22.435076 ], [ 69.8515612, 22.4349689 ], [ 69.8514849, 22.434882 ], [ 69.8513786, 22.4348288 ], [ 69.8512582, 22.4348173 ], [ 69.8511423, 22.4348491 ], [ 69.8510483, 22.4349196 ], [ 69.8509908, 22.435018 ], [ 69.8509783, 22.4351292 ], [ 69.8510128, 22.4352363 ], [ 69.851089, 22.4353232 ], [ 69.8511954, 22.4353764 ], [ 69.8513157, 22.435388 ], [ 69.8514317, 22.4353561 ], [ 69.8515256, 22.4352856 ], [ 69.8515832, 22.4351873 ] ] ] } },
{ "type": "Feature", "properties": { "osm_type": "way", "osm_id": 139788095, "name": "", "industrial": "", "landuse": "", "man_made": "storage_tank", "power": "" }, "geometry": { "type": "Polygon", "coordinates": [ [ [ 69.8557401, 22.4281318 ], [ 69.8557445, 22.4280147 ], [ 69.8557041, 22.4279149 ], [ 69.8556401, 22.4278454 ], [ 69.8555128, 22.4277851 ], [ 69.8553753, 22.427783 ], [ 69.8552783, 22.4278183 ], [ 69.855183, 22.4279017 ], [ 69.8551378, 22.4279951 ], [ 69.8551303, 22.4280906 ], [ 69.8551738, 22.428212 ], [ 69.8552361, 22.4282802 ], [ 69.855365, 22.4283418 ], [ 69.8554659, 22.428349 ], [ 69.8555996, 22.4283086 ], [ 69.8556775, 22.4282465 ], [ 69.8557401, 22.4281318 ] ] ] } },
{ "type": "Feature", "properties": { "osm_type": "way", "osm_id": 139788097, "name": "", "industrial": "", "landuse": "", "man_made": "storage_tank", "power": "" }, "geometry": { "type": "Polygon", "coordinates": [ [ [ 69.8586105, 22.4278802 ], [ 69.8584755, 22.4277868 ], [ 69.858312, 22.4277482 ], [ 69.8581449, 22.4277703 ], [ 69.8579998, 22.4278499 ], [ 69.8578987, 22.4279748 ], [ 69.8578569, 22.4281259 ], [ 69.8578809, 22.4282803 ], [ 69.857967, 22.4284144 ], [ 69.858102, 22.4285079 ], [ 69.8582655, 22.4285465 ], [ 69.8584326, 22.4285243 ], [ 69.8585777, 22.4284448 ], [ 69.8586788, 22.4283199 ], [ 69.8587206, 22.4281688 ], [ 69.8586966, 22.4280144 ], [ 69.8586105, 22.4278802 ] ] ] } },
{ "type": "Feature", "properties": { "osm_type": "way", "osm_id": 139788098, "name": "", "industrial": "", "landuse": "", "man_made": "storage_tank", "power": "" }, "geometry": { "type": "Polygon", "coordinates": [ [ [ 69.8567438, 22.4359848 ], [ 69.8567563, 22.4358735 ], [ 69.8567218, 22.4357664 ], [ 69.8566456, 22.4356795 ], [ 69.8565392, 22.4356263 ], [ 69.8564189, 22.4356147 ], [ 69.8563029, 22.4356466 ], [ 69.856209, 22.4357171 ], [ 69.8561514, 22.4358154 ], [ 69.8561389, 22.4359266 ], [ 69.8561734, 22.4360338 ], [ 69.8562496, 22.4361206 ], [ 69.856356, 22.4361739 ], [ 69.8564763, 22.4361855 ], [ 69.8565923, 22.4361536 ], [ 69.8566862, 22.4360831 ], [ 69.8567438, 22.4359848 ] ] ] } },
{ "type": "Feature", "properties": { "osm_type": "way", "osm_id": 139788099, "name": "", "industrial": "", "landuse": "", "man_made": "storage_tank", "power": "" }, "geometry": { "type": "Polygon", "coordinates": [ [ [ 69.8552816, 22.4377453 ], [ 69.8552941, 22.437634 ], [ 69.8552596, 22.4375269 ], [ 69.8551833, 22.4374401 ], [ 69.855077, 22.4373868 ], [ 69.8549566, 22.4373753 ], [ 69.8548407, 22.4374071 ], [ 69.8547467, 22.4374776 ], [ 69.8546892, 22.437576 ], [ 69.8546767, 22.4376872 ], [ 69.8547112, 22.4377943 ], [ 69.8547874, 22.4378812 ], [ 69.8548938, 22.4379344 ], [ 69.8550141, 22.437946 ], [ 69.8551301, 22.4379141 ], [ 69.855224, 22.4378436 ], [ 69.8552816, 22.4377453 ] ] ] } },
{ "type": "Feature", "properties": { "osm_type": "way", "osm_id": 139788100, "name": "", "industrial": "", "landuse": "", "man_made": "storage_tank", "power": "" }, "geometry": { "type": "Polygon", "coordinates": [ [ [ 69.8605359, 22.421434 ], [ 69.8604117, 22.4213539 ], [ 69.8602294, 22.421317 ], [ 69.8600546, 22.4213515 ], [ 69.8599237, 22.4214348 ], [ 69.8598257, 22.4215754 ], [ 69.8597978, 22.4217173 ], [ 69.8598442, 22.4218969 ], [ 69.8599243, 22.4219994 ], [ 69.860068, 22.4220874 ], [ 69.8602687, 22.422115 ], [ 69.8604042, 22.4220828 ], [ 69.8605353, 22.4220001 ], [ 69.8606208, 22.4218885 ], [ 69.8606627, 22.4217173 ], [ 69.8606381, 22.4215839 ], [ 69.8605359, 22.421434 ] ] ] } },
{ "type": "Feature", "properties": { "osm_type": "way", "osm_id": 139788101, "name": "", "industrial": "", "landuse": "", "man_made": "storage_tank", "power": "" }, "geometry": { "type": "Polygon", "coordinates": [ [ [ 69.8562262, 22.4264992 ], [ 69.8562306, 22.4263822 ], [ 69.8561902, 22.4262824 ], [ 69.8561262, 22.4262128 ], [ 69.8559989, 22.4261526 ], [ 69.8558614, 22.4261504 ], [ 69.8557644, 22.4261858 ], [ 69.8556691, 22.4262692 ], [ 69.8556239, 22.4263626 ], [ 69.8556164, 22.426458 ], [ 69.8556598, 22.4265794 ], [ 69.8557222, 22.4266477 ], [ 69.8558511, 22.4267093 ], [ 69.855952, 22.4267164 ], [ 69.8560857, 22.426676 ], [ 69.8561636, 22.4266139 ], [ 69.8562262, 22.4264992 ] ] ] } },
{ "type": "Feature", "properties": { "osm_type": "way", "osm_id": 139788102, "name": "", "industrial": "", "landuse": "", "man_made": "storage_tank", "power": "" }, "geometry": { "type": "Polygon", "coordinates": [ [ [ 69.8634474, 22.4270506 ], [ 69.8633232, 22.4269706 ], [ 69.8631409, 22.4269337 ], [ 69.862966, 22.4269681 ], [ 69.8628352, 22.4270514 ], [ 69.8627372, 22.427192 ], [ 69.8627092, 22.427334 ], [ 69.8627556, 22.4275135 ], [ 69.8628358, 22.427616 ], [ 69.8629795, 22.427704 ], [ 69.8631802, 22.4277316 ], [ 69.8633156, 22.4276994 ], [ 69.8634468, 22.4276168 ], [ 69.8635323, 22.4275051 ], [ 69.8635742, 22.427334 ], [ 69.8635496, 22.4272005 ], [ 69.8634474, 22.4270506 ] ] ] } },
{ "type": "Feature", "properties": { "osm_type": "way", "osm_id": 139788103, "name": "", "industrial": "", "landuse": "", "man_made": "storage_tank", "power": "" }, "geometry": { "type": "Polygon", "coordinates": [ [ [ 69.8682386, 22.4249854 ], [ 69.8681144, 22.4249053 ], [ 69.8679321, 22.4248684 ], [ 69.8677573, 22.4249029 ], [ 69.8676264, 22.4249861 ], [ 69.8675284, 22.4251268 ], [ 69.8675005, 22.4252687 ], [ 69.8675469, 22.4254483 ], [ 69.867627, 22.4255507 ], [ 69.8677707, 22.4256388 ], [ 69.8679714, 22.4256663 ], [ 69.8681069, 22.4256342 ], [ 69.868238, 22.4255515 ], [ 69.8683235, 22.4254398 ], [ 69.8683654, 22.4252687 ], [ 69.8683408, 22.4251353 ], [ 69.8682386, 22.4249854 ] ] ] } },
{ "type": "Feature", "properties": { "osm_type": "way", "osm_id": 139788104, "name": "", "industrial": "", "landuse": "", "man_made": "storage_tank", "power": "" }, "geometry": { "type": "Polygon", "coordinates": [ [ [ 69.8642132, 22.4313624 ], [ 69.864089, 22.4312823 ], [ 69.8639067, 22.4312455 ], [ 69.8637319, 22.4312799 ], [ 69.863601, 22.4313632 ], [ 69.863503, 22.4315038 ], [ 69.8634751, 22.4316457 ], [ 69.8635214, 22.4318253 ], [ 69.8636016, 22.4319277 ], [ 69.8637453, 22.4320158 ], [ 69.863946, 22.4320434 ], [ 69.8640815, 22.4320112 ], [ 69.8642126, 22.4319285 ], [ 69.8642981, 22.4318169 ], [ 69.86434, 22.4316457 ], [ 69.8643154, 22.4315123 ], [ 69.8642132, 22.4313624 ] ] ] } },
{ "type": "Feature", "properties": { "osm_type": "way", "osm_id": 139788105, "name": "", "industrial": "", "landuse": "", "man_made": "storage_tank", "power": "" }, "geometry": { "type": "Polygon", "coordinates": [ [ [ 69.8574365, 22.4224704 ], [ 69.857449, 22.4223591 ], [ 69.8574145, 22.4222519 ], [ 69.8573383, 22.4221651 ], [ 69.8572319, 22.4221119 ], [ 69.8571115, 22.4221003 ], [ 69.8569956, 22.4221322 ], [ 69.8569017, 22.4222027 ], [ 69.8568441, 22.422301 ], [ 69.8568316, 22.4224123 ], [ 69.8568661, 22.4225195 ], [ 69.8569423, 22.4226063 ], [ 69.8570487, 22.4226595 ], [ 69.857169, 22.4226711 ], [ 69.857285, 22.4226392 ], [ 69.8573789, 22.4225687 ], [ 69.8574365, 22.4224704 ] ] ] } },
{ "type": "Feature", "properties": { "osm_type": "way", "osm_id": 139788107, "name": "", "industrial": "", "landuse": "", "man_made": "storage_tank", "power": "" }, "geometry": { "type": "Polygon", "coordinates": [ [ [ 69.8570832, 22.4236931 ], [ 69.8570957, 22.4235819 ], [ 69.8570613, 22.4234747 ], [ 69.856985, 22.4233878 ], [ 69.8568787, 22.4233346 ], [ 69.8567583, 22.423323 ], [ 69.8566424, 22.4233549 ], [ 69.8565484, 22.4234254 ], [ 69.8564908, 22.4235237 ], [ 69.8564783, 22.4236349 ], [ 69.8565128, 22.4237421 ], [ 69.856589, 22.4238289 ], [ 69.8566954, 22.4238822 ], [ 69.8568157, 22.4238938 ], [ 69.8569317, 22.4238619 ], [ 69.8570256, 22.4237914 ], [ 69.8570832, 22.4236931 ] ] ] } },
{ "type": "Feature", "properties": { "osm_type": "way", "osm_id": 139788108, "name": "", "industrial": "", "landuse": "", "man_made": "storage_tank", "power": "" }, "geometry": { "type": "Polygon", "coordinates": [ [ [ 69.8599959, 22.4303028 ], [ 69.8598609, 22.4302093 ], [ 69.8596974, 22.4301707 ], [ 69.8595303, 22.4301929 ], [ 69.8593852, 22.4302724 ], [ 69.859284, 22.4303972 ], [ 69.8592422, 22.4305484 ], [ 69.8592662, 22.4307028 ], [ 69.8593523, 22.4308369 ], [ 69.8594873, 22.4309304 ], [ 69.8596508, 22.4309691 ], [ 69.8598179, 22.4309469 ], [ 69.859963, 22.4308674 ], [ 69.8600642, 22.4307425 ], [ 69.860106, 22.4305914 ], [ 69.860082, 22.430437 ], [ 69.8599959, 22.4303028 ] ] ] } },
{ "type": "Feature", "properties": { "osm_type": "way", "osm_id": 139788109, "name": "", "industrial": "", "landuse": "", "man_made": "storage_tank", "power": "" }, "geometry": { "type": "Polygon", "coordinates": [ [ [ 69.857473, 22.4317013 ], [ 69.8573379, 22.4316078 ], [ 69.8571744, 22.4315692 ], [ 69.8570074, 22.4315913 ], [ 69.8568622, 22.4316709 ], [ 69.8567611, 22.4317957 ], [ 69.8567193, 22.4319468 ], [ 69.8567432, 22.4321012 ], [ 69.8568293, 22.4322354 ], [ 69.8569643, 22.4323289 ], [ 69.8571278, 22.4323675 ], [ 69.8572949, 22.4323454 ], [ 69.85744, 22.4322658 ], [ 69.8575412, 22.432141 ], [ 69.857583, 22.4319899 ], [ 69.857559, 22.4318355 ], [ 69.857473, 22.4317013 ] ] ] } },
{ "type": "Feature", "properties": { "osm_type": "way", "osm_id": 139788110, "name": "", "industrial": "", "landuse": "", "man_made": "storage_tank", "power": "" }, "geometry": { "type": "Polygon", "coordinates": [ [ [ 69.8546536, 22.4340716 ], [ 69.8546661, 22.4339603 ], [ 69.8546316, 22.4338531 ], [ 69.8545554, 22.4337663 ], [ 69.854449, 22.4337131 ], [ 69.8543287, 22.4337015 ], [ 69.8542127, 22.4337334 ], [ 69.8541188, 22.4338038 ], [ 69.8540612, 22.4339022 ], [ 69.8540486, 22.4340134 ], [ 69.8540831, 22.4341206 ], [ 69.8541594, 22.4342074 ], [ 69.8542657, 22.4342607 ], [ 69.8543861, 22.4342722 ], [ 69.854502, 22.4342404 ], [ 69.854596, 22.4341699 ], [ 69.8546536, 22.4340716 ] ] ] } },
{ "type": "Feature", "properties": { "osm_type": "way", "osm_id": 139788111, "name": "", "industrial": "", "landuse": "", "man_made": "storage_tank", "power": "" }, "geometry": { "type": "Polygon", "coordinates": [ [ [ 69.8541108, 22.4358987 ], [ 69.8541233, 22.4357875 ], [ 69.8540888, 22.4356803 ], [ 69.8540126, 22.4355934 ], [ 69.8539062, 22.4355402 ], [ 69.8537859, 22.4355286 ], [ 69.8536699, 22.4355605 ], [ 69.853576, 22.435631 ], [ 69.8535184, 22.4357293 ], [ 69.8535059, 22.4358405 ], [ 69.8535404, 22.4359477 ], [ 69.8536166, 22.4360345 ], [ 69.853723, 22.4360878 ], [ 69.8538433, 22.4360993 ], [ 69.8539593, 22.4360675 ], [ 69.8540532, 22.435997 ], [ 69.8541108, 22.4358987 ] ] ] } },
{ "type": "Feature", "properties": { "osm_type": "way", "osm_id": 139788112, "name": "", "industrial": "", "landuse": "", "man_made": "storage_tank", "power": "" }, "geometry": { "type": "Polygon", "coordinates": [ [ [ 69.8605914, 22.4283895 ], [ 69.8604563, 22.428296 ], [ 69.8602928, 22.4282574 ], [ 69.8601258, 22.4282796 ], [ 69.8599807, 22.4283591 ], [ 69.8598795, 22.4284839 ], [ 69.8598377, 22.4286351 ], [ 69.8598617, 22.4287894 ], [ 69.8599477, 22.4289236 ], [ 69.8600828, 22.4290171 ], [ 69.8602463, 22.4290557 ], [ 69.8604133, 22.4290336 ], [ 69.8605584, 22.428954 ], [ 69.8606596, 22.4288292 ], [ 69.8607014, 22.4286781 ], [ 69.8606774, 22.4285237 ], [ 69.8605914, 22.4283895 ] ] ] } },
{ "type": "Feature", "properties": { "osm_type": "way", "osm_id": 139788113, "name": "", "industrial": "", "landuse": "", "man_made": "storage_tank", "power": "" }, "geometry": { "type": "Polygon", "coordinates": [ [ [ 69.8572177, 22.4344909 ], [ 69.8572302, 22.4343797 ], [ 69.8571957, 22.4342725 ], [ 69.8571195, 22.4341856 ], [ 69.8570131, 22.4341324 ], [ 69.8568928, 22.4341208 ], [ 69.8567768, 22.4341527 ], [ 69.8566829, 22.4342232 ], [ 69.8566253, 22.4343215 ], [ 69.8566128, 22.4344327 ], [ 69.8566473, 22.4345399 ], [ 69.8567235, 22.4346267 ], [ 69.8568299, 22.43468 ], [ 69.8569502, 22.4346916 ], [ 69.8570662, 22.4346597 ], [ 69.8571601, 22.4345892 ], [ 69.8572177, 22.4344909 ] ] ] } },
{ "type": "Feature", "properties": { "osm_type": "way", "osm_id": 139788114, "name": "", "industrial": "", "landuse": "", "man_made": "storage_tank", "power": "" }, "geometry": { "type": "Polygon", "coordinates": [ [ [ 69.8647892, 22.4225515 ], [ 69.864665, 22.4224714 ], [ 69.8644827, 22.4224345 ], [ 69.8643078, 22.422469 ], [ 69.864177, 22.4225523 ], [ 69.864079, 22.4226929 ], [ 69.864051, 22.4228348 ], [ 69.8640974, 22.4230144 ], [ 69.8641776, 22.4231168 ], [ 69.8643213, 22.4232049 ], [ 69.864522, 22.4232325 ], [ 69.8646574, 22.4232003 ], [ 69.8647886, 22.4231176 ], [ 69.8648741, 22.423006 ], [ 69.864916, 22.4228348 ], [ 69.8648914, 22.4227014 ], [ 69.8647892, 22.4225515 ] ] ] } },
{ "type": "Feature", "properties": { "osm_type": "way", "osm_id": 139788115, "name": "", "industrial": "", "landuse": "", "man_made": "storage_tank", "power": "" }, "geometry": { "type": "Polygon", "coordinates": [ [ [ 69.8648082, 22.4294727 ], [ 69.864684, 22.4293927 ], [ 69.8645017, 22.4293558 ], [ 69.8643268, 22.4293902 ], [ 69.864196, 22.4294735 ], [ 69.864098, 22.4296141 ], [ 69.86407, 22.4297561 ], [ 69.8641164, 22.4299356 ], [ 69.8641966, 22.4300381 ], [ 69.8643403, 22.4301261 ], [ 69.864541, 22.4301537 ], [ 69.8646764, 22.4301215 ], [ 69.8648076, 22.4300388 ], [ 69.8648931, 22.4299272 ], [ 69.864935, 22.4297561 ], [ 69.8649104, 22.4296226 ], [ 69.8648082, 22.4294727 ] ] ] } },
{ "type": "Feature", "properties": { "osm_type": "way", "osm_id": 139788116, "name": "", "industrial": "", "landuse": "", "man_made": "storage_tank", "power": "" }, "geometry": { "type": "Polygon", "coordinates": [ [ [ 69.8565899, 22.4252688 ], [ 69.8566024, 22.4251576 ], [ 69.8565679, 22.4250504 ], [ 69.8564917, 22.4249635 ], [ 69.8563853, 22.4249103 ], [ 69.856265, 22.4248987 ], [ 69.856149, 22.4249305 ], [ 69.8560551, 22.425001 ], [ 69.8559975, 22.4250993 ], [ 69.8559849, 22.4252106 ], [ 69.8560194, 22.4253177 ], [ 69.8560956, 22.4254046 ], [ 69.856202, 22.4254579 ], [ 69.8563223, 22.4254694 ], [ 69.8564383, 22.4254376 ], [ 69.8565322, 22.4253671 ], [ 69.8565899, 22.4252688 ] ] ] } },
{ "type": "Feature", "properties": { "osm_type": "way", "osm_id": 139788117, "name": "", "industrial": "", "landuse": "", "man_made": "storage_tank", "power": "" }, "geometry": { "type": "Polygon", "coordinates": [ [ [ 69.8580313, 22.4297786 ], [ 69.8578963, 22.4296851 ], [ 69.8577328, 22.4296465 ], [ 69.8575657, 22.4296687 ], [ 69.8574206, 22.4297482 ], [ 69.8573194, 22.429873 ], [ 69.8572776, 22.4300242 ], [ 69.8573016, 22.4301786 ], [ 69.8573877, 22.4303127 ], [ 69.8575227, 22.4304062 ], [ 69.8576862, 22.4304449 ], [ 69.8578533, 22.4304227 ], [ 69.8579984, 22.4303432 ], [ 69.8580996, 22.4302183 ], [ 69.8581414, 22.4300672 ], [ 69.8581174, 22.4299128 ], [ 69.8580313, 22.4297786 ] ] ] } },
{ "type": "Feature", "properties": { "osm_type": "way", "osm_id": 139788119, "name": "", "industrial": "", "landuse": "", "man_made": "storage_tank", "power": "" }, "geometry": { "type": "Polygon", "coordinates": [ [ [ 69.8642103, 22.4246617 ], [ 69.8640753, 22.4245682 ], [ 69.8639118, 22.4245297 ], [ 69.8637447, 22.4245518 ], [ 69.8635996, 22.4246314 ], [ 69.8634985, 22.4247563 ], [ 69.8634567, 22.4249074 ], [ 69.8634807, 22.4250618 ], [ 69.8635668, 22.4251959 ], [ 69.8637018, 22.4252894 ], [ 69.8638653, 22.425328 ], [ 69.8640324, 22.4253059 ], [ 69.8641775, 22.4252263 ], [ 69.8642786, 22.4251014 ], [ 69.8643204, 22.4249503 ], [ 69.8642964, 22.4247959 ], [ 69.8642103, 22.4246617 ] ] ] } },
{ "type": "Feature", "properties": { "osm_type": "way", "osm_id": 139788120, "name": "", "industrial": "", "landuse": "", "man_made": "storage_tank", "power": "" }, "geometry": { "type": "Polygon", "coordinates": [ [ [ 69.8688083, 22.4232653 ], [ 69.8686841, 22.4231852 ], [ 69.8685017, 22.4231483 ], [ 69.8683269, 22.4231828 ], [ 69.8681961, 22.4232661 ], [ 69.8680981, 22.4234067 ], [ 69.8680701, 22.4235486 ], [ 69.8681165, 22.4237282 ], [ 69.8681966, 22.4238306 ], [ 69.8683404, 22.4239187 ], [ 69.8685411, 22.4239463 ], [ 69.8686765, 22.4239141 ], [ 69.8688077, 22.4238314 ], [ 69.8688932, 22.4237197 ], [ 69.8689351, 22.4235486 ], [ 69.8689105, 22.4234152 ], [ 69.8688083, 22.4232653 ] ] ] } },
{ "type": "Feature", "properties": { "osm_type": "way", "osm_id": 139788121, "name": "", "industrial": "", "landuse": "", "man_made": "storage_tank", "power": "" }, "geometry": { "type": "Polygon", "coordinates": [ [ [ 69.8564157, 22.4337233 ], [ 69.8564282, 22.4336121 ], [ 69.8563937, 22.4335049 ], [ 69.8563175, 22.4334181 ], [ 69.8562111, 22.4333648 ], [ 69.8560907, 22.4333533 ], [ 69.8559748, 22.4333852 ], [ 69.8558808, 22.4334556 ], [ 69.8558232, 22.433554 ], [ 69.8558107, 22.4336652 ], [ 69.8558452, 22.4337724 ], [ 69.8559214, 22.4338592 ], [ 69.8560278, 22.4339125 ], [ 69.8561482, 22.433924 ], [ 69.8562641, 22.4338921 ], [ 69.8563581, 22.4338217 ], [ 69.8564157, 22.4337233 ] ] ] } },
{ "type": "Feature", "properties": { "osm_type": "way", "osm_id": 139788122, "name": "", "industrial": "", "landuse": "", "man_made": "storage_tank", "power": "" }, "geometry": { "type": "Polygon", "coordinates": [ [ [ 69.8622799, 22.4308925 ], [ 69.8621449, 22.430799 ], [ 69.8619814, 22.4307604 ], [ 69.8618143, 22.4307826 ], [ 69.8616692, 22.4308622 ], [ 69.861568, 22.430987 ], [ 69.8615263, 22.4311381 ], [ 69.8615503, 22.4312925 ], [ 69.8616363, 22.4314267 ], [ 69.8617714, 22.4315202 ], [ 69.8619349, 22.4315588 ], [ 69.8621019, 22.4315366 ], [ 69.8622471, 22.4314571 ], [ 69.8623482, 22.4313322 ], [ 69.86239, 22.4311811 ], [ 69.862366, 22.4310267 ], [ 69.8622799, 22.4308925 ] ] ] } },
{ "type": "Feature", "properties": { "osm_type": "way", "osm_id": 139788123, "name": "", "industrial": "", "landuse": "", "man_made": "storage_tank", "power": "" }, "geometry": { "type": "Polygon", "coordinates": [ [ [ 69.8514666, 22.4330742 ], [ 69.851471, 22.4329572 ], [ 69.8514306, 22.4328574 ], [ 69.8513666, 22.4327878 ], [ 69.8512393, 22.4327275 ], [ 69.8511018, 22.4327254 ], [ 69.8510048, 22.4327608 ], [ 69.8509095, 22.4328441 ], [ 69.8508643, 22.4329376 ], [ 69.8508568, 22.433033 ], [ 69.8509003, 22.4331544 ], [ 69.8509626, 22.4332226 ], [ 69.8510915, 22.4332842 ], [ 69.8511924, 22.4332914 ], [ 69.8513261, 22.433251 ], [ 69.851404, 22.4331889 ], [ 69.8514666, 22.4330742 ] ] ] } },
{ "type": "Feature", "properties": { "osm_type": "way", "osm_id": 139788124, "name": "", "industrial": "", "landuse": "", "man_made": "storage_tank", "power": "" }, "geometry": { "type": "Polygon", "coordinates": [ [ [ 69.8594288, 22.4321749 ], [ 69.8592938, 22.4320814 ], [ 69.8591303, 22.4320428 ], [ 69.8589632, 22.432065 ], [ 69.8588181, 22.4321445 ], [ 69.8587169, 22.4322694 ], [ 69.8586752, 22.4324205 ], [ 69.8586991, 22.4325749 ], [ 69.8587852, 22.4327091 ], [ 69.8589203, 22.4328026 ], [ 69.8590837, 22.4328412 ], [ 69.8592508, 22.432819 ], [ 69.8593959, 22.4327395 ], [ 69.8594971, 22.4326146 ], [ 69.8595389, 22.4324635 ], [ 69.8595149, 22.4323091 ], [ 69.8594288, 22.4321749 ] ] ] } },
{ "type": "Feature", "properties": { "osm_type": "way", "osm_id": 139788125, "name": "", "industrial": "", "landuse": "", "man_made": "storage_tank", "power": "" }, "geometry": { "type": "Polygon", "coordinates": [ [ [ 69.8667639, 22.4230371 ], [ 69.8666397, 22.422957 ], [ 69.8664574, 22.4229201 ], [ 69.8662826, 22.4229546 ], [ 69.8661517, 22.4230379 ], [ 69.8660537, 22.4231785 ], [ 69.8660258, 22.4233204 ], [ 69.8660721, 22.4235 ], [ 69.8661523, 22.4236025 ], [ 69.866296, 22.4236905 ], [ 69.8664967, 22.4237181 ], [ 69.8666322, 22.4236859 ], [ 69.8667633, 22.4236032 ], [ 69.8668488, 22.4234916 ], [ 69.8668907, 22.4233204 ], [ 69.8668661, 22.423187 ], [ 69.8667639, 22.4230371 ] ] ] } },
{ "type": "Feature", "properties": { "osm_type": "way", "osm_id": 139788126, "name": "", "industrial": "", "landuse": "", "man_made": "storage_tank", "power": "" }, "geometry": { "type": "Polygon", "coordinates": [ [ [ 69.8541837, 22.4331842 ], [ 69.8541962, 22.433073 ], [ 69.8541618, 22.4329658 ], [ 69.8540855, 22.4328789 ], [ 69.8539792, 22.4328257 ], [ 69.8538588, 22.4328141 ], [ 69.8537429, 22.432846 ], [ 69.8536489, 22.4329164 ], [ 69.8535913, 22.4330148 ], [ 69.8535788, 22.433126 ], [ 69.8536133, 22.4332332 ], [ 69.8536895, 22.43332 ], [ 69.8537959, 22.4333732 ], [ 69.8539162, 22.4333848 ], [ 69.8540322, 22.433353 ], [ 69.8541261, 22.4332825 ], [ 69.8541837, 22.4331842 ] ] ] } },
{ "type": "Feature", "properties": { "osm_type": "way", "osm_id": 139788127, "name": "", "industrial": "", "landuse": "", "man_made": "storage_tank", "power": "" }, "geometry": { "type": "Polygon", "coordinates": [ [ [ 69.8507325, 22.4356666 ], [ 69.850745, 22.4355553 ], [ 69.8507105, 22.4354481 ], [ 69.8506343, 22.4353613 ], [ 69.8505279, 22.4353081 ], [ 69.8504076, 22.4352965 ], [ 69.8502916, 22.4353284 ], [ 69.8501977, 22.4353988 ], [ 69.8501401, 22.4354972 ], [ 69.8501275, 22.4356084 ], [ 69.850162, 22.4357156 ], [ 69.8502383, 22.4358024 ], [ 69.8503446, 22.4358557 ], [ 69.850465, 22.4358672 ], [ 69.8505809, 22.4358354 ], [ 69.8506749, 22.4357649 ], [ 69.8507325, 22.4356666 ] ] ] } },
{ "type": "Feature", "properties": { "osm_type": "way", "osm_id": 139788128, "name": "", "industrial": "", "landuse": "", "man_made": "storage_tank", "power": "" }, "geometry": { "type": "Polygon", "coordinates": [ [ [ 69.8553755, 22.4293337 ], [ 69.8553809, 22.429222 ], [ 69.8553396, 22.4291169 ], [ 69.8552579, 22.4290344 ], [ 69.8551483, 22.428987 ], [ 69.8550275, 22.4289821 ], [ 69.8549138, 22.4290202 ], [ 69.8548245, 22.4290957 ], [ 69.8547733, 22.429197 ], [ 69.8547679, 22.4293087 ], [ 69.8548092, 22.4294138 ], [ 69.8548909, 22.4294963 ], [ 69.8550005, 22.4295437 ], [ 69.8551213, 22.4295487 ], [ 69.855235, 22.4295105 ], [ 69.8553243, 22.429435 ], [ 69.8553755, 22.4293337 ] ] ] } },
{ "type": "Feature", "properties": { "osm_type": "way", "osm_id": 139788129, "name": "", "industrial": "", "landuse": "", "man_made": "storage_tank", "power": "" }, "geometry": { "type": "Polygon", "coordinates": [ [ [ 69.859206, 22.4259144 ], [ 69.8590709, 22.425821 ], [ 69.8589074, 22.4257824 ], [ 69.8587404, 22.4258045 ], [ 69.8585953, 22.4258841 ], [ 69.8584941, 22.426009 ], [ 69.8584524, 22.4261601 ], [ 69.8584764, 22.4263145 ], [ 69.8585625, 22.4264487 ], [ 69.8586975, 22.4265421 ], [ 69.858861, 22.4265807 ], [ 69.8590281, 22.4265586 ], [ 69.8591732, 22.426479 ], [ 69.8592743, 22.4263541 ], [ 69.8593161, 22.426203 ], [ 69.8592921, 22.4260486 ], [ 69.859206, 22.4259144 ] ] ] } },
{ "type": "Feature", "properties": { "osm_type": "way", "osm_id": 139788130, "name": "", "industrial": "", "landuse": "", "man_made": "storage_tank", "power": "" }, "geometry": { "type": "Polygon", "coordinates": [ [ [ 69.855962, 22.4352472 ], [ 69.8559745, 22.4351359 ], [ 69.85594, 22.4350288 ], [ 69.8558638, 22.4349419 ], [ 69.8557574, 22.4348887 ], [ 69.8556371, 22.4348771 ], [ 69.8555211, 22.434909 ], [ 69.8554272, 22.4349795 ], [ 69.8553696, 22.4350778 ], [ 69.8553571, 22.435189 ], [ 69.8553916, 22.4352962 ], [ 69.8554678, 22.435383 ], [ 69.8555742, 22.4354363 ], [ 69.8556945, 22.4354478 ], [ 69.8558105, 22.435416 ], [ 69.8559044, 22.4353455 ], [ 69.855962, 22.4352472 ] ] ] } },
{ "type": "Feature", "properties": { "osm_type": "way", "osm_id": 139788131, "name": "", "industrial": "", "landuse": "", "man_made": "storage_tank", "power": "" }, "geometry": { "type": "Polygon", "coordinates": [ [ [ 69.8558899, 22.4368969 ], [ 69.8558944, 22.4367799 ], [ 69.855854, 22.4366801 ], [ 69.85579, 22.4366106 ], [ 69.8556627, 22.4365503 ], [ 69.8555251, 22.4365482 ], [ 69.8554282, 22.4365835 ], [ 69.8553329, 22.4366669 ], [ 69.8552877, 22.4367603 ], [ 69.8552802, 22.4368558 ], [ 69.8553236, 22.4369771 ], [ 69.855386, 22.4370454 ], [ 69.8555149, 22.437107 ], [ 69.8556157, 22.4371141 ], [ 69.8557495, 22.4370737 ], [ 69.8558274, 22.4370117 ], [ 69.8558899, 22.4368969 ] ] ] } },
{ "type": "Feature", "properties": { "osm_type": "way", "osm_id": 139788132, "name": "", "industrial": "", "landuse": "", "man_made": "storage_tank", "power": "" }, "geometry": { "type": "Polygon", "coordinates": [ [ [ 69.8623904, 22.4219254 ], [ 69.8622662, 22.4218454 ], [ 69.8620839, 22.4218085 ], [ 69.861909, 22.421843 ], [ 69.8617782, 22.4219262 ], [ 69.8616802, 22.4220669 ], [ 69.8616523, 22.4222088 ], [ 69.8616986, 22.4223884 ], [ 69.8617788, 22.4224908 ], [ 69.8619225, 22.4225788 ], [ 69.8621232, 22.4226064 ], [ 69.8622587, 22.4225743 ], [ 69.8623898, 22.4224916 ], [ 69.8624753, 22.4223799 ], [ 69.8625172, 22.4222088 ], [ 69.8624926, 22.4220754 ], [ 69.8623904, 22.4219254 ] ] ] } },
{ "type": "Feature", "properties": { "osm_type": "way", "osm_id": 139788133, "name": "", "industrial": "", "landuse": "", "man_made": "storage_tank", "power": "" }, "geometry": { "type": "Polygon", "coordinates": [ [ [ 69.8653841, 22.4275304 ], [ 69.8652599, 22.4274503 ], [ 69.8650776, 22.4274134 ], [ 69.8649028, 22.4274479 ], [ 69.8647719, 22.4275312 ], [ 69.8646739, 22.4276718 ], [ 69.864646, 22.4278137 ], [ 69.8646924, 22.4279933 ], [ 69.8647725, 22.4280957 ], [ 69.8649162, 22.4281837 ], [ 69.865117, 22.4282113 ], [ 69.8652524, 22.4281792 ], [ 69.8653836, 22.4280965 ], [ 69.865469, 22.4279848 ], [ 69.8655109, 22.4278137 ], [ 69.8654863, 22.4276803 ], [ 69.8653841, 22.4275304 ] ] ] } },
{ "type": "Feature", "properties": { "osm_type": "way", "osm_id": 139788134, "name": "", "industrial": "", "landuse": "", "man_made": "storage_tank", "power": "" }, "geometry": { "type": "Polygon", "coordinates": [ [ [ 69.866074, 22.4251492 ], [ 69.8659498, 22.4250691 ], [ 69.8657675, 22.4250322 ], [ 69.8655927, 22.4250667 ], [ 69.8654618, 22.42515 ], [ 69.8653638, 22.4252906 ], [ 69.8653359, 22.4254325 ], [ 69.8653822, 22.4256121 ], [ 69.8654624, 22.4257145 ], [ 69.8656061, 22.4258026 ], [ 69.8658068, 22.4258302 ], [ 69.8659423, 22.425798 ], [ 69.8660734, 22.4257153 ], [ 69.8661589, 22.4256036 ], [ 69.8662008, 22.4254325 ], [ 69.8661762, 22.4252991 ], [ 69.866074, 22.4251492 ] ] ] } },
{ "type": "Feature", "properties": { "osm_type": "way", "osm_id": 139788138, "name": "", "industrial": "", "landuse": "", "man_made": "storage_tank", "power": "" }, "geometry": { "type": "Polygon", "coordinates": [ [ [ 69.8617675, 22.4245197 ], [ 69.8617837, 22.424419 ], [ 69.861757, 22.4243202 ], [ 69.8616914, 22.4242384 ], [ 69.861597, 22.4241861 ], [ 69.8614881, 22.4241711 ], [ 69.8613812, 22.4241958 ], [ 69.8612928, 22.4242564 ], [ 69.8612361, 22.4243437 ], [ 69.8612199, 22.4244444 ], [ 69.8612466, 22.4245431 ], [ 69.8613122, 22.4246249 ], [ 69.8614066, 22.4246773 ], [ 69.8615156, 22.4246923 ], [ 69.8616224, 22.4246676 ], [ 69.8617109, 22.4246069 ], [ 69.8617675, 22.4245197 ] ] ] } },
{ "type": "Feature", "properties": { "osm_type": "way", "osm_id": 139788147, "name": "", "industrial": "", "landuse": "", "man_made": "storage_tank", "power": "" }, "geometry": { "type": "Polygon", "coordinates": [ [ [ 69.8595556, 22.4239442 ], [ 69.8595696, 22.4238433 ], [ 69.8595408, 22.4237451 ], [ 69.8594735, 22.4236645 ], [ 69.8593779, 22.4236139 ], [ 69.8592687, 22.423601 ], [ 69.8591625, 22.4236276 ], [ 69.8590753, 22.4236898 ], [ 69.8590206, 22.4237781 ], [ 69.8590066, 22.4238791 ], [ 69.8590354, 22.4239773 ], [ 69.8591027, 22.4240579 ], [ 69.8591982, 22.4241085 ], [ 69.8593075, 22.4241214 ], [ 69.8594137, 22.4240948 ], [ 69.8595009, 22.4240326 ], [ 69.8595556, 22.4239442 ] ] ] } },
{ "type": "Feature", "properties": { "osm_type": "way", "osm_id": 139789242, "name": "", "industrial": "", "landuse": "", "man_made": "storage_tank", "power": "" }, "geometry": { "type": "Polygon", "coordinates": [ [ [ 69.8510136, 22.3466731 ], [ 69.8510379, 22.3465463 ], [ 69.8510078, 22.3464207 ], [ 69.8509281, 22.3463152 ], [ 69.8508108, 22.346246 ], [ 69.8506737, 22.3462235 ], [ 69.8505378, 22.3462513 ], [ 69.8504238, 22.3463251 ], [ 69.850349, 22.3464336 ], [ 69.8503247, 22.3465603 ], [ 69.8503548, 22.346686 ], [ 69.8504345, 22.3467915 ], [ 69.8505518, 22.3468607 ], [ 69.8506889, 22.3468831 ], [ 69.8508248, 22.3468554 ], [ 69.8509388, 22.3467816 ], [ 69.8510136, 22.3466731 ] ] ] } },
{ "type": "Feature", "properties": { "osm_type": "way", "osm_id": 139789243, "name": "", "industrial": "", "landuse": "", "man_made": "storage_tank", "power": "" }, "geometry": { "type": "Polygon", "coordinates": [ [ [ 69.8576337, 22.3452919 ], [ 69.8576579, 22.3451652 ], [ 69.8576279, 22.3450395 ], [ 69.8575481, 22.344934 ], [ 69.8574308, 22.3448648 ], [ 69.8572937, 22.3448423 ], [ 69.8571579, 22.3448701 ], [ 69.8570438, 22.3449439 ], [ 69.856969, 22.3450524 ], [ 69.8569447, 22.3451792 ], [ 69.8569748, 22.3453048 ], [ 69.8570545, 22.3454103 ], [ 69.8571719, 22.3454795 ], [ 69.8573089, 22.345502 ], [ 69.8574448, 22.3454742 ], [ 69.8575588, 22.3454004 ], [ 69.8576337, 22.3452919 ] ] ] } },
{ "type": "Feature", "properties": { "osm_type": "way", "osm_id": 139789244, "name": "", "industrial": "", "landuse": "", "man_made": "storage_tank", "power": "" }, "geometry": { "type": "Polygon", "coordinates": [ [ [ 69.8603274, 22.3473198 ], [ 69.8603516, 22.3471931 ], [ 69.8603216, 22.3470674 ], [ 69.8602419, 22.3469619 ], [ 69.8601246, 22.3468926 ], [ 69.8599876, 22.3468702 ], [ 69.8598517, 22.3468979 ], [ 69.8597376, 22.3469717 ], [ 69.8596628, 22.3470802 ], [ 69.8596385, 22.3472069 ], [ 69.8596685, 22.3473326 ], [ 69.8597482, 22.3474381 ], [ 69.8598655, 22.3475073 ], [ 69.8600025, 22.3475298 ], [ 69.8601384, 22.347502 ], [ 69.8602525, 22.3474283 ], [ 69.8603274, 22.3473198 ] ] ] } },
{ "type": "Feature", "properties": { "osm_type": "way", "osm_id": 139789253, "name": "", "industrial": "", "landuse": "", "man_made": "storage_tank", "power": "" }, "geometry": { "type": "Polygon", "coordinates": [ [ [ 69.8529124, 22.3461024 ], [ 69.8529367, 22.3459756 ], [ 69.8529067, 22.3458499 ], [ 69.852827, 22.3457444 ], [ 69.8527096, 22.3456752 ], [ 69.8525726, 22.3456528 ], [ 69.8524367, 22.3456805 ], [ 69.8523226, 22.3457543 ], [ 69.8522478, 22.3458628 ], [ 69.8522235, 22.3459895 ], [ 69.8522535, 22.3461152 ], [ 69.8523333, 22.3462207 ], [ 69.8524506, 22.34629 ], [ 69.8525876, 22.3463124 ], [ 69.8527235, 22.3462846 ], [ 69.8528376, 22.3462109 ], [ 69.8529124, 22.3461024 ] ] ] } },
{ "type": "Feature", "properties": { "osm_type": "way", "osm_id": 139789298, "name": "", "industrial": "", "landuse": "", "man_made": "storage_tank", "power": "" }, "geometry": { "type": "Polygon", "coordinates": [ [ [ 69.8655442, 22.3453744 ], [ 69.8655623, 22.3453111 ], [ 69.8655652, 22.3452457 ], [ 69.8655529, 22.3451813 ], [ 69.8655259, 22.3451208 ], [ 69.8654854, 22.3450671 ], [ 69.8654334, 22.3450227 ], [ 69.8653723, 22.3449896 ], [ 69.8653049, 22.3449695 ], [ 69.8652345, 22.3449633 ], [ 69.8651642, 22.3449712 ], [ 69.8650975, 22.3449929 ], [ 69.8650373, 22.3450273 ], [ 69.8649865, 22.345073 ], [ 69.8649476, 22.3451276 ], [ 69.8649222, 22.3451887 ], [ 69.8649116, 22.3452534 ], [ 69.8649164, 22.3453188 ], [ 69.8649362, 22.3453816 ], [ 69.8649701, 22.345439 ], [ 69.8650166, 22.3454884 ], [ 69.8650735, 22.3455273 ], [ 69.8651381, 22.3455541 ], [ 69.8652074, 22.3455673 ], [ 69.8652782, 22.3455665 ], [ 69.8653471, 22.3455516 ], [ 69.865411, 22.3455234 ], [ 69.8654668, 22.3454831 ], [ 69.8655119, 22.3454327 ], [ 69.8655442, 22.3453744 ] ] ] } },
{ "type": "Feature", "properties": { "osm_type": "way", "osm_id": 139789300, "name": "", "industrial": "", "landuse": "", "man_made": "storage_tank", "power": "" }, "geometry": { "type": "Polygon", "coordinates": [ [ [ 69.8663123, 22.3498252 ], [ 69.8663366, 22.3496984 ], [ 69.8663066, 22.3495728 ], [ 69.8662268, 22.3494673 ], [ 69.8661095, 22.3493981 ], [ 69.8659724, 22.3493756 ], [ 69.8658366, 22.3494034 ], [ 69.8657225, 22.3494772 ], [ 69.8656477, 22.3495857 ], [ 69.8656234, 22.3497124 ], [ 69.8656535, 22.3498381 ], [ 69.8657332, 22.3499436 ], [ 69.8658505, 22.3500128 ], [ 69.8659876, 22.3500352 ], [ 69.8661235, 22.3500075 ], [ 69.8662375, 22.3499337 ], [ 69.8663123, 22.3498252 ] ] ] } },
{ "type": "Feature", "properties": { "osm_type": "way", "osm_id": 139789301, "name": "", "industrial": "", "landuse": "", "man_made": "storage_tank", "power": "" }, "geometry": { "type": "Polygon", "coordinates": [ [ [ 69.8510294, 22.345334 ], [ 69.8510537, 22.3452072 ], [ 69.8510236, 22.3450816 ], [ 69.8509439, 22.3449761 ], [ 69.8508266, 22.3449069 ], [ 69.8506895, 22.3448845 ], [ 69.8505536, 22.3449122 ], [ 69.8504396, 22.344986 ], [ 69.8503648, 22.3450945 ], [ 69.8503405, 22.3452213 ], [ 69.8503706, 22.3453469 ], [ 69.8504503, 22.3454524 ], [ 69.8505677, 22.3455216 ], [ 69.8507047, 22.3455441 ], [ 69.8508406, 22.3455163 ], [ 69.8509546, 22.3454425 ], [ 69.8510294, 22.345334 ] ] ] } },
{ "type": "Feature", "properties": { "osm_type": "way", "osm_id": 139789302, "name": "", "industrial": "", "landuse": "", "man_made": "storage_tank", "power": "" }, "geometry": { "type": "Polygon", "coordinates": [ [ [ 69.8554614, 22.3453013 ], [ 69.8554857, 22.3451745 ], [ 69.8554556, 22.3450489 ], [ 69.8553759, 22.3449434 ], [ 69.8552586, 22.3448742 ], [ 69.8551215, 22.3448517 ], [ 69.8549856, 22.3448795 ], [ 69.8548716, 22.3449533 ], [ 69.8547968, 22.3450618 ], [ 69.8547725, 22.3451885 ], [ 69.8548026, 22.3453142 ], [ 69.8548823, 22.3454197 ], [ 69.8549996, 22.3454889 ], [ 69.8551367, 22.3455113 ], [ 69.8552726, 22.3454836 ], [ 69.8553866, 22.3454098 ], [ 69.8554614, 22.3453013 ] ] ] } },
{ "type": "Feature", "properties": { "osm_type": "way", "osm_id": 139789304, "name": "", "industrial": "", "landuse": "", "man_made": "storage_tank", "power": "" }, "geometry": { "type": "Polygon", "coordinates": [ [ [ 69.8572989, 22.3473375 ], [ 69.8573232, 22.3472107 ], [ 69.8572931, 22.3470851 ], [ 69.8572134, 22.3469796 ], [ 69.8570961, 22.3469104 ], [ 69.856959, 22.3468879 ], [ 69.8568231, 22.3469157 ], [ 69.8567091, 22.3469895 ], [ 69.8566343, 22.347098 ], [ 69.85661, 22.3472247 ], [ 69.8566401, 22.3473504 ], [ 69.8567198, 22.3474559 ], [ 69.8568371, 22.3475251 ], [ 69.8569742, 22.3475475 ], [ 69.8571101, 22.3475198 ], [ 69.8572241, 22.347446 ], [ 69.8572989, 22.3473375 ] ] ] } },
{ "type": "Feature", "properties": { "osm_type": "way", "osm_id": 139789307, "name": "", "industrial": "", "landuse": "", "man_made": "storage_tank", "power": "" }, "geometry": { "type": "Polygon", "coordinates": [ [ [ 69.8600489, 22.3453013 ], [ 69.8600731, 22.3451746 ], [ 69.8600431, 22.3450489 ], [ 69.8599634, 22.3449434 ], [ 69.8598461, 22.3448742 ], [ 69.859709, 22.3448517 ], [ 69.8595732, 22.3448795 ], [ 69.8594591, 22.3449532 ], [ 69.8593843, 22.3450617 ], [ 69.85936, 22.3451885 ], [ 69.85939, 22.3453142 ], [ 69.8594697, 22.3454196 ], [ 69.8595871, 22.3454889 ], [ 69.8597241, 22.3455113 ], [ 69.85986, 22.3454836 ], [ 69.859974, 22.3454098 ], [ 69.8600489, 22.3453013 ] ] ] } },
{ "type": "Feature", "properties": { "osm_type": "way", "osm_id": 139789358, "name": "", "industrial": "", "landuse": "", "man_made": "storage_tank", "power": "" }, "geometry": { "type": "Polygon", "coordinates": [ [ [ 69.8484294, 22.3466927 ], [ 69.8484593, 22.3466323 ], [ 69.8484635, 22.346566 ], [ 69.8484416, 22.3465027 ], [ 69.8483964, 22.3464511 ], [ 69.8483341, 22.3464181 ], [ 69.8482631, 22.346408 ], [ 69.848193, 22.3464224 ], [ 69.8481333, 22.3464592 ], [ 69.848092, 22.3465135 ], [ 69.8480746, 22.346578 ], [ 69.8480836, 22.3466439 ], [ 69.8481178, 22.3467023 ], [ 69.8481724, 22.3467454 ], [ 69.8482402, 22.3467673 ], [ 69.848312, 22.3467651 ], [ 69.848378, 22.346739 ], [ 69.8484294, 22.3466927 ] ] ] } },
{ "type": "Feature", "properties": { "osm_type": "way", "osm_id": 139789485, "name": "", "industrial": "", "landuse": "", "man_made": "storage_tank", "power": "" }, "geometry": { "type": "Polygon", "coordinates": [ [ [ 69.84841, 22.3454406 ], [ 69.8484386, 22.3453801 ], [ 69.8484417, 22.3453142 ], [ 69.8484189, 22.3452516 ], [ 69.8483731, 22.345201 ], [ 69.8483107, 22.345169 ], [ 69.84824, 22.34516 ], [ 69.8481705, 22.3451753 ], [ 69.8481118, 22.3452128 ], [ 69.8480716, 22.3452673 ], [ 69.8480554, 22.3453316 ], [ 69.8480655, 22.345397 ], [ 69.8481004, 22.3454546 ], [ 69.8481554, 22.3454966 ], [ 69.8482231, 22.3455174 ], [ 69.8482944, 22.3455142 ], [ 69.8483596, 22.3454874 ], [ 69.84841, 22.3454406 ] ] ] } },
{ "type": "Feature", "properties": { "osm_type": "way", "osm_id": 139793158, "name": "", "industrial": "", "landuse": "industrial", "man_made": "", "power": "" }, "geometry": { "type": "Polygon", "coordinates": [ [ [ 69.8549183, 22.3892242 ], [ 69.8538489, 22.3898684 ], [ 69.8529821, 22.3902355 ], [ 69.8537355, 22.3911943 ], [ 69.8545497, 22.3921006 ], [ 69.8551573, 22.3926924 ], [ 69.8539705, 22.3936961 ], [ 69.853456, 22.3940332 ], [ 69.854493, 22.3945575 ], [ 69.8548373, 22.3948309 ], [ 69.8565305, 22.3952541 ], [ 69.8568505, 22.3946287 ], [ 69.8578754, 22.3951493 ], [ 69.8582683, 22.395932 ], [ 69.8586203, 22.3970381 ], [ 69.8589173, 22.3971117 ], [ 69.8594517, 22.3957493 ], [ 69.8594013, 22.3956438 ], [ 69.8603951, 22.393026 ], [ 69.8617884, 22.3893815 ], [ 69.8619107, 22.3890719 ], [ 69.8621336, 22.3887315 ], [ 69.8620854, 22.3886937 ], [ 69.862061, 22.3886788 ], [ 69.8623773, 22.3878614 ], [ 69.8626911, 22.3869991 ], [ 69.8622089, 22.3865484 ], [ 69.8620248, 22.3867738 ], [ 69.8607949, 22.3855771 ], [ 69.8608862, 22.3854928 ], [ 69.8605896, 22.3852032 ], [ 69.8604258, 22.3853605 ], [ 69.8602474, 22.3851917 ], [ 69.8597393, 22.3856577 ], [ 69.85847, 22.3844534 ], [ 69.8568378, 22.3828866 ], [ 69.8541556, 22.3853306 ], [ 69.8564662, 22.3875359 ], [ 69.8559833, 22.3879764 ], [ 69.8547875, 22.3875149 ], [ 69.8549183, 22.3892242 ] ] ] } },
{ "type": "Feature", "properties": { "osm_type": "way", "osm_id": 197338461, "name": "Essar Refinery", "industrial": "refinery", "landuse": "industrial", "man_made": "", "power": "" }, "geometry": { "type": "Polygon", "coordinates": [ [ [ 69.7096271, 22.3787789 ], [ 69.7112498, 22.3784709 ], [ 69.7112362, 22.3783745 ], [ 69.7113285, 22.3783455 ], [ 69.7112808, 22.3781158 ], [ 69.7123706, 22.3778838 ], [ 69.7137543, 22.3782071 ], [ 69.7138724, 22.3773406 ], [ 69.7142819, 22.3762242 ], [ 69.7152713, 22.3765273 ], [ 69.7153217, 22.3739316 ], [ 69.7159013, 22.3739191 ], [ 69.7164737, 22.3735771 ], [ 69.7173308, 22.3726004 ], [ 69.7173828, 22.372251 ], [ 69.7175943, 22.3721889 ], [ 69.7200059, 22.3724525 ], [ 69.7201493, 22.3725248 ], [ 69.7223905, 22.3726471 ], [ 69.7249506, 22.3725831 ], [ 69.7250008, 22.372353 ], [ 69.7253787, 22.3727349 ], [ 69.7276221, 22.3731116 ], [ 69.7277831, 22.3752987 ], [ 69.7274555, 22.375244 ], [ 69.7272654, 22.3762371 ], [ 69.7282081, 22.3763718 ], [ 69.7287662, 22.3769875 ], [ 69.7284598, 22.3779631 ], [ 69.7290785, 22.3792215 ], [ 69.7284356, 22.3796902 ], [ 69.728268, 22.3801918 ], [ 69.7270648, 22.3816483 ], [ 69.7265473, 22.3825327 ], [ 69.7262948, 22.38267 ], [ 69.7258322, 22.3841233 ], [ 69.7259759, 22.3842147 ], [ 69.7261822, 22.3844218 ], [ 69.7260192, 22.3854459 ], [ 69.7256489, 22.3866136 ], [ 69.7257434, 22.3866093 ], [ 69.7256767, 22.3870202 ], [ 69.7249892, 22.3871272 ], [ 69.7250258, 22.3878667 ], [ 69.7249711, 22.3878868 ], [ 69.7249692, 22.3892042 ], [ 69.7253055, 22.3900925 ], [ 69.7252923, 22.3901979 ], [ 69.7235671, 22.3910998 ], [ 69.7235612, 22.3911804 ], [ 69.7235312, 22.3912368 ], [ 69.7228018, 22.3916002 ], [ 69.7211687, 22.3922359 ], [ 69.7181412, 22.391754 ], [ 69.718198, 22.3913969 ], [ 69.7185418, 22.390329 ], [ 69.7180135, 22.3899054 ], [ 69.7179143, 22.3900936 ], [ 69.7177193, 22.3901723 ], [ 69.7176254, 22.390322 ], [ 69.7175775, 22.3905405 ], [ 69.717393, 22.3904901 ], [ 69.7172323, 22.3905999 ], [ 69.7171291, 22.3907581 ], [ 69.7168501, 22.3909936 ], [ 69.7158547, 22.3897748 ], [ 69.7137342, 22.3870645 ], [ 69.7130037, 22.3862618 ], [ 69.7127212, 22.3856958 ], [ 69.7123122, 22.3841621 ], [ 69.712421, 22.3841579 ], [ 69.71238, 22.3839691 ], [ 69.7122809, 22.3839721 ], [ 69.7119682, 22.3831692 ], [ 69.7112577, 22.3821437 ], [ 69.7104199, 22.3809452 ], [ 69.7096463, 22.379825 ], [ 69.7091867, 22.3791178 ], [ 69.7088077, 22.3784281 ], [ 69.7097289, 22.378144 ], [ 69.709601, 22.3786214 ], [ 69.7095423, 22.3786173 ], [ 69.7095556, 22.3787333 ], [ 69.7096194, 22.3787241 ], [ 69.7096271, 22.3787789 ] ] ] } },
{ "type": "Feature", "properties": { "osm_type": "way", "osm_id": 197338462, "name": "Vadinar Refinery", "industrial": "oil", "landuse": "industrial", "man_made": "", "power": "" }, "geometry": { "type": "Polygon", "coordinates": [ [ [ 69.7267649, 22.3191193 ], [ 69.721594, 22.3164948 ], [ 69.7144623, 22.31676 ], [ 69.7246196, 22.3032764 ], [ 69.7349603, 22.3093189 ], [ 69.7450339, 22.3146998 ], [ 69.7454228, 22.3151041 ], [ 69.7494636, 22.3169394 ], [ 69.7525967, 22.3189225 ], [ 69.756052, 22.3219525 ], [ 69.7597996, 22.3242128 ], [ 69.7660329, 22.3269931 ], [ 69.7660169, 22.3270209 ], [ 69.7691987, 22.328723 ], [ 69.7711774, 22.3299675 ], [ 69.7732911, 22.3308896 ], [ 69.7741361, 22.3316162 ], [ 69.7733661, 22.3349316 ], [ 69.7742617, 22.3350807 ], [ 69.7737033, 22.3375939 ], [ 69.7729988, 22.3410325 ], [ 69.7727814, 22.3427865 ], [ 69.7727065, 22.3443185 ], [ 69.7727215, 22.3498922 ], [ 69.7728441, 22.3561774 ], [ 69.7675048, 22.3555002 ], [ 69.7668077, 22.3549665 ], [ 69.7660807, 22.3541277 ], [ 69.7598596, 22.3475283 ], [ 69.7577984, 22.3500516 ], [ 69.7551952, 22.3473385 ], [ 69.7524226, 22.3508994 ], [ 69.7509313, 22.3491629 ], [ 69.749279, 22.3479424 ], [ 69.7484207, 22.3473569 ], [ 69.7481418, 22.3457295 ], [ 69.7477126, 22.3451341 ], [ 69.7458685, 22.3425028 ], [ 69.7289876, 22.3293209 ], [ 69.7284619, 22.3291078 ], [ 69.7288647, 22.3288287 ], [ 69.7295075, 22.3278772 ], [ 69.7301408, 22.3259393 ], [ 69.7297783, 22.3258501 ], [ 69.7301895, 22.3246167 ], [ 69.7285368, 22.3244451 ], [ 69.7285481, 22.3237102 ], [ 69.7284469, 22.3229336 ], [ 69.7288216, 22.3227256 ], [ 69.7294063, 22.3221674 ], [ 69.7302233, 22.321852 ], [ 69.7306692, 22.3212349 ], [ 69.729425, 22.320642 ], [ 69.7267649, 22.3191193 ] ] ] } },
{ "type": "Feature", "properties": { "osm_type": "way", "osm_id": 197338467, "name": "", "industrial": "", "landuse": "industrial", "man_made": "", "power": "" }, "geometry": { "type": "Polygon", "coordinates": [ [ [ 69.7227674, 22.4085688 ], [ 69.7232326, 22.4095083 ], [ 69.7252088, 22.4133584 ], [ 69.7255439, 22.4153865 ], [ 69.7260622, 22.4183943 ], [ 69.7264989, 22.4208856 ], [ 69.7266187, 22.4215275 ], [ 69.7267877, 22.4216424 ], [ 69.7266877, 22.4220546 ], [ 69.7267468, 22.4224904 ], [ 69.7273585, 22.4228468 ], [ 69.7280838, 22.4225861 ], [ 69.727801, 22.4216172 ], [ 69.7286283, 22.4214863 ], [ 69.7293559, 22.421554 ], [ 69.7295083, 22.4223736 ], [ 69.7297112, 22.422903 ], [ 69.7301857, 22.4227888 ], [ 69.7312849, 22.4228013 ], [ 69.7320166, 22.4227259 ], [ 69.7327456, 22.422611 ], [ 69.7326666, 22.4224262 ], [ 69.7324253, 22.4223542 ], [ 69.7324318, 22.4222717 ], [ 69.732607, 22.4222049 ], [ 69.7326768, 22.4220468 ], [ 69.7329504, 22.4220934 ], [ 69.733053, 22.4212839 ], [ 69.7330304, 22.42067 ], [ 69.7329541, 22.4206836 ], [ 69.7330336, 22.420382 ], [ 69.7332775, 22.4197132 ], [ 69.7335815, 22.4194828 ], [ 69.7332262, 22.4187857 ], [ 69.7338006, 22.4170042 ], [ 69.7339685, 22.4162545 ], [ 69.7338598, 22.4155528 ], [ 69.7334551, 22.4147373 ], [ 69.7331897, 22.4145801 ], [ 69.732374, 22.4125033 ], [ 69.7304779, 22.4081863 ], [ 69.729153, 22.4084187 ], [ 69.7292214, 22.4081276 ], [ 69.7288553, 22.4070846 ], [ 69.7291289, 22.4070832 ], [ 69.7290588, 22.4069199 ], [ 69.7291323, 22.4069329 ], [ 69.729082, 22.4066192 ], [ 69.7290426, 22.4065882 ], [ 69.7290288, 22.4065235 ], [ 69.7287435, 22.4060575 ], [ 69.7261351, 22.4063626 ], [ 69.7261086, 22.4067835 ], [ 69.7261064, 22.4071474 ], [ 69.7261064, 22.4072835 ], [ 69.7261687, 22.4072866 ], [ 69.7262094, 22.4074744 ], [ 69.7261762, 22.4074588 ], [ 69.7260396, 22.4074454 ], [ 69.7259013, 22.407403 ], [ 69.7259063, 22.4072911 ], [ 69.7260321, 22.4072649 ], [ 69.7260697, 22.40633 ], [ 69.7257009, 22.4063075 ], [ 69.7256419, 22.4061599 ], [ 69.7254543, 22.4061416 ], [ 69.7255331, 22.4051512 ], [ 69.7245138, 22.4050576 ], [ 69.7242111, 22.40537 ], [ 69.724209, 22.4056498 ], [ 69.7222728, 22.4050016 ], [ 69.7218478, 22.4055737 ], [ 69.7213482, 22.4058303 ], [ 69.7212435, 22.4062224 ], [ 69.7227674, 22.4085688 ] ] ] } },
{ "type": "Feature", "properties": { "osm_type": "way", "osm_id": 223725824, "name": "Essar Power", "industrial": "", "landuse": "industrial", "man_made": "", "power": "plant" }, "geometry": { "type": "Polygon", "coordinates": [ [ [ 69.7142736, 22.2942285 ], [ 69.7147117, 22.2945874 ], [ 69.7146219, 22.2947217 ], [ 69.7152712, 22.2953102 ], [ 69.7154374, 22.2951686 ], [ 69.7168045, 22.2962527 ], [ 69.718607, 22.2979571 ], [ 69.7179894, 22.2985333 ], [ 69.7185568, 22.2990095 ], [ 69.7191559, 22.2984821 ], [ 69.7208895, 22.3000289 ], [ 69.7195436, 22.3018957 ], [ 69.7184762, 22.3033943 ], [ 69.7181782, 22.3038158 ], [ 69.7197801, 22.3048169 ], [ 69.7183946, 22.3068214 ], [ 69.7171622, 22.3084915 ], [ 69.7157212, 22.3105155 ], [ 69.715489, 22.310828 ], [ 69.7152409, 22.3106791 ], [ 69.714845, 22.3118437 ], [ 69.714077, 22.3140484 ], [ 69.7133618, 22.3160675 ], [ 69.7141087, 22.3172833 ], [ 69.7139504, 22.3189654 ], [ 69.7138448, 22.3208282 ], [ 69.7114617, 22.3204229 ], [ 69.7110183, 22.3213189 ], [ 69.7108494, 22.3217828 ], [ 69.7101289, 22.3216509 ], [ 69.7094454, 22.3213677 ], [ 69.7089176, 22.32138 ], [ 69.7082473, 22.3210308 ], [ 69.7076271, 22.3207452 ], [ 69.7067008, 22.3206012 ], [ 69.7062891, 22.3208624 ], [ 69.7057322, 22.3207257 ], [ 69.7047531, 22.3206134 ], [ 69.7039482, 22.3202081 ], [ 69.7034309, 22.3198712 ], [ 69.7034995, 22.3194024 ], [ 69.7036077, 22.3184259 ], [ 69.7032039, 22.3178473 ], [ 69.7033465, 22.3162213 ], [ 69.7034388, 22.3155914 ], [ 69.7037133, 22.3146197 ], [ 69.7040722, 22.3133452 ], [ 69.7042174, 22.312669 ], [ 69.7043335, 22.3114018 ], [ 69.7044918, 22.310142 ], [ 69.7046423, 22.3091971 ], [ 69.7049827, 22.3078518 ], [ 69.7052202, 22.3069264 ], [ 69.7056266, 22.3053882 ], [ 69.7056319, 22.3052222 ], [ 69.7058932, 22.3044042 ], [ 69.7061202, 22.303347 ], [ 69.7063946, 22.3023166 ], [ 69.7068037, 22.300644 ], [ 69.7073341, 22.2986076 ], [ 69.7077406, 22.2982487 ], [ 69.7093847, 22.2973575 ], [ 69.7098386, 22.2971255 ], [ 69.7108336, 22.296979 ], [ 69.7117467, 22.2968422 ], [ 69.7121241, 22.2965175 ], [ 69.713441, 22.2948839 ], [ 69.7135334, 22.2949425 ], [ 69.7140058, 22.2943125 ], [ 69.7142736, 22.2942285 ] ] ] } },
{ "type": "Feature", "properties": { "osm_type": "way", "osm_id": 223725851, "name": "Essar", "industrial": "", "landuse": "", "man_made": "", "power": "substation" }, "geometry": { "type": "Polygon", "coordinates": [ [ [ 69.7139449, 22.3013976 ], [ 69.7126993, 22.3031385 ], [ 69.7112847, 22.3022888 ], [ 69.712554, 22.300549 ], [ 69.7139449, 22.3013976 ] ] ] } },
{ "type": "Feature", "properties": { "osm_type": "way", "osm_id": 223725854, "name": "Kanchanpur", "industrial": "", "landuse": "", "man_made": "", "power": "substation" }, "geometry": { "type": "Polygon", "coordinates": [ [ [ 69.706937, 22.2436623 ], [ 69.7075007, 22.2440045 ], [ 69.7071277, 22.2445311 ], [ 69.7065639, 22.244189 ], [ 69.706937, 22.2436623 ] ] ] } },
{ "type": "Feature", "properties": { "osm_type": "way", "osm_id": 225236351, "name": "Lalpur", "industrial": "", "landuse": "", "man_made": "", "power": "substation" }, "geometry": { "type": "Polygon", "coordinates": [ [ [ 69.9716341, 22.2061648 ], [ 69.972561, 22.2075804 ], [ 69.9736672, 22.2069595 ], [ 69.9727403, 22.205544 ], [ 69.9716341, 22.2061648 ] ] ] } },
{ "type": "Feature", "properties": { "osm_type": "way", "osm_id": 227055220, "name": "Sapar", "industrial": "", "landuse": "", "man_made": "", "power": "substation" }, "geometry": { "type": "Polygon", "coordinates": [ [ [ 69.9010611, 22.4034061 ], [ 69.9016992, 22.4031881 ], [ 69.901459, 22.4025982 ], [ 69.9008224, 22.4028189 ], [ 69.9010611, 22.4034061 ] ] ] } },
{ "type": "Feature", "properties": { "osm_type": "way", "osm_id": 295429686, "name": "", "industrial": "", "landuse": "", "man_made": "", "power": "substation" }, "geometry": { "type": "Polygon", "coordinates": [ [ [ 69.8643533, 22.3218873 ], [ 69.8694772, 22.3218493 ], [ 69.8694713, 22.3213827 ], [ 69.8695026, 22.32139 ], [ 69.8695104, 22.3210283 ], [ 69.8694861, 22.3206599 ], [ 69.8683492, 22.3206557 ], [ 69.8675379, 22.3206557 ], [ 69.8675379, 22.3200897 ], [ 69.8665467, 22.3204243 ], [ 69.8664822, 22.3204912 ], [ 69.8664842, 22.3209306 ], [ 69.8650864, 22.3209415 ], [ 69.8643396, 22.32122 ], [ 69.8643533, 22.3218873 ] ] ] } },
{ "type": "Feature", "properties": { "osm_type": "way", "osm_id": 295429703, "name": "", "industrial": "", "landuse": "", "man_made": "", "power": "plant" }, "geometry": { "type": "Polygon", "coordinates": [ [ [ 69.8643673, 22.3240801 ], [ 69.866243, 22.3241253 ], [ 69.866243, 22.3231516 ], [ 69.8695086, 22.3230942 ], [ 69.8695009, 22.3220211 ], [ 69.8643679, 22.3220524 ], [ 69.8643673, 22.3240801 ] ] ] } },
{ "type": "Feature", "properties": { "osm_type": "way", "osm_id": 316421341, "name": "Essar", "industrial": "", "landuse": "", "man_made": "", "power": "substation" }, "geometry": { "type": "Polygon", "coordinates": [ [ [ 69.735695, 22.3217483 ], [ 69.7392811, 22.3239247 ], [ 69.7402988, 22.3224898 ], [ 69.7384952, 22.3213952 ], [ 69.7381122, 22.3219353 ], [ 69.7363296, 22.3208535 ], [ 69.735695, 22.3217483 ] ] ] } },
{ "type": "Feature", "properties": { "osm_type": "way", "osm_id": 316421342, "name": "", "industrial": "", "landuse": "", "man_made": "", "power": "substation" }, "geometry": { "type": "Polygon", "coordinates": [ [ [ 69.7403522, 22.3234923 ], [ 69.7398124, 22.3242604 ], [ 69.7411143, 22.3250434 ], [ 69.7417553, 22.3241313 ], [ 69.741402, 22.3239188 ], [ 69.7413008, 22.3240628 ], [ 69.7403522, 22.3234923 ] ] ] } },
{ "type": "Feature", "properties": { "osm_type": "way", "osm_id": 321060506, "name": "SHREE DIGVIJAY CEMENT", "industrial": "", "landuse": "industrial", "man_made": "", "power": "" }, "geometry": { "type": "Polygon", "coordinates": [ [ [ 69.831736, 22.4282017 ], [ 69.8347015, 22.4345432 ], [ 69.8389732, 22.4330313 ], [ 69.8356547, 22.4255149 ], [ 69.833407, 22.4263634 ], [ 69.833866, 22.4274403 ], [ 69.831736, 22.4282017 ] ] ] } },
{ "type": "Feature", "properties": { "osm_type": "way", "osm_id": 321791678, "name": "", "industrial": "", "landuse": "", "man_made": "storage_tank", "power": "" }, "geometry": { "type": "Polygon", "coordinates": [ [ [ 69.8601222, 22.3312734 ], [ 69.8601817, 22.3313406 ], [ 69.8602616, 22.3313863 ], [ 69.8603533, 22.3314055 ], [ 69.8604467, 22.3313962 ], [ 69.8605317, 22.3313593 ], [ 69.8605992, 22.3312989 ], [ 69.8606419, 22.3312215 ], [ 69.860655, 22.3311354 ], [ 69.8606373, 22.3310501 ], [ 69.8605905, 22.3309747 ], [ 69.8605198, 22.3309175 ], [ 69.8604329, 22.3308845 ], [ 69.8603391, 22.3308795 ], [ 69.8602486, 22.330903 ], [ 69.8601712, 22.3309523 ], [ 69.8601154, 22.3310222 ], [ 69.8600871, 22.3311051 ], [ 69.8600895, 22.3311919 ], [ 69.8601222, 22.3312734 ] ] ] } },
{ "type": "Feature", "properties": { "osm_type": "way", "osm_id": 321791817, "name": "", "industrial": "", "landuse": "", "man_made": "storage_tank", "power": "" }, "geometry": { "type": "Polygon", "coordinates": [ [ [ 69.859143, 22.3328825 ], [ 69.8592043, 22.3329509 ], [ 69.8592863, 22.3329973 ], [ 69.8593801, 22.3330165 ], [ 69.8594756, 22.3330065 ], [ 69.8595624, 22.3329684 ], [ 69.8596312, 22.3329062 ], [ 69.8596743, 22.3328268 ], [ 69.8596873, 22.3327387 ], [ 69.8596686, 22.3326515 ], [ 69.8596204, 22.3325747 ], [ 69.8595477, 22.3325164 ], [ 69.8594586, 22.3324832 ], [ 69.8593626, 22.3324785 ], [ 69.8592702, 22.3325029 ], [ 69.8591914, 22.3325538 ], [ 69.8591347, 22.3326255 ], [ 69.8591062, 22.3327104 ], [ 69.8591091, 22.3327993 ], [ 69.859143, 22.3328825 ] ] ] } },
{ "type": "Feature", "properties": { "osm_type": "way", "osm_id": 321795823, "name": "", "industrial": "", "landuse": "", "man_made": "storage_tank", "power": "" }, "geometry": { "type": "Polygon", "coordinates": [ [ [ 69.8813256, 22.3479469 ], [ 69.8812624, 22.3480087 ], [ 69.8812243, 22.3480861 ], [ 69.8812155, 22.3481707 ], [ 69.8812368, 22.3482534 ], [ 69.881286, 22.3483253 ], [ 69.8813578, 22.3483784 ], [ 69.8814443, 22.3484071 ], [ 69.8815363, 22.3484083 ], [ 69.8816236, 22.3483818 ], [ 69.881697, 22.3483305 ], [ 69.8817483, 22.34826 ], [ 69.8817721, 22.3481778 ], [ 69.8817658, 22.348093 ], [ 69.88173, 22.3480147 ], [ 69.8816687, 22.3479513 ], [ 69.8815885, 22.3479098 ], [ 69.881498, 22.3478947 ], [ 69.8814071, 22.3479075 ], [ 69.8813256, 22.3479469 ] ] ] } },
{ "type": "Feature", "properties": { "osm_type": "way", "osm_id": 321795829, "name": "", "industrial": "", "landuse": "", "man_made": "storage_tank", "power": "" }, "geometry": { "type": "Polygon", "coordinates": [ [ [ 69.8796401, 22.3482767 ], [ 69.8795811, 22.3483354 ], [ 69.879546, 22.3484087 ], [ 69.8795386, 22.3484885 ], [ 69.8795595, 22.3485663 ], [ 69.8796066, 22.3486335 ], [ 69.8796748, 22.348683 ], [ 69.8797566, 22.3487093 ], [ 69.8798433, 22.3487096 ], [ 69.8799253, 22.3486839 ], [ 69.8799939, 22.3486349 ], [ 69.8800416, 22.348568 ], [ 69.8800631, 22.3484904 ], [ 69.8800563, 22.3484105 ], [ 69.8800218, 22.348337 ], [ 69.8799634, 22.3482778 ], [ 69.8798873, 22.3482394 ], [ 69.8798019, 22.3482259 ], [ 69.8797164, 22.3482388 ], [ 69.8796401, 22.3482767 ] ] ] } },
{ "type": "Feature", "properties": { "osm_type": "way", "osm_id": 321795830, "name": "", "industrial": "", "landuse": "", "man_made": "storage_tank", "power": "" }, "geometry": { "type": "Polygon", "coordinates": [ [ [ 69.8797645, 22.3509566 ], [ 69.8796797, 22.3510396 ], [ 69.8796286, 22.3511436 ], [ 69.8796168, 22.3512573 ], [ 69.8796456, 22.3513684 ], [ 69.8797118, 22.3514648 ], [ 69.8798083, 22.3515361 ], [ 69.8799246, 22.3515746 ], [ 69.8800481, 22.351576 ], [ 69.8801654, 22.3515403 ], [ 69.8802638, 22.3514713 ], [ 69.8803327, 22.3513765 ], [ 69.8803645, 22.3512662 ], [ 69.8803559, 22.3511522 ], [ 69.8803077, 22.3510471 ], [ 69.8802253, 22.3509621 ], [ 69.8801174, 22.3509064 ], [ 69.8799959, 22.3508862 ], [ 69.8798738, 22.3509035 ], [ 69.8797645, 22.3509566 ] ] ] } },
{ "type": "Feature", "properties": { "osm_type": "way", "osm_id": 321795832, "name": "", "industrial": "", "landuse": "", "man_made": "storage_tank", "power": "" }, "geometry": { "type": "Polygon", "coordinates": [ [ [ 69.8797971, 22.352444 ], [ 69.8797056, 22.3525204 ], [ 69.8796459, 22.3526202 ], [ 69.8796245, 22.3527326 ], [ 69.8796436, 22.3528452 ], [ 69.8797013, 22.352946 ], [ 69.8797913, 22.3530241 ], [ 69.8799038, 22.3530709 ], [ 69.8800266, 22.3530813 ], [ 69.8801464, 22.3530544 ], [ 69.8802503, 22.3529929 ], [ 69.8803269, 22.3529035 ], [ 69.880368, 22.352796 ], [ 69.8803692, 22.3526819 ], [ 69.8803302, 22.3525737 ], [ 69.8802554, 22.3524831 ], [ 69.8801528, 22.3524198 ], [ 69.8800335, 22.3523908 ], [ 69.8799105, 22.3523991 ], [ 69.8797971, 22.352444 ] ] ] } },
{ "type": "Feature", "properties": { "osm_type": "way", "osm_id": 321796856, "name": "", "industrial": "", "landuse": "", "man_made": "storage_tank", "power": "" }, "geometry": { "type": "Polygon", "coordinates": [ [ [ 69.8813965, 22.3494137 ], [ 69.8813218, 22.3494674 ], [ 69.8812699, 22.3495406 ], [ 69.8812465, 22.3496254 ], [ 69.8812542, 22.3497127 ], [ 69.8812921, 22.3497929 ], [ 69.8813561, 22.3498574 ], [ 69.8814393, 22.3498992 ], [ 69.8815326, 22.3499137 ], [ 69.881626, 22.3498994 ], [ 69.8817093, 22.3498578 ], [ 69.8817735, 22.3497935 ], [ 69.8818116, 22.3497134 ], [ 69.8818196, 22.3496262 ], [ 69.8817965, 22.3495413 ], [ 69.8817448, 22.3494679 ], [ 69.8816702, 22.3494141 ], [ 69.8815807, 22.3493855 ], [ 69.8814861, 22.3493854 ], [ 69.8813965, 22.3494137 ] ] ] } },
{ "type": "Feature", "properties": { "osm_type": "way", "osm_id": 321796869, "name": "", "industrial": "", "landuse": "", "man_made": "storage_tank", "power": "" }, "geometry": { "type": "Polygon", "coordinates": [ [ [ 69.8797842, 22.3539504 ], [ 69.8796923, 22.354031 ], [ 69.8796337, 22.3541349 ], [ 69.8796147, 22.3542508 ], [ 69.8796374, 22.3543661 ], [ 69.8796994, 22.3544683 ], [ 69.8797939, 22.3545464 ], [ 69.8799107, 22.3545919 ], [ 69.8800371, 22.3545998 ], [ 69.8801595, 22.3545693 ], [ 69.8802645, 22.3545038 ], [ 69.8803408, 22.3544102 ], [ 69.8803802, 22.3542988 ], [ 69.8803783, 22.3541816 ], [ 69.8803354, 22.3540714 ], [ 69.880256, 22.35398 ], [ 69.8801489, 22.3539173 ], [ 69.8800256, 22.3538903 ], [ 69.8798995, 22.3539017 ], [ 69.8797842, 22.3539504 ] ] ] } },
{ "type": "Feature", "properties": { "osm_type": "way", "osm_id": 321796911, "name": "", "industrial": "", "landuse": "", "man_made": "storage_tank", "power": "" }, "geometry": { "type": "Polygon", "coordinates": [ [ [ 69.8816099, 22.3553507 ], [ 69.8815483, 22.3553936 ], [ 69.8815051, 22.3554528 ], [ 69.881485, 22.3555216 ], [ 69.8814902, 22.3555928 ], [ 69.8815201, 22.3556586 ], [ 69.8815715, 22.3557119 ], [ 69.8816387, 22.3557468 ], [ 69.8817146, 22.3557596 ], [ 69.8817909, 22.355749 ], [ 69.8818593, 22.355716 ], [ 69.8819125, 22.3556643 ], [ 69.8819446, 22.3555994 ], [ 69.8819521, 22.3555284 ], [ 69.8819343, 22.3554589 ], [ 69.8818932, 22.3553986 ], [ 69.881833, 22.3553539 ], [ 69.8817604, 22.3553297 ], [ 69.8816833, 22.3553286 ], [ 69.8816099, 22.3553507 ] ] ] } },
{ "type": "Feature", "properties": { "osm_type": "way", "osm_id": 321796938, "name": "", "industrial": "", "landuse": "", "man_made": "storage_tank", "power": "" }, "geometry": { "type": "Polygon", "coordinates": [ [ [ 69.8806334, 22.3553745 ], [ 69.8805801, 22.3554301 ], [ 69.8805492, 22.3554987 ], [ 69.8805441, 22.3555728 ], [ 69.8805652, 22.3556445 ], [ 69.8806104, 22.355706 ], [ 69.8806747, 22.3557505 ], [ 69.8807512, 22.3557734 ], [ 69.8808315, 22.355772 ], [ 69.880907, 22.3557466 ], [ 69.8809695, 22.3556998 ], [ 69.8810122, 22.3556369 ], [ 69.8810305, 22.3555645 ], [ 69.8810224, 22.3554906 ], [ 69.8809888, 22.3554231 ], [ 69.8809333, 22.3553693 ], [ 69.8808619, 22.3553352 ], [ 69.8807824, 22.3553243 ], [ 69.8807034, 22.3553379 ], [ 69.8806334, 22.3553745 ] ] ] } },
{ "type": "Feature", "properties": { "osm_type": "way", "osm_id": 321796986, "name": "", "industrial": "", "landuse": "", "man_made": "storage_tank", "power": "" }, "geometry": { "type": "Polygon", "coordinates": [ [ [ 69.8797253, 22.3553858 ], [ 69.8796762, 22.3554358 ], [ 69.8796474, 22.3554978 ], [ 69.8796419, 22.3555651 ], [ 69.8796603, 22.3556305 ], [ 69.8797007, 22.3556867 ], [ 69.8797586, 22.3557278 ], [ 69.8798278, 22.3557492 ], [ 69.8799008, 22.3557487 ], [ 69.8799697, 22.3557264 ], [ 69.880027, 22.3556845 ], [ 69.8800665, 22.3556277 ], [ 69.8800839, 22.3555622 ], [ 69.8800773, 22.3554949 ], [ 69.8800475, 22.3554333 ], [ 69.8799977, 22.355384 ], [ 69.8799332, 22.3553523 ], [ 69.8798611, 22.3553416 ], [ 69.8797892, 22.3553532 ], [ 69.8797253, 22.3553858 ] ] ] } },
{ "type": "Feature", "properties": { "osm_type": "way", "osm_id": 321798112, "name": "", "industrial": "", "landuse": "", "man_made": "storage_tank", "power": "" }, "geometry": { "type": "Polygon", "coordinates": [ [ [ 69.8643152, 22.4202781 ], [ 69.8642321, 22.4203287 ], [ 69.8641711, 22.4204015 ], [ 69.864139, 22.4204886 ], [ 69.8641392, 22.4205807 ], [ 69.8641716, 22.4206677 ], [ 69.8642328, 22.4207403 ], [ 69.8643162, 22.4207906 ], [ 69.8644127, 22.4208133 ], [ 69.8645122, 22.4208057 ], [ 69.8646037, 22.4207686 ], [ 69.8646772, 22.420706 ], [ 69.8647246, 22.4206247 ], [ 69.8647409, 22.4205336 ], [ 69.8647242, 22.4204425 ], [ 69.8646764, 22.4203614 ], [ 69.8646026, 22.4202991 ], [ 69.8645109, 22.4202624 ], [ 69.8644117, 22.4202552 ], [ 69.8643152, 22.4202781 ] ] ] } },
{ "type": "Feature", "properties": { "osm_type": "way", "osm_id": 321823707, "name": "", "industrial": "", "landuse": "", "man_made": "storage_tank", "power": "" }, "geometry": { "type": "Polygon", "coordinates": [ [ [ 69.8766743, 22.350662 ], [ 69.8767181, 22.3506569 ], [ 69.8767606, 22.3506677 ], [ 69.8767955, 22.3506927 ], [ 69.8768173, 22.3507281 ], [ 69.8768228, 22.3507686 ], [ 69.8768112, 22.350808 ], [ 69.8767841, 22.3508402 ], [ 69.8767458, 22.3508604 ], [ 69.876702, 22.3508655 ], [ 69.8766595, 22.3508547 ], [ 69.8766246, 22.3508297 ], [ 69.8766028, 22.3507943 ], [ 69.8765973, 22.3507538 ], [ 69.8766089, 22.3507144 ], [ 69.876636, 22.3506822 ], [ 69.8766743, 22.350662 ] ] ] } },
{ "type": "Feature", "properties": { "osm_type": "way", "osm_id": 321823717, "name": "", "industrial": "", "landuse": "", "man_made": "storage_tank", "power": "" }, "geometry": { "type": "Polygon", "coordinates": [ [ [ 69.8773454, 22.3515397 ], [ 69.8773892, 22.3515131 ], [ 69.8774406, 22.351504 ], [ 69.8774919, 22.3515138 ], [ 69.8775352, 22.3515409 ], [ 69.877564, 22.3515814 ], [ 69.8775739, 22.3516289 ], [ 69.8775633, 22.3516764 ], [ 69.8775339, 22.3517165 ], [ 69.8774902, 22.3517431 ], [ 69.8774387, 22.3517522 ], [ 69.8773875, 22.3517424 ], [ 69.8773441, 22.3517153 ], [ 69.8773153, 22.3516748 ], [ 69.8773055, 22.3516272 ], [ 69.877316, 22.3515798 ], [ 69.8773454, 22.3515397 ] ] ] } },
{ "type": "Feature", "properties": { "osm_type": "way", "osm_id": 321823718, "name": "", "industrial": "", "landuse": "", "man_made": "storage_tank", "power": "" }, "geometry": { "type": "Polygon", "coordinates": [ [ [ 69.8771182, 22.3506827 ], [ 69.87715, 22.3506699 ], [ 69.8771846, 22.3506693 ], [ 69.8772169, 22.3506811 ], [ 69.8772418, 22.3507033 ], [ 69.8772557, 22.3507327 ], [ 69.8772563, 22.3507648 ], [ 69.8772436, 22.3507946 ], [ 69.8772195, 22.3508177 ], [ 69.8771877, 22.3508305 ], [ 69.8771531, 22.350831 ], [ 69.8771208, 22.3508193 ], [ 69.8770959, 22.350797 ], [ 69.877082, 22.3507676 ], [ 69.8770814, 22.3507356 ], [ 69.8770941, 22.3507058 ], [ 69.8771182, 22.3506827 ] ] ] } },
{ "type": "Feature", "properties": { "osm_type": "way", "osm_id": 321823728, "name": "", "industrial": "", "landuse": "", "man_made": "storage_tank", "power": "" }, "geometry": { "type": "Polygon", "coordinates": [ [ [ 69.8767047, 22.3516069 ], [ 69.8767413, 22.3515914 ], [ 69.8767815, 22.3515899 ], [ 69.8768192, 22.3516028 ], [ 69.8768488, 22.3516281 ], [ 69.8768656, 22.3516619 ], [ 69.8768671, 22.3516991 ], [ 69.8768532, 22.351734 ], [ 69.8768259, 22.3517613 ], [ 69.8767893, 22.3517769 ], [ 69.8767491, 22.3517783 ], [ 69.8767113, 22.3517654 ], [ 69.8766818, 22.3517401 ], [ 69.876665, 22.3517063 ], [ 69.8766634, 22.3516691 ], [ 69.8766774, 22.3516342 ], [ 69.8767047, 22.3516069 ] ] ] } },
{ "type": "Feature", "properties": { "osm_type": "way", "osm_id": 321823731, "name": "", "industrial": "", "landuse": "", "man_made": "storage_tank", "power": "" }, "geometry": { "type": "Polygon", "coordinates": [ [ [ 69.8774429, 22.3506772 ], [ 69.8774747, 22.3506644 ], [ 69.8775093, 22.3506638 ], [ 69.8775416, 22.3506755 ], [ 69.8775665, 22.3506978 ], [ 69.8775804, 22.3507272 ], [ 69.877581, 22.3507592 ], [ 69.8775683, 22.3507891 ], [ 69.8775443, 22.3508122 ], [ 69.8775125, 22.350825 ], [ 69.8774779, 22.3508255 ], [ 69.8774456, 22.3508138 ], [ 69.8774206, 22.3507916 ], [ 69.8774068, 22.3507622 ], [ 69.8774062, 22.3507301 ], [ 69.8774188, 22.3507003 ], [ 69.8774429, 22.3506772 ] ] ] } },
{ "type": "Feature", "properties": { "osm_type": "way", "osm_id": 321823733, "name": "", "industrial": "", "landuse": "", "man_made": "storage_tank", "power": "" }, "geometry": { "type": "Polygon", "coordinates": [ [ [ 69.8761798, 22.3506675 ], [ 69.8762236, 22.3506624 ], [ 69.8762661, 22.3506732 ], [ 69.8763009, 22.3506982 ], [ 69.8763228, 22.3507337 ], [ 69.8763283, 22.3507742 ], [ 69.8763166, 22.3508135 ], [ 69.8762896, 22.3508457 ], [ 69.8762512, 22.3508659 ], [ 69.8762075, 22.350871 ], [ 69.8761649, 22.3508602 ], [ 69.8761301, 22.3508352 ], [ 69.8761082, 22.3507997 ], [ 69.8761027, 22.3507593 ], [ 69.8761144, 22.3507199 ], [ 69.8761415, 22.3506877 ], [ 69.8761798, 22.3506675 ] ] ] } },
{ "type": "Feature", "properties": { "osm_type": "way", "osm_id": 321824575, "name": "", "industrial": "", "landuse": "", "man_made": "storage_tank", "power": "" }, "geometry": { "type": "Polygon", "coordinates": [ [ [ 69.8657863, 22.416197 ], [ 69.8658703, 22.4161761 ], [ 69.8659566, 22.4161866 ], [ 69.866032, 22.4162268 ], [ 69.866085, 22.4162905 ], [ 69.8661076, 22.4163682 ], [ 69.8660963, 22.416448 ], [ 69.8660528, 22.4165177 ], [ 69.8659838, 22.4165667 ], [ 69.8658998, 22.4165876 ], [ 69.8658135, 22.4165771 ], [ 69.8657381, 22.416537 ], [ 69.8656851, 22.4164732 ], [ 69.8656625, 22.4163955 ], [ 69.8656738, 22.4163157 ], [ 69.8657173, 22.416246 ], [ 69.8657863, 22.416197 ] ] ] } },
{ "type": "Feature", "properties": { "osm_type": "way", "osm_id": 321824576, "name": "", "industrial": "", "landuse": "", "man_made": "storage_tank", "power": "" }, "geometry": { "type": "Polygon", "coordinates": [ [ [ 69.8619803, 22.4151336 ], [ 69.8620643, 22.4151128 ], [ 69.8621506, 22.4151232 ], [ 69.862226, 22.4151634 ], [ 69.862279, 22.4152272 ], [ 69.8623016, 22.4153048 ], [ 69.8622903, 22.4153846 ], [ 69.8622469, 22.4154543 ], [ 69.8621779, 22.4155033 ], [ 69.8620938, 22.4155242 ], [ 69.8620075, 22.4155138 ], [ 69.8619322, 22.4154736 ], [ 69.8618791, 22.4154098 ], [ 69.8618565, 22.4153321 ], [ 69.8618678, 22.4152524 ], [ 69.8619113, 22.4151827 ], [ 69.8619803, 22.4151336 ] ] ] } },
{ "type": "Feature", "properties": { "osm_type": "way", "osm_id": 321824577, "name": "", "industrial": "", "landuse": "", "man_made": "storage_tank", "power": "" }, "geometry": { "type": "Polygon", "coordinates": [ [ [ 69.8638386, 22.4156251 ], [ 69.8639226, 22.4156042 ], [ 69.8640089, 22.4156147 ], [ 69.8640843, 22.4156548 ], [ 69.8641373, 22.4157186 ], [ 69.8641599, 22.4157963 ], [ 69.8641486, 22.4158761 ], [ 69.8641051, 22.4159458 ], [ 69.8640361, 22.4159948 ], [ 69.8639521, 22.4160156 ], [ 69.8638658, 22.4160052 ], [ 69.8637904, 22.415965 ], [ 69.8637374, 22.4159012 ], [ 69.8637148, 22.4158235 ], [ 69.8637261, 22.4157438 ], [ 69.8637696, 22.4156741 ], [ 69.8638386, 22.4156251 ] ] ] } },
{ "type": "Feature", "properties": { "osm_type": "way", "osm_id": 321824578, "name": "", "industrial": "", "landuse": "", "man_made": "storage_tank", "power": "" }, "geometry": { "type": "Polygon", "coordinates": [ [ [ 69.868863, 22.4215984 ], [ 69.8689667, 22.4215734 ], [ 69.8690728, 22.4215869 ], [ 69.8691653, 22.4216369 ], [ 69.86923, 22.4217159 ], [ 69.8692571, 22.4218117 ], [ 69.8692425, 22.4219098 ], [ 69.8691884, 22.4219953 ], [ 69.869103, 22.4220551 ], [ 69.8689993, 22.4220801 ], [ 69.8688932, 22.4220666 ], [ 69.8688007, 22.4220166 ], [ 69.868736, 22.4219377 ], [ 69.8687089, 22.4218418 ], [ 69.8687235, 22.4217437 ], [ 69.8687777, 22.4216583 ], [ 69.868863, 22.4215984 ] ] ] } },
{ "type": "Feature", "properties": { "osm_type": "way", "osm_id": 321824581, "name": "", "industrial": "", "landuse": "", "man_made": "storage_tank", "power": "" }, "geometry": { "type": "Polygon", "coordinates": [ [ [ 69.8610723, 22.4152511 ], [ 69.8611563, 22.4152302 ], [ 69.8612426, 22.4152406 ], [ 69.861318, 22.4152808 ], [ 69.861371, 22.4153446 ], [ 69.8613936, 22.4154223 ], [ 69.8613823, 22.415502 ], [ 69.8613389, 22.4155717 ], [ 69.8612699, 22.4156207 ], [ 69.8611858, 22.4156416 ], [ 69.8610996, 22.4156312 ], [ 69.8610242, 22.415591 ], [ 69.8609711, 22.4155272 ], [ 69.8609486, 22.4154496 ], [ 69.8609598, 22.4153698 ], [ 69.8610033, 22.4153001 ], [ 69.8610723, 22.4152511 ] ] ] } },
{ "type": "Feature", "properties": { "osm_type": "way", "osm_id": 321824582, "name": "", "industrial": "", "landuse": "", "man_made": "storage_tank", "power": "" }, "geometry": { "type": "Polygon", "coordinates": [ [ [ 69.862893, 22.4157164 ], [ 69.862977, 22.4156955 ], [ 69.8630633, 22.415706 ], [ 69.8631387, 22.4157462 ], [ 69.8631917, 22.41581 ], [ 69.8632143, 22.4158876 ], [ 69.863203, 22.4159674 ], [ 69.8631595, 22.4160371 ], [ 69.8630905, 22.4160861 ], [ 69.8630065, 22.416107 ], [ 69.8629202, 22.4160965 ], [ 69.8628448, 22.4160563 ], [ 69.8627918, 22.4159925 ], [ 69.8627692, 22.4159149 ], [ 69.8627805, 22.4158351 ], [ 69.862824, 22.4157654 ], [ 69.862893, 22.4157164 ] ] ] } },
{ "type": "Feature", "properties": { "osm_type": "way", "osm_id": 321824583, "name": "", "industrial": "", "landuse": "", "man_made": "storage_tank", "power": "" }, "geometry": { "type": "Polygon", "coordinates": [ [ [ 69.8463643, 22.3481475 ], [ 69.8464706, 22.3481013 ], [ 69.846588, 22.3480962 ], [ 69.8466985, 22.348133 ], [ 69.8467854, 22.3482062 ], [ 69.8468354, 22.3483045 ], [ 69.8468409, 22.3484131 ], [ 69.846801, 22.3485153 ], [ 69.8467219, 22.3485956 ], [ 69.8466156, 22.3486419 ], [ 69.8464983, 22.348647 ], [ 69.8463877, 22.3486101 ], [ 69.8463009, 22.348537 ], [ 69.8462509, 22.3484386 ], [ 69.8462454, 22.3483301 ], [ 69.8462852, 22.3482279 ], [ 69.8463643, 22.3481475 ] ] ] } },
{ "type": "Feature", "properties": { "osm_type": "way", "osm_id": 321824584, "name": "", "industrial": "", "landuse": "", "man_made": "storage_tank", "power": "" }, "geometry": { "type": "Polygon", "coordinates": [ [ [ 69.8704885, 22.4221007 ], [ 69.8705921, 22.4220757 ], [ 69.8706983, 22.4220892 ], [ 69.8707907, 22.4221392 ], [ 69.8708554, 22.4222182 ], [ 69.8708825, 22.422314 ], [ 69.8708679, 22.4224121 ], [ 69.8708138, 22.4224976 ], [ 69.8707284, 22.4225574 ], [ 69.8706248, 22.4225824 ], [ 69.8705186, 22.4225689 ], [ 69.8704262, 22.4225189 ], [ 69.8703615, 22.42244 ], [ 69.8703343, 22.4223441 ], [ 69.870349, 22.422246 ], [ 69.8704031, 22.4221606 ], [ 69.8704885, 22.4221007 ] ] ] } },
{ "type": "Feature", "properties": { "osm_type": "way", "osm_id": 321824585, "name": "", "industrial": "", "landuse": "", "man_made": "storage_tank", "power": "" }, "geometry": { "type": "Polygon", "coordinates": [ [ [ 69.8699051, 22.4212005 ], [ 69.8700088, 22.4211755 ], [ 69.8701149, 22.421189 ], [ 69.8702074, 22.421239 ], [ 69.8702721, 22.4213179 ], [ 69.8702992, 22.4214138 ], [ 69.8702846, 22.4215119 ], [ 69.8702304, 22.4215973 ], [ 69.870145, 22.4216572 ], [ 69.8700414, 22.4216822 ], [ 69.8699353, 22.4216687 ], [ 69.8698428, 22.4216187 ], [ 69.8697781, 22.4215397 ], [ 69.869751, 22.4214439 ], [ 69.8697656, 22.4213458 ], [ 69.8698197, 22.4212603 ], [ 69.8699051, 22.4212005 ] ] ] } },
{ "type": "Feature", "properties": { "osm_type": "way", "osm_id": 321824586, "name": "", "industrial": "", "landuse": "", "man_made": "storage_tank", "power": "" }, "geometry": { "type": "Polygon", "coordinates": [ [ [ 69.8648388, 22.4161092 ], [ 69.8649228, 22.4160884 ], [ 69.8650091, 22.4160988 ], [ 69.8650845, 22.416139 ], [ 69.8651375, 22.4162028 ], [ 69.8651601, 22.4162805 ], [ 69.8651488, 22.4163602 ], [ 69.8651053, 22.4164299 ], [ 69.8650363, 22.4164789 ], [ 69.8649523, 22.4164998 ], [ 69.864866, 22.4164893 ], [ 69.8647906, 22.4164492 ], [ 69.8647376, 22.4163854 ], [ 69.864715, 22.4163077 ], [ 69.8647263, 22.4162279 ], [ 69.8647698, 22.4161582 ], [ 69.8648388, 22.4161092 ] ] ] } },
{ "type": "Feature", "properties": { "osm_type": "way", "osm_id": 321824587, "name": "", "industrial": "", "landuse": "", "man_made": "storage_tank", "power": "" }, "geometry": { "type": "Polygon", "coordinates": [ [ [ 69.8711241, 22.4196848 ], [ 69.871041, 22.4197354 ], [ 69.87098, 22.4198082 ], [ 69.8709479, 22.4198953 ], [ 69.8709481, 22.4199874 ], [ 69.8709805, 22.4200744 ], [ 69.8710417, 22.420147 ], [ 69.8711251, 22.4201973 ], [ 69.8712216, 22.42022 ], [ 69.8713211, 22.4202124 ], [ 69.8714126, 22.4201753 ], [ 69.8714861, 22.4201127 ], [ 69.8715335, 22.4200314 ], [ 69.8715498, 22.4199403 ], [ 69.8715331, 22.4198492 ], [ 69.8714853, 22.4197681 ], [ 69.8714115, 22.4197058 ], [ 69.8713198, 22.4196691 ], [ 69.8712206, 22.4196619 ], [ 69.8711241, 22.4196848 ] ] ] } },
{ "type": "Feature", "properties": { "osm_type": "way", "osm_id": 321824588, "name": "", "industrial": "", "landuse": "", "man_made": "storage_tank", "power": "" }, "geometry": { "type": "Polygon", "coordinates": [ [ [ 69.8680569, 22.4188483 ], [ 69.8679738, 22.4188989 ], [ 69.8679128, 22.4189717 ], [ 69.8678807, 22.4190588 ], [ 69.8678809, 22.4191509 ], [ 69.8679133, 22.4192379 ], [ 69.8679745, 22.4193105 ], [ 69.8680579, 22.4193608 ], [ 69.8681544, 22.4193835 ], [ 69.8682539, 22.4193759 ], [ 69.8683454, 22.4193388 ], [ 69.8684189, 22.4192762 ], [ 69.8684663, 22.4191949 ], [ 69.8684826, 22.4191038 ], [ 69.8684659, 22.4190127 ], [ 69.8684181, 22.4189316 ], [ 69.8683443, 22.4188693 ], [ 69.8682526, 22.4188326 ], [ 69.8681534, 22.4188254 ], [ 69.8680569, 22.4188483 ] ] ] } },
{ "type": "Feature", "properties": { "osm_type": "way", "osm_id": 321824589, "name": "", "industrial": "", "landuse": "", "man_made": "storage_tank", "power": "" }, "geometry": { "type": "Polygon", "coordinates": [ [ [ 69.871796, 22.4179258 ], [ 69.8717129, 22.4179764 ], [ 69.8716519, 22.4180492 ], [ 69.8716198, 22.4181363 ], [ 69.87162, 22.4182284 ], [ 69.8716524, 22.4183154 ], [ 69.8717136, 22.418388 ], [ 69.871797, 22.4184383 ], [ 69.8718935, 22.418461 ], [ 69.871993, 22.4184534 ], [ 69.8720845, 22.4184163 ], [ 69.872158, 22.4183537 ], [ 69.8722054, 22.4182724 ], [ 69.8722217, 22.4181813 ], [ 69.872205, 22.4180902 ], [ 69.8721572, 22.4180091 ], [ 69.8720834, 22.4179468 ], [ 69.8719917, 22.4179101 ], [ 69.8718925, 22.4179029 ], [ 69.871796, 22.4179258 ] ] ] } },
{ "type": "Feature", "properties": { "osm_type": "way", "osm_id": 321824590, "name": "", "industrial": "", "landuse": "", "man_made": "storage_tank", "power": "" }, "geometry": { "type": "Polygon", "coordinates": [ [ [ 69.86984, 22.4193281 ], [ 69.8697569, 22.4193787 ], [ 69.8696959, 22.4194515 ], [ 69.8696638, 22.4195386 ], [ 69.869664, 22.4196307 ], [ 69.8696964, 22.4197177 ], [ 69.8697576, 22.4197903 ], [ 69.869841, 22.4198406 ], [ 69.8699375, 22.4198633 ], [ 69.870037, 22.4198557 ], [ 69.8701285, 22.4198186 ], [ 69.870202, 22.419756 ], [ 69.8702494, 22.4196747 ], [ 69.8702657, 22.4195836 ], [ 69.870249, 22.4194925 ], [ 69.8702012, 22.4194114 ], [ 69.8701274, 22.4193491 ], [ 69.8700357, 22.4193124 ], [ 69.8699365, 22.4193052 ], [ 69.86984, 22.4193281 ] ] ] } },
{ "type": "Feature", "properties": { "osm_type": "way", "osm_id": 321824591, "name": "", "industrial": "", "landuse": "", "man_made": "storage_tank", "power": "" }, "geometry": { "type": "Polygon", "coordinates": [ [ [ 69.8662472, 22.4205458 ], [ 69.8661641, 22.4205964 ], [ 69.8661031, 22.4206692 ], [ 69.866071, 22.4207563 ], [ 69.8660712, 22.4208484 ], [ 69.8661036, 22.4209354 ], [ 69.8661648, 22.421008 ], [ 69.8662482, 22.4210583 ], [ 69.8663447, 22.421081 ], [ 69.8664442, 22.4210734 ], [ 69.8665357, 22.4210363 ], [ 69.8666092, 22.4209737 ], [ 69.8666566, 22.4208924 ], [ 69.8666729, 22.4208013 ], [ 69.8666562, 22.4207102 ], [ 69.8666084, 22.4206291 ], [ 69.8665346, 22.4205668 ], [ 69.8664429, 22.4205301 ], [ 69.8663437, 22.4205229 ], [ 69.8662472, 22.4205458 ] ] ] } },
{ "type": "Feature", "properties": { "osm_type": "way", "osm_id": 321824592, "name": "", "industrial": "", "landuse": "", "man_made": "storage_tank", "power": "" }, "geometry": { "type": "Polygon", "coordinates": [ [ [ 69.8608068, 22.4171103 ], [ 69.8607235, 22.417161 ], [ 69.8606626, 22.417234 ], [ 69.8606306, 22.4173213 ], [ 69.860631, 22.4174135 ], [ 69.8606638, 22.4175006 ], [ 69.8607253, 22.4175731 ], [ 69.8608091, 22.4176232 ], [ 69.8609058, 22.4176455 ], [ 69.8610052, 22.4176375 ], [ 69.8610964, 22.4176001 ], [ 69.8611695, 22.4175374 ], [ 69.8612166, 22.4174562 ], [ 69.8612326, 22.4173652 ], [ 69.8612158, 22.4172743 ], [ 69.861168, 22.4171934 ], [ 69.8610943, 22.4171312 ], [ 69.8610028, 22.4170945 ], [ 69.8609034, 22.4170873 ], [ 69.8608068, 22.4171103 ] ] ] } },
{ "type": "Feature", "properties": { "osm_type": "way", "osm_id": 321824593, "name": "", "industrial": "", "landuse": "", "man_made": "storage_tank", "power": "" }, "geometry": { "type": "Polygon", "coordinates": [ [ [ 69.8675247, 22.4208226 ], [ 69.8674416, 22.4208732 ], [ 69.8673806, 22.420946 ], [ 69.8673485, 22.4210331 ], [ 69.8673487, 22.4211252 ], [ 69.8673811, 22.4212122 ], [ 69.8674423, 22.4212848 ], [ 69.8675257, 22.4213351 ], [ 69.8676222, 22.4213578 ], [ 69.8677217, 22.4213502 ], [ 69.8678132, 22.4213131 ], [ 69.8678867, 22.4212505 ], [ 69.8679341, 22.4211692 ], [ 69.8679504, 22.4210781 ], [ 69.8679337, 22.420987 ], [ 69.8678859, 22.4209059 ], [ 69.8678121, 22.4208436 ], [ 69.8677204, 22.4208069 ], [ 69.8676212, 22.4207997 ], [ 69.8675247, 22.4208226 ] ] ] } },
{ "type": "Feature", "properties": { "osm_type": "way", "osm_id": 321824594, "name": "", "industrial": "", "landuse": "", "man_made": "storage_tank", "power": "" }, "geometry": { "type": "Polygon", "coordinates": [ [ [ 69.8721153, 22.4163144 ], [ 69.872032, 22.4163652 ], [ 69.8719711, 22.4164381 ], [ 69.8719391, 22.4165255 ], [ 69.8719395, 22.4166177 ], [ 69.8719722, 22.4167047 ], [ 69.8720338, 22.4167773 ], [ 69.8721175, 22.4168274 ], [ 69.8722143, 22.4168497 ], [ 69.8723137, 22.4168417 ], [ 69.8724049, 22.4168043 ], [ 69.872478, 22.4167416 ], [ 69.8725251, 22.4166603 ], [ 69.8725411, 22.4165693 ], [ 69.8725243, 22.4164785 ], [ 69.8724765, 22.4163975 ], [ 69.8724028, 22.4163354 ], [ 69.8723113, 22.4162987 ], [ 69.8722119, 22.4162914 ], [ 69.8721153, 22.4163144 ] ] ] } },
{ "type": "Feature", "properties": { "osm_type": "way", "osm_id": 321824595, "name": "", "industrial": "", "landuse": "", "man_made": "storage_tank", "power": "" }, "geometry": { "type": "Polygon", "coordinates": [ [ [ 69.8668327, 22.418547 ], [ 69.8667496, 22.4185976 ], [ 69.8666886, 22.4186704 ], [ 69.8666565, 22.4187575 ], [ 69.8666567, 22.4188496 ], [ 69.8666891, 22.4189366 ], [ 69.8667503, 22.4190092 ], [ 69.8668337, 22.4190595 ], [ 69.8669302, 22.4190822 ], [ 69.8670297, 22.4190746 ], [ 69.8671212, 22.4190375 ], [ 69.8671947, 22.4189749 ], [ 69.8672421, 22.4188936 ], [ 69.8672584, 22.4188025 ], [ 69.8672417, 22.4187114 ], [ 69.8671939, 22.4186303 ], [ 69.8671201, 22.418568 ], [ 69.8670284, 22.4185313 ], [ 69.8669292, 22.4185241 ], [ 69.8668327, 22.418547 ] ] ] } },
{ "type": "Feature", "properties": { "osm_type": "way", "osm_id": 321824596, "name": "", "industrial": "", "landuse": "", "man_made": "storage_tank", "power": "" }, "geometry": { "type": "Polygon", "coordinates": [ [ [ 69.8689618, 22.4154533 ], [ 69.8688787, 22.4155039 ], [ 69.8688177, 22.4155767 ], [ 69.8687856, 22.4156638 ], [ 69.8687858, 22.4157559 ], [ 69.8688182, 22.4158429 ], [ 69.8688794, 22.4159155 ], [ 69.8689628, 22.4159658 ], [ 69.8690593, 22.4159885 ], [ 69.8691588, 22.4159809 ], [ 69.8692503, 22.4159438 ], [ 69.8693238, 22.4158812 ], [ 69.8693712, 22.4157999 ], [ 69.8693875, 22.4157088 ], [ 69.8693708, 22.4156177 ], [ 69.869323, 22.4155366 ], [ 69.8692492, 22.4154743 ], [ 69.8691575, 22.4154376 ], [ 69.8690583, 22.4154304 ], [ 69.8689618, 22.4154533 ] ] ] } },
{ "type": "Feature", "properties": { "osm_type": "way", "osm_id": 321824597, "name": "", "industrial": "", "landuse": "", "man_made": "storage_tank", "power": "" }, "geometry": { "type": "Polygon", "coordinates": [ [ [ 69.8650174, 22.4182323 ], [ 69.8649341, 22.418283 ], [ 69.8648732, 22.418356 ], [ 69.8648412, 22.4184433 ], [ 69.8648416, 22.4185355 ], [ 69.8648743, 22.4186226 ], [ 69.8649359, 22.4186952 ], [ 69.8650196, 22.4187453 ], [ 69.8651164, 22.4187676 ], [ 69.8652158, 22.4187596 ], [ 69.865307, 22.4187222 ], [ 69.8653801, 22.4186595 ], [ 69.8654272, 22.4185782 ], [ 69.8654432, 22.4184872 ], [ 69.8654264, 22.4183963 ], [ 69.8653786, 22.4183154 ], [ 69.8653049, 22.4182532 ], [ 69.8652134, 22.4182165 ], [ 69.865114, 22.4182093 ], [ 69.8650174, 22.4182323 ] ] ] } },
{ "type": "Feature", "properties": { "osm_type": "way", "osm_id": 321824598, "name": "", "industrial": "", "landuse": "", "man_made": "storage_tank", "power": "" }, "geometry": { "type": "Polygon", "coordinates": [ [ [ 69.8630651, 22.4199197 ], [ 69.862982, 22.4199703 ], [ 69.862921, 22.4200431 ], [ 69.8628889, 22.4201302 ], [ 69.8628891, 22.4202223 ], [ 69.8629215, 22.4203093 ], [ 69.8629827, 22.4203819 ], [ 69.8630661, 22.4204322 ], [ 69.8631626, 22.4204549 ], [ 69.8632621, 22.4204473 ], [ 69.8633536, 22.4204102 ], [ 69.8634271, 22.4203476 ], [ 69.8634745, 22.4202663 ], [ 69.8634908, 22.4201752 ], [ 69.8634741, 22.4200841 ], [ 69.8634263, 22.420003 ], [ 69.8633525, 22.4199407 ], [ 69.8632608, 22.419904 ], [ 69.8631616, 22.4198968 ], [ 69.8630651, 22.4199197 ] ] ] } },
{ "type": "Feature", "properties": { "osm_type": "way", "osm_id": 321824599, "name": "", "industrial": "", "landuse": "", "man_made": "storage_tank", "power": "" }, "geometry": { "type": "Polygon", "coordinates": [ [ [ 69.86203, 22.4174278 ], [ 69.8619467, 22.4174785 ], [ 69.8618858, 22.4175515 ], [ 69.8618538, 22.4176388 ], [ 69.8618542, 22.417731 ], [ 69.861887, 22.4178181 ], [ 69.8619485, 22.4178906 ], [ 69.8620323, 22.4179407 ], [ 69.862129, 22.417963 ], [ 69.8622284, 22.417955 ], [ 69.8623196, 22.4179176 ], [ 69.8623927, 22.4178549 ], [ 69.8624398, 22.4177737 ], [ 69.8624558, 22.4176827 ], [ 69.862439, 22.4175918 ], [ 69.8623912, 22.4175109 ], [ 69.8623175, 22.4174487 ], [ 69.862226, 22.417412 ], [ 69.8621266, 22.4174048 ], [ 69.86203, 22.4174278 ] ] ] } },
{ "type": "Feature", "properties": { "osm_type": "way", "osm_id": 321824600, "name": "", "industrial": "", "landuse": "", "man_made": "storage_tank", "power": "" }, "geometry": { "type": "Polygon", "coordinates": [ [ [ 69.8672785, 22.4171139 ], [ 69.8671954, 22.4171645 ], [ 69.8671344, 22.4172373 ], [ 69.8671023, 22.4173244 ], [ 69.8671025, 22.4174165 ], [ 69.8671349, 22.4175035 ], [ 69.8671961, 22.4175761 ], [ 69.8672795, 22.4176264 ], [ 69.867376, 22.4176491 ], [ 69.8674755, 22.4176415 ], [ 69.867567, 22.4176044 ], [ 69.8676405, 22.4175418 ], [ 69.8676879, 22.4174605 ], [ 69.8677042, 22.4173694 ], [ 69.8676875, 22.4172783 ], [ 69.8676397, 22.4171972 ], [ 69.8675659, 22.4171349 ], [ 69.8674742, 22.4170982 ], [ 69.867375, 22.417091 ], [ 69.8672785, 22.4171139 ] ] ] } },
{ "type": "Feature", "properties": { "osm_type": "way", "osm_id": 321824601, "name": "", "industrial": "", "landuse": "", "man_made": "storage_tank", "power": "" }, "geometry": { "type": "Polygon", "coordinates": [ [ [ 69.8637378, 22.417893 ], [ 69.8636547, 22.4179436 ], [ 69.8635937, 22.4180164 ], [ 69.8635616, 22.4181035 ], [ 69.8635618, 22.4181956 ], [ 69.8635942, 22.4182826 ], [ 69.8636554, 22.4183552 ], [ 69.8637388, 22.4184055 ], [ 69.8638353, 22.4184282 ], [ 69.8639348, 22.4184206 ], [ 69.8640263, 22.4183835 ], [ 69.8640998, 22.4183209 ], [ 69.8641472, 22.4182396 ], [ 69.8641635, 22.4181485 ], [ 69.8641468, 22.4180574 ], [ 69.864099, 22.4179763 ], [ 69.8640252, 22.417914 ], [ 69.8639335, 22.4178773 ], [ 69.8638343, 22.4178701 ], [ 69.8637378, 22.417893 ] ] ] } },
{ "type": "Feature", "properties": { "osm_type": "way", "osm_id": 321824602, "name": "", "industrial": "", "landuse": "", "man_made": "storage_tank", "power": "" }, "geometry": { "type": "Polygon", "coordinates": [ [ [ 69.8702458, 22.4175321 ], [ 69.8701627, 22.4175827 ], [ 69.8701017, 22.4176555 ], [ 69.8700696, 22.4177427 ], [ 69.8700698, 22.4178348 ], [ 69.8701022, 22.4179218 ], [ 69.8701634, 22.4179944 ], [ 69.8702468, 22.4180447 ], [ 69.8703433, 22.4180674 ], [ 69.8704428, 22.4180598 ], [ 69.8705343, 22.4180227 ], [ 69.8706078, 22.4179601 ], [ 69.8706552, 22.4178788 ], [ 69.8706715, 22.4177877 ], [ 69.8706548, 22.4176966 ], [ 69.870607, 22.4176154 ], [ 69.8705332, 22.4175531 ], [ 69.8704415, 22.4175164 ], [ 69.8703423, 22.4175092 ], [ 69.8702458, 22.4175321 ] ] ] } },
{ "type": "Feature", "properties": { "osm_type": "way", "osm_id": 321824603, "name": "", "industrial": "", "landuse": "", "man_made": "storage_tank", "power": "" }, "geometry": { "type": "Polygon", "coordinates": [ [ [ 69.867691, 22.415115 ], [ 69.8676079, 22.4151656 ], [ 69.8675469, 22.4152384 ], [ 69.8675148, 22.4153255 ], [ 69.867515, 22.4154176 ], [ 69.8675474, 22.4155046 ], [ 69.8676086, 22.4155772 ], [ 69.867692, 22.4156275 ], [ 69.8677885, 22.4156502 ], [ 69.867888, 22.4156426 ], [ 69.8679795, 22.4156055 ], [ 69.868053, 22.4155429 ], [ 69.8681004, 22.4154616 ], [ 69.8681167, 22.4153705 ], [ 69.8681, 22.4152794 ], [ 69.8680522, 22.4151983 ], [ 69.8679784, 22.415136 ], [ 69.8678867, 22.4150993 ], [ 69.8677875, 22.4150921 ], [ 69.867691, 22.415115 ] ] ] } },
{ "type": "Feature", "properties": { "osm_type": "way", "osm_id": 321824604, "name": "", "industrial": "", "landuse": "", "man_made": "storage_tank", "power": "" }, "geometry": { "type": "Polygon", "coordinates": [ [ [ 69.8685359, 22.4172554 ], [ 69.8684528, 22.417306 ], [ 69.8683918, 22.4173788 ], [ 69.8683597, 22.4174659 ], [ 69.8683599, 22.417558 ], [ 69.8683923, 22.417645 ], [ 69.8684535, 22.4177176 ], [ 69.8685369, 22.4177679 ], [ 69.8686334, 22.4177906 ], [ 69.8687329, 22.417783 ], [ 69.8688244, 22.4177459 ], [ 69.8688979, 22.4176833 ], [ 69.8689453, 22.417602 ], [ 69.8689616, 22.4175109 ], [ 69.8689449, 22.4174198 ], [ 69.8688971, 22.4173387 ], [ 69.8688233, 22.4172764 ], [ 69.8687316, 22.4172397 ], [ 69.8686324, 22.4172325 ], [ 69.8685359, 22.4172554 ] ] ] } },
{ "type": "Feature", "properties": { "osm_type": "way", "osm_id": 321824605, "name": "", "industrial": "", "landuse": "", "man_made": "storage_tank", "power": "" }, "geometry": { "type": "Polygon", "coordinates": [ [ [ 69.8702791, 22.4157977 ], [ 69.870196, 22.4158483 ], [ 69.870135, 22.4159211 ], [ 69.8701029, 22.4160082 ], [ 69.8701031, 22.4161003 ], [ 69.8701355, 22.4161873 ], [ 69.8701967, 22.4162599 ], [ 69.8702801, 22.4163102 ], [ 69.8703766, 22.4163329 ], [ 69.8704761, 22.4163253 ], [ 69.8705676, 22.4162882 ], [ 69.8706411, 22.4162256 ], [ 69.8706885, 22.4161443 ], [ 69.8707048, 22.4160532 ], [ 69.8706881, 22.4159621 ], [ 69.8706403, 22.415881 ], [ 69.8705665, 22.4158187 ], [ 69.8704748, 22.415782 ], [ 69.8703756, 22.4157748 ], [ 69.8702791, 22.4157977 ] ] ] } },
{ "type": "Feature", "properties": { "osm_type": "way", "osm_id": 321863787, "name": "", "industrial": "", "landuse": "", "man_made": "storage_tank", "power": "" }, "geometry": { "type": "Polygon", "coordinates": [ [ [ 69.870076, 22.3275091 ], [ 69.8700145, 22.3275722 ], [ 69.8699785, 22.3276505 ], [ 69.8699719, 22.3277353 ], [ 69.8699954, 22.3278175 ], [ 69.8700465, 22.3278882 ], [ 69.8701197, 22.3279397 ], [ 69.8702069, 22.3279664 ], [ 69.8702989, 22.3279655 ], [ 69.8703855, 22.327937 ], [ 69.8704574, 22.3278841 ], [ 69.8705068, 22.3278124 ], [ 69.8705285, 22.3277297 ], [ 69.8705199, 22.3276451 ], [ 69.870482, 22.3275676 ], [ 69.870419, 22.3275056 ], [ 69.8703377, 22.327466 ], [ 69.8702469, 22.3274529 ], [ 69.8701564, 22.3274678 ], [ 69.870076, 22.3275091 ] ] ] } },
{ "type": "Feature", "properties": { "osm_type": "way", "osm_id": 321863835, "name": "", "industrial": "", "landuse": "", "man_made": "storage_tank", "power": "" }, "geometry": { "type": "Polygon", "coordinates": [ [ [ 69.870081, 22.3268935 ], [ 69.8700155, 22.3269547 ], [ 69.8699751, 22.3270322 ], [ 69.869964, 22.3271177 ], [ 69.8699836, 22.3272018 ], [ 69.8700316, 22.3272756 ], [ 69.8701029, 22.3273309 ], [ 69.8701897, 22.3273618 ], [ 69.8702827, 22.3273649 ], [ 69.8703718, 22.32734 ], [ 69.8704472, 22.3272896 ], [ 69.870501, 22.3272193 ], [ 69.8705271, 22.3271367 ], [ 69.8705228, 22.3270507 ], [ 69.8704885, 22.3269707 ], [ 69.870428, 22.3269052 ], [ 69.8703479, 22.3268615 ], [ 69.8702567, 22.3268443 ], [ 69.8701644, 22.3268553 ], [ 69.870081, 22.3268935 ] ] ] } },
{ "type": "Feature", "properties": { "osm_type": "way", "osm_id": 321863877, "name": "", "industrial": "", "landuse": "", "man_made": "storage_tank", "power": "" }, "geometry": { "type": "Polygon", "coordinates": [ [ [ 69.8700633, 22.3263728 ], [ 69.8700146, 22.3264175 ], [ 69.8699842, 22.3264743 ], [ 69.8699754, 22.3265372 ], [ 69.8699892, 22.3265994 ], [ 69.8700241, 22.326654 ], [ 69.8700762, 22.3266952 ], [ 69.8701399, 22.3267185 ], [ 69.8702084, 22.3267214 ], [ 69.8702742, 22.3267036 ], [ 69.8703302, 22.3266669 ], [ 69.8703703, 22.3266155 ], [ 69.8703901, 22.3265548 ], [ 69.8703876, 22.3264914 ], [ 69.870363, 22.3264322 ], [ 69.8703189, 22.3263836 ], [ 69.8702601, 22.3263509 ], [ 69.8701931, 22.3263376 ], [ 69.870125, 22.3263452 ], [ 69.8700633, 22.3263728 ] ] ] } },
{ "type": "Feature", "properties": { "osm_type": "way", "osm_id": 321863970, "name": "", "industrial": "", "landuse": "", "man_made": "storage_tank", "power": "" }, "geometry": { "type": "Polygon", "coordinates": [ [ [ 69.8700127, 22.3259238 ], [ 69.8699694, 22.3259721 ], [ 69.8699454, 22.3260308 ], [ 69.8699433, 22.3260936 ], [ 69.8699633, 22.3261535 ], [ 69.8700033, 22.3262042 ], [ 69.870059, 22.3262401 ], [ 69.8701242, 22.3262574 ], [ 69.8701919, 22.3262541 ], [ 69.8702549, 22.3262307 ], [ 69.8703062, 22.3261896 ], [ 69.8703403, 22.3261354 ], [ 69.8703535, 22.3260738 ], [ 69.8703444, 22.3260116 ], [ 69.8703139, 22.3259556 ], [ 69.8702655, 22.3259117 ], [ 69.8702042, 22.3258847 ], [ 69.8701368, 22.3258776 ], [ 69.8700706, 22.3258911 ], [ 69.8700127, 22.3259238 ] ] ] } },
{ "type": "Feature", "properties": { "osm_type": "way", "osm_id": 321974584, "name": "", "industrial": "", "landuse": "", "man_made": "storage_tank", "power": "" }, "geometry": { "type": "Polygon", "coordinates": [ [ [ 69.8592389, 22.3331444 ], [ 69.8591787, 22.333204 ], [ 69.8591428, 22.3332783 ], [ 69.8591349, 22.3333594 ], [ 69.8591559, 22.3334385 ], [ 69.8592035, 22.333507 ], [ 69.8592726, 22.3335575 ], [ 69.8593556, 22.3335845 ], [ 69.8594437, 22.3335851 ], [ 69.8595272, 22.3335593 ], [ 69.8595971, 22.3335097 ], [ 69.8596458, 22.3334418 ], [ 69.859668, 22.333363 ], [ 69.8596614, 22.3332818 ], [ 69.8596266, 22.333207 ], [ 69.8595674, 22.3331467 ], [ 69.8594903, 22.3331074 ], [ 69.8594036, 22.3330934 ], [ 69.8593166, 22.3331062 ], [ 69.8592389, 22.3331444 ] ] ] } },
{ "type": "Feature", "properties": { "osm_type": "way", "osm_id": 321974599, "name": "", "industrial": "", "landuse": "", "man_made": "storage_tank", "power": "" }, "geometry": { "type": "Polygon", "coordinates": [ [ [ 69.8602251, 22.3332491 ], [ 69.860189, 22.333286 ], [ 69.8601678, 22.3333317 ], [ 69.8601638, 22.3333813 ], [ 69.8601775, 22.3334294 ], [ 69.8602072, 22.3334708 ], [ 69.8602499, 22.333501 ], [ 69.8603009, 22.3335167 ], [ 69.8603547, 22.3335163 ], [ 69.8604054, 22.3334997 ], [ 69.8604475, 22.3334689 ], [ 69.8604765, 22.333427 ], [ 69.8604893, 22.3333787 ], [ 69.8604844, 22.3333292 ], [ 69.8604624, 22.3332839 ], [ 69.8604256, 22.3332476 ], [ 69.8603781, 22.3332243 ], [ 69.860325, 22.3332165 ], [ 69.8602721, 22.3332251 ], [ 69.8602251, 22.3332491 ] ] ] } },
{ "type": "Feature", "properties": { "osm_type": "way", "osm_id": 321974625, "name": "", "industrial": "", "landuse": "", "man_made": "storage_tank", "power": "" }, "geometry": { "type": "Polygon", "coordinates": [ [ [ 69.8602446, 22.3328053 ], [ 69.860204, 22.3328359 ], [ 69.8601764, 22.3328771 ], [ 69.8601648, 22.3329244 ], [ 69.8601703, 22.3329726 ], [ 69.8601925, 22.3330165 ], [ 69.8602289, 22.3330514 ], [ 69.8602756, 22.3330734 ], [ 69.8603275, 22.3330802 ], [ 69.8603789, 22.3330711 ], [ 69.8604244, 22.333047 ], [ 69.860459, 22.3330106 ], [ 69.8604789, 22.3329657 ], [ 69.8604819, 22.3329174 ], [ 69.8604679, 22.3328707 ], [ 69.8604382, 22.3328307 ], [ 69.860396, 22.3328019 ], [ 69.8603461, 22.3327873 ], [ 69.8602937, 22.3327884 ], [ 69.8602446, 22.3328053 ] ] ] } },
{ "type": "Feature", "properties": { "osm_type": "way", "osm_id": 321975755, "name": "", "industrial": "", "landuse": "", "man_made": "storage_tank", "power": "" }, "geometry": { "type": "Polygon", "coordinates": [ [ [ 69.8457956, 22.3316775 ], [ 69.845736, 22.3317272 ], [ 69.8456971, 22.3317922 ], [ 69.8456831, 22.3318653 ], [ 69.8456955, 22.3319387 ], [ 69.845733, 22.3320043 ], [ 69.8457915, 22.3320552 ], [ 69.8458647, 22.3320857 ], [ 69.8459446, 22.3320926 ], [ 69.8460226, 22.3320751 ], [ 69.8460903, 22.3320351 ], [ 69.8461402, 22.331977 ], [ 69.8461671, 22.331907 ], [ 69.8461679, 22.3318327 ], [ 69.8461426, 22.3317623 ], [ 69.8460939, 22.3317032 ], [ 69.8460272, 22.3316619 ], [ 69.8459495, 22.331643 ], [ 69.8458695, 22.3316484 ], [ 69.8457956, 22.3316775 ] ] ] } },
{ "type": "Feature", "properties": { "osm_type": "way", "osm_id": 321975999, "name": "", "industrial": "", "landuse": "", "man_made": "storage_tank", "power": "" }, "geometry": { "type": "Polygon", "coordinates": [ [ [ 69.8452021, 22.3313692 ], [ 69.845186, 22.3313901 ], [ 69.8451782, 22.3314148 ], [ 69.8451794, 22.3314404 ], [ 69.8451896, 22.3314643 ], [ 69.8452076, 22.3314839 ], [ 69.8452315, 22.3314969 ], [ 69.8452587, 22.3315021 ], [ 69.8452863, 22.3314989 ], [ 69.8453112, 22.3314875 ], [ 69.8453307, 22.3314693 ], [ 69.8453429, 22.3314462 ], [ 69.8453462, 22.3314207 ], [ 69.8453404, 22.3313956 ], [ 69.8453261, 22.3313735 ], [ 69.8453049, 22.331357 ], [ 69.845279, 22.3313477 ], [ 69.8452512, 22.3313468 ], [ 69.8452246, 22.3313542 ], [ 69.8452021, 22.3313692 ] ] ] } },
{ "type": "Feature", "properties": { "osm_type": "way", "osm_id": 321976237, "name": "", "industrial": "", "landuse": "", "man_made": "storage_tank", "power": "" }, "geometry": { "type": "Polygon", "coordinates": [ [ [ 69.8452212, 22.331679 ], [ 69.8452013, 22.331697 ], [ 69.8451888, 22.3317201 ], [ 69.8451851, 22.3317456 ], [ 69.8451905, 22.3317708 ], [ 69.8452045, 22.3317931 ], [ 69.8452256, 22.33181 ], [ 69.8452514, 22.3318196 ], [ 69.8452792, 22.3318209 ], [ 69.845306, 22.3318139 ], [ 69.8453288, 22.3317991 ], [ 69.8453452, 22.3317783 ], [ 69.8453535, 22.3317537 ], [ 69.8453526, 22.331728 ], [ 69.8453428, 22.3317039 ], [ 69.845325, 22.331684 ], [ 69.8453013, 22.3316706 ], [ 69.8452741, 22.3316651 ], [ 69.8452464, 22.331668 ], [ 69.8452212, 22.331679 ] ] ] } },
{ "type": "Feature", "properties": { "osm_type": "way", "osm_id": 321976249, "name": "", "industrial": "", "landuse": "", "man_made": "storage_tank", "power": "" }, "geometry": { "type": "Polygon", "coordinates": [ [ [ 69.8452907, 22.3325912 ], [ 69.8452562, 22.3326239 ], [ 69.845235, 22.3326651 ], [ 69.8452295, 22.3327104 ], [ 69.8452401, 22.332755 ], [ 69.8452658, 22.332794 ], [ 69.8453038, 22.3328231 ], [ 69.84535, 22.3328392 ], [ 69.8453993, 22.3328406 ], [ 69.8454465, 22.3328271 ], [ 69.8454863, 22.3328002 ], [ 69.8455146, 22.3327627 ], [ 69.8455281, 22.3327189 ], [ 69.8455256, 22.3326733 ], [ 69.8455071, 22.3326309 ], [ 69.8454748, 22.3325964 ], [ 69.8454322, 22.3325735 ], [ 69.8453837, 22.3325646 ], [ 69.8453348, 22.3325707 ], [ 69.8452907, 22.3325912 ] ] ] } },
{ "type": "Feature", "properties": { "osm_type": "way", "osm_id": 321976307, "name": "", "industrial": "", "landuse": "", "man_made": "storage_tank", "power": "" }, "geometry": { "type": "Polygon", "coordinates": [ [ [ 69.8458738, 22.3326003 ], [ 69.8458399, 22.3326336 ], [ 69.8458195, 22.3326754 ], [ 69.8458149, 22.3327211 ], [ 69.8458265, 22.3327656 ], [ 69.8458532, 22.3328042 ], [ 69.845892, 22.3328328 ], [ 69.8459387, 22.3328481 ], [ 69.8459882, 22.3328486 ], [ 69.8460352, 22.3328342 ], [ 69.8460747, 22.3328065 ], [ 69.8461022, 22.3327683 ], [ 69.8461149, 22.332724 ], [ 69.8461113, 22.3326783 ], [ 69.8460919, 22.3326361 ], [ 69.8460588, 22.3326021 ], [ 69.8460154, 22.3325798 ], [ 69.8459666, 22.3325718 ], [ 69.8459177, 22.3325789 ], [ 69.8458738, 22.3326003 ] ] ] } },
{ "type": "Feature", "properties": { "osm_type": "way", "osm_id": 321976414, "name": "", "industrial": "", "landuse": "", "man_made": "storage_tank", "power": "" }, "geometry": { "type": "Polygon", "coordinates": [ [ [ 69.846072, 22.3331533 ], [ 69.8460489, 22.3331748 ], [ 69.8460346, 22.3332021 ], [ 69.8460307, 22.3332322 ], [ 69.8460375, 22.3332618 ], [ 69.8460544, 22.3332878 ], [ 69.8460795, 22.3333073 ], [ 69.84611, 22.3333182 ], [ 69.8461428, 22.3333194 ], [ 69.8461742, 22.3333106 ], [ 69.8462008, 22.3332929 ], [ 69.8462198, 22.3332682 ], [ 69.846229, 22.3332391 ], [ 69.8462275, 22.3332088 ], [ 69.8462155, 22.3331806 ], [ 69.8461942, 22.3331576 ], [ 69.846166, 22.3331421 ], [ 69.8461339, 22.333136 ], [ 69.8461014, 22.3331399 ], [ 69.846072, 22.3331533 ] ] ] } },
{ "type": "Feature", "properties": { "osm_type": "way", "osm_id": 321976482, "name": "", "industrial": "", "landuse": "", "man_made": "storage_tank", "power": "" }, "geometry": { "type": "Polygon", "coordinates": [ [ [ 69.8460649, 22.3335147 ], [ 69.8460439, 22.3335391 ], [ 69.8460326, 22.3335685 ], [ 69.8460321, 22.3335996 ], [ 69.8460427, 22.3336293 ], [ 69.8460631, 22.3336541 ], [ 69.846091, 22.3336715 ], [ 69.8461236, 22.3336795 ], [ 69.8461573, 22.3336773 ], [ 69.8461883, 22.3336652 ], [ 69.8462134, 22.3336443 ], [ 69.8462298, 22.3336171 ], [ 69.8462358, 22.3335864 ], [ 69.8462306, 22.3335556 ], [ 69.846215, 22.333528 ], [ 69.8461904, 22.3335066 ], [ 69.8461597, 22.3334937 ], [ 69.8461262, 22.3334907 ], [ 69.8460934, 22.333498 ], [ 69.8460649, 22.3335147 ] ] ] } },
{ "type": "Feature", "properties": { "osm_type": "way", "osm_id": 321976483, "name": "", "industrial": "", "landuse": "", "man_made": "storage_tank", "power": "" }, "geometry": { "type": "Polygon", "coordinates": [ [ [ 69.8453983, 22.3333707 ], [ 69.845372, 22.3333956 ], [ 69.8453559, 22.3334271 ], [ 69.8453517, 22.3334616 ], [ 69.8453599, 22.3334956 ], [ 69.8453795, 22.3335253 ], [ 69.8454085, 22.3335474 ], [ 69.8454437, 22.3335597 ], [ 69.8454813, 22.3335607 ], [ 69.8455172, 22.3335503 ], [ 69.8455476, 22.3335298 ], [ 69.845569, 22.3335012 ], [ 69.8455793, 22.3334678 ], [ 69.8455773, 22.333433 ], [ 69.8455632, 22.3334008 ], [ 69.8455386, 22.3333745 ], [ 69.845506, 22.3333571 ], [ 69.8454691, 22.3333504 ], [ 69.8454319, 22.3333551 ], [ 69.8453983, 22.3333707 ] ] ] } },
{ "type": "Feature", "properties": { "osm_type": "way", "osm_id": 321976484, "name": "", "industrial": "", "landuse": "", "man_made": "storage_tank", "power": "" }, "geometry": { "type": "Polygon", "coordinates": [ [ [ 69.8452073, 22.3336436 ], [ 69.8451855, 22.3336628 ], [ 69.8451717, 22.3336875 ], [ 69.8451672, 22.333715 ], [ 69.8451727, 22.3337423 ], [ 69.8451874, 22.3337666 ], [ 69.8452099, 22.3337851 ], [ 69.8452376, 22.3337958 ], [ 69.8452676, 22.3337976 ], [ 69.8452966, 22.3337903 ], [ 69.8453215, 22.3337747 ], [ 69.8453396, 22.3337525 ], [ 69.8453488, 22.3337261 ], [ 69.8453483, 22.3336983 ], [ 69.8453381, 22.3336721 ], [ 69.8453192, 22.3336505 ], [ 69.8452938, 22.3336357 ], [ 69.8452645, 22.3336293 ], [ 69.8452346, 22.333632 ], [ 69.8452073, 22.3336436 ] ] ] } },
{ "type": "Feature", "properties": { "osm_type": "way", "osm_id": 321976505, "name": "", "industrial": "", "landuse": "", "man_made": "storage_tank", "power": "" }, "geometry": { "type": "Polygon", "coordinates": [ [ [ 69.8454096, 22.3338543 ], [ 69.8453775, 22.333877 ], [ 69.845355, 22.3339082 ], [ 69.8453447, 22.3339444 ], [ 69.8453476, 22.3339818 ], [ 69.8453636, 22.3340162 ], [ 69.8453907, 22.334044 ], [ 69.8454262, 22.3340622 ], [ 69.845466, 22.3340687 ], [ 69.8455061, 22.3340629 ], [ 69.8455419, 22.3340453 ], [ 69.8455696, 22.334018 ], [ 69.8455862, 22.3339839 ], [ 69.8455899, 22.3339466 ], [ 69.8455803, 22.3339101 ], [ 69.8455585, 22.3338786 ], [ 69.8455268, 22.3338553 ], [ 69.8454886, 22.3338428 ], [ 69.8454481, 22.3338425 ], [ 69.8454096, 22.3338543 ] ] ] } },
{ "type": "Feature", "properties": { "osm_type": "way", "osm_id": 322037750, "name": "", "industrial": "", "landuse": "industrial", "man_made": "", "power": "" }, "geometry": { "type": "Polygon", "coordinates": [ [ [ 69.858724, 22.3438143 ], [ 69.8587043, 22.340737 ], [ 69.8618931, 22.3406822 ], [ 69.8619227, 22.3438051 ], [ 69.858724, 22.3438143 ] ] ] } },
{ "type": "Feature", "properties": { "osm_type": "way", "osm_id": 322038543, "name": "", "industrial": "", "landuse": "", "man_made": "storage_tank", "power": "" }, "geometry": { "type": "Polygon", "coordinates": [ [ [ 69.8600732, 22.339756 ], [ 69.86006, 22.3397697 ], [ 69.8600523, 22.3397867 ], [ 69.860051, 22.3398051 ], [ 69.8600563, 22.3398229 ], [ 69.8600675, 22.3398381 ], [ 69.8600834, 22.3398491 ], [ 69.8601023, 22.3398548 ], [ 69.8601222, 22.3398545 ], [ 69.8601409, 22.3398482 ], [ 69.8601564, 22.3398366 ], [ 69.860167, 22.339821 ], [ 69.8601716, 22.3398031 ], [ 69.8601696, 22.3397848 ], [ 69.8601612, 22.3397681 ], [ 69.8601475, 22.3397547 ], [ 69.8601298, 22.3397463 ], [ 69.8601101, 22.3397436 ], [ 69.8600906, 22.3397469 ], [ 69.8600732, 22.339756 ] ] ] } },
{ "type": "Feature", "properties": { "osm_type": "way", "osm_id": 340400914, "name": "", "industrial": "", "landuse": "industrial", "man_made": "", "power": "" }, "geometry": { "type": "Polygon", "coordinates": [ [ [ 69.8342852, 22.4750974 ], [ 69.8356998, 22.4753625 ], [ 69.8358634, 22.4753228 ], [ 69.8359814, 22.4752088 ], [ 69.8360887, 22.4741901 ], [ 69.8360673, 22.4735284 ], [ 69.8359331, 22.472879 ], [ 69.8358715, 22.4723957 ], [ 69.8358285, 22.4712134 ], [ 69.8357811, 22.4694142 ], [ 69.8356461, 22.4676938 ], [ 69.8354986, 22.4658249 ], [ 69.835312, 22.4620153 ], [ 69.8352626, 22.4618714 ], [ 69.8351996, 22.4611291 ], [ 69.8347541, 22.4545789 ], [ 69.8346511, 22.451153 ], [ 69.8343158, 22.4511555 ], [ 69.8344537, 22.4546186 ], [ 69.8354139, 22.4730153 ], [ 69.8346119, 22.4739497 ], [ 69.8343544, 22.4739894 ], [ 69.8343307, 22.4741783 ], [ 69.8344029, 22.4742779 ], [ 69.8343713, 22.4744387 ], [ 69.8343001, 22.4745848 ], [ 69.8342289, 22.474614 ], [ 69.8341735, 22.4747456 ], [ 69.8342852, 22.4750974 ] ] ] } },
{ "type": "Feature", "properties": { "osm_type": "way", "osm_id": 340401374, "name": "", "industrial": "", "landuse": "", "man_made": "storage_tank", "power": "" }, "geometry": { "type": "Polygon", "coordinates": [ [ [ 69.8351543, 22.4438974 ], [ 69.8351244, 22.4439232 ], [ 69.8351052, 22.4439565 ], [ 69.8350987, 22.4439938 ], [ 69.8351057, 22.444031 ], [ 69.8351253, 22.4440641 ], [ 69.8351556, 22.4440895 ], [ 69.8351931, 22.4441045 ], [ 69.8352338, 22.4441073 ], [ 69.8352734, 22.4440978 ], [ 69.8353074, 22.444077 ], [ 69.8353323, 22.4440471 ], [ 69.8353454, 22.4440113 ], [ 69.8353451, 22.4439735 ], [ 69.8353316, 22.4439379 ], [ 69.8353063, 22.4439082 ], [ 69.835272, 22.4438877 ], [ 69.8352323, 22.4438787 ], [ 69.8351916, 22.443882 ], [ 69.8351543, 22.4438974 ] ] ] } },
{ "type": "Feature", "properties": { "osm_type": "way", "osm_id": 340401375, "name": "", "industrial": "", "landuse": "", "man_made": "storage_tank", "power": "" }, "geometry": { "type": "Polygon", "coordinates": [ [ [ 69.8347751, 22.4439352 ], [ 69.8347551, 22.4439706 ], [ 69.8347486, 22.44401 ], [ 69.8347563, 22.4440493 ], [ 69.8347774, 22.4440841 ], [ 69.8348096, 22.4441107 ], [ 69.8348494, 22.4441262 ], [ 69.8348924, 22.4441289 ], [ 69.8349341, 22.4441186 ], [ 69.8349699, 22.4440963 ], [ 69.8349959, 22.4440644 ], [ 69.8350094, 22.4440265 ], [ 69.8350087, 22.4439866 ], [ 69.8349941, 22.4439491 ], [ 69.8349671, 22.4439179 ], [ 69.8349306, 22.4438966 ], [ 69.8348886, 22.4438874 ], [ 69.8348457, 22.4438912 ], [ 69.8348064, 22.4439078 ], [ 69.8347751, 22.4439352 ] ] ] } },
{ "type": "Feature", "properties": { "osm_type": "way", "osm_id": 340401376, "name": "", "industrial": "", "landuse": "", "man_made": "storage_tank", "power": "" }, "geometry": { "type": "Polygon", "coordinates": [ [ [ 69.8344213, 22.4439747 ], [ 69.8344068, 22.4440145 ], [ 69.834407, 22.4440565 ], [ 69.8344221, 22.4440962 ], [ 69.8344502, 22.4441292 ], [ 69.8344884, 22.444152 ], [ 69.8345325, 22.444162 ], [ 69.8345778, 22.4441583 ], [ 69.8346193, 22.4441412 ], [ 69.8346526, 22.4441126 ], [ 69.834674, 22.4440755 ], [ 69.8346812, 22.4440341 ], [ 69.8346735, 22.4439927 ], [ 69.8346516, 22.4439558 ], [ 69.834618, 22.4439275 ], [ 69.8345762, 22.4439109 ], [ 69.8345309, 22.4439077 ], [ 69.8344869, 22.4439182 ], [ 69.834449, 22.4439414 ], [ 69.8344213, 22.4439747 ] ] ] } },
{ "type": "Feature", "properties": { "osm_type": "way", "osm_id": 340401377, "name": "", "industrial": "", "landuse": "", "man_made": "storage_tank", "power": "" }, "geometry": { "type": "Polygon", "coordinates": [ [ [ 69.8349587, 22.4447673 ], [ 69.8349418, 22.4448167 ], [ 69.8349432, 22.4448686 ], [ 69.8349627, 22.4449172 ], [ 69.8349983, 22.4449573 ], [ 69.835046, 22.4449845 ], [ 69.8351007, 22.444996 ], [ 69.8351565, 22.4449904 ], [ 69.8352072, 22.4449684 ], [ 69.8352476, 22.4449324 ], [ 69.835273, 22.4448862 ], [ 69.8352809, 22.4448348 ], [ 69.8352702, 22.4447839 ], [ 69.8352423, 22.444739 ], [ 69.8352001, 22.4447048 ], [ 69.8351482, 22.4446852 ], [ 69.8350922, 22.4446822 ], [ 69.8350382, 22.4446962 ], [ 69.834992, 22.4447256 ], [ 69.8349587, 22.4447673 ] ] ] } },
{ "type": "Feature", "properties": { "osm_type": "way", "osm_id": 340401378, "name": "", "industrial": "", "landuse": "", "man_made": "storage_tank", "power": "" }, "geometry": { "type": "Polygon", "coordinates": [ [ [ 69.8350418, 22.4452233 ], [ 69.8350053, 22.4452676 ], [ 69.8349864, 22.4453204 ], [ 69.8349871, 22.445376 ], [ 69.8350072, 22.4454284 ], [ 69.8350447, 22.4454719 ], [ 69.8350955, 22.4455018 ], [ 69.8351539, 22.4455148 ], [ 69.8352138, 22.4455096 ], [ 69.8352687, 22.4454867 ], [ 69.8353125, 22.4454486 ], [ 69.8353406, 22.4453994 ], [ 69.8353498, 22.4453445 ], [ 69.8353392, 22.4452897 ], [ 69.83531, 22.4452411 ], [ 69.8352653, 22.4452039 ], [ 69.8352099, 22.4451821 ], [ 69.8351499, 22.4451781 ], [ 69.8350918, 22.4451924 ], [ 69.8350418, 22.4452233 ] ] ] } },
{ "type": "Feature", "properties": { "osm_type": "way", "osm_id": 391689982, "name": "Essar", "industrial": "", "landuse": "", "man_made": "", "power": "substation" }, "geometry": { "type": "Polygon", "coordinates": [ [ [ 69.854197, 22.3247476 ], [ 69.8555341, 22.3242905 ], [ 69.8560117, 22.3255063 ], [ 69.8546642, 22.3259769 ], [ 69.854197, 22.3247476 ] ] ] } },
{ "type": "Feature", "properties": { "osm_type": "way", "osm_id": 440206109, "name": "Moti Rafudad", "industrial": "", "landuse": "", "man_made": "", "power": "substation" }, "geometry": { "type": "Polygon", "coordinates": [ [ [ 69.886835, 22.2335059 ], [ 69.8870417, 22.2341143 ], [ 69.8876873, 22.2339263 ], [ 69.8874806, 22.2333179 ], [ 69.886835, 22.2335059 ] ] ] } },
{ "type": "Feature", "properties": { "osm_type": "way", "osm_id": 466543124, "name": "Sikka Thermal Power Station", "industrial": "", "landuse": "", "man_made": "", "power": "plant" }, "geometry": { "type": "Polygon", "coordinates": [ [ [ 69.8224071, 22.4195088 ], [ 69.8223913, 22.4193784 ], [ 69.8232818, 22.4192197 ], [ 69.823247, 22.4189842 ], [ 69.8240194, 22.4188552 ], [ 69.8242367, 22.4189519 ], [ 69.8251245, 22.4185899 ], [ 69.8256261, 22.4185503 ], [ 69.8264281, 22.4178411 ], [ 69.8334152, 22.4172411 ], [ 69.8336566, 22.4178907 ], [ 69.8341206, 22.4177519 ], [ 69.8346169, 22.4184461 ], [ 69.8346759, 22.4190958 ], [ 69.8351774, 22.4190486 ], [ 69.835679, 22.4195346 ], [ 69.8383693, 22.4237968 ], [ 69.8242394, 22.4249894 ], [ 69.8232362, 22.423772 ], [ 69.822099, 22.4229414 ], [ 69.8218147, 22.4221182 ], [ 69.821639, 22.4210471 ], [ 69.8217697, 22.4195607 ], [ 69.8224071, 22.4195088 ] ] ] } },
{ "type": "Feature", "properties": { "osm_type": "way", "osm_id": 480283110, "name": "", "industrial": "", "landuse": "", "man_made": "storage_tank", "power": "" }, "geometry": { "type": "Polygon", "coordinates": [ [ [ 69.8549178, 22.3308961 ], [ 69.8548701, 22.3308827 ], [ 69.8548204, 22.3308871 ], [ 69.8547764, 22.3309088 ], [ 69.8547448, 22.3309445 ], [ 69.8547303, 22.3309886 ], [ 69.8547351, 22.3310345 ], [ 69.8547586, 22.3310752 ], [ 69.8547971, 22.3311045 ], [ 69.8548448, 22.3311179 ], [ 69.8548944, 22.3311135 ], [ 69.8549384, 22.3310917 ], [ 69.8549701, 22.3310561 ], [ 69.8549846, 22.331012 ], [ 69.8549798, 22.3309661 ], [ 69.8549563, 22.3309254 ], [ 69.8549178, 22.3308961 ] ] ] } },
{ "type": "Feature", "properties": { "osm_type": "way", "osm_id": 480283111, "name": "", "industrial": "", "landuse": "", "man_made": "storage_tank", "power": "" }, "geometry": { "type": "Polygon", "coordinates": [ [ [ 69.8558485, 22.3298962 ], [ 69.8557916, 22.3298746 ], [ 69.85573, 22.3298748 ], [ 69.8556733, 22.3298968 ], [ 69.8556299, 22.3299372 ], [ 69.8556066, 22.3299898 ], [ 69.8556068, 22.3300467 ], [ 69.8556305, 22.3300993 ], [ 69.8556742, 22.3301394 ], [ 69.8557311, 22.330161 ], [ 69.8557926, 22.3301608 ], [ 69.8558494, 22.3301388 ], [ 69.8558928, 22.3300984 ], [ 69.8559161, 22.3300458 ], [ 69.8559159, 22.3299888 ], [ 69.8558922, 22.3299363 ], [ 69.8558485, 22.3298962 ] ] ] } },
{ "type": "Feature", "properties": { "osm_type": "way", "osm_id": 480283112, "name": "", "industrial": "", "landuse": "", "man_made": "storage_tank", "power": "" }, "geometry": { "type": "Polygon", "coordinates": [ [ [ 69.8584979, 22.3299006 ], [ 69.8584411, 22.3298772 ], [ 69.858379, 22.3298757 ], [ 69.858321, 22.3298963 ], [ 69.8582759, 22.3299359 ], [ 69.8582507, 22.3299884 ], [ 69.858249, 22.3300459 ], [ 69.8582713, 22.3300995 ], [ 69.8583141, 22.3301412 ], [ 69.8583709, 22.3301646 ], [ 69.858433, 22.3301661 ], [ 69.858491, 22.3301455 ], [ 69.8585361, 22.3301059 ], [ 69.8585613, 22.3300534 ], [ 69.8585629, 22.3299959 ], [ 69.8585407, 22.3299423 ], [ 69.8584979, 22.3299006 ] ] ] } },
{ "type": "Feature", "properties": { "osm_type": "way", "osm_id": 480283710, "name": "", "industrial": "", "landuse": "", "man_made": "storage_tank", "power": "" }, "geometry": { "type": "Polygon", "coordinates": [ [ [ 69.8751765, 22.3249265 ], [ 69.8751275, 22.324905 ], [ 69.8750734, 22.3249023 ], [ 69.8750223, 22.3249191 ], [ 69.874982, 22.3249526 ], [ 69.8749587, 22.3249979 ], [ 69.8749559, 22.325048 ], [ 69.874974, 22.3250952 ], [ 69.8750102, 22.3251325 ], [ 69.8750592, 22.3251541 ], [ 69.8751133, 22.3251567 ], [ 69.8751644, 22.32514 ], [ 69.8752047, 22.3251064 ], [ 69.875228, 22.3250611 ], [ 69.8752308, 22.3250111 ], [ 69.8752127, 22.3249638 ], [ 69.8751765, 22.3249265 ] ] ] } },
{ "type": "Feature", "properties": { "osm_type": "way", "osm_id": 480283711, "name": "", "industrial": "", "landuse": "", "man_made": "storage_tank", "power": "" }, "geometry": { "type": "Polygon", "coordinates": [ [ [ 69.8748707, 22.3251325 ], [ 69.8748213, 22.3251115 ], [ 69.874767, 22.3251095 ], [ 69.8747161, 22.3251269 ], [ 69.8746762, 22.3251611 ], [ 69.8746535, 22.3252067 ], [ 69.8746514, 22.3252569 ], [ 69.8746703, 22.3253041 ], [ 69.8747072, 22.325341 ], [ 69.8747565, 22.325362 ], [ 69.8748108, 22.3253639 ], [ 69.8748617, 22.3253465 ], [ 69.8749016, 22.3253123 ], [ 69.8749243, 22.3252667 ], [ 69.8749264, 22.3252165 ], [ 69.8749076, 22.3251693 ], [ 69.8748707, 22.3251325 ] ] ] } },
{ "type": "Feature", "properties": { "osm_type": "way", "osm_id": 480283712, "name": "", "industrial": "", "landuse": "", "man_made": "storage_tank", "power": "" }, "geometry": { "type": "Polygon", "coordinates": [ [ [ 69.875202, 22.3253483 ], [ 69.8751522, 22.3253254 ], [ 69.8750968, 22.3253218 ], [ 69.8750441, 22.3253382 ], [ 69.8750021, 22.3253719 ], [ 69.8749774, 22.325418 ], [ 69.8749735, 22.3254692 ], [ 69.8749912, 22.325518 ], [ 69.8750277, 22.3255568 ], [ 69.8750774, 22.3255797 ], [ 69.8751329, 22.3255832 ], [ 69.8751856, 22.3255669 ], [ 69.8752275, 22.3255332 ], [ 69.8752523, 22.3254871 ], [ 69.8752561, 22.3254359 ], [ 69.8752384, 22.3253871 ], [ 69.875202, 22.3253483 ] ] ] } },
{ "type": "Feature", "properties": { "osm_type": "way", "osm_id": 480283713, "name": "", "industrial": "", "landuse": "", "man_made": "storage_tank", "power": "" }, "geometry": { "type": "Polygon", "coordinates": [ [ [ 69.874911, 22.3255605 ], [ 69.8748599, 22.3255363 ], [ 69.8748027, 22.3255321 ], [ 69.8747481, 22.3255484 ], [ 69.8747045, 22.3255828 ], [ 69.8746783, 22.32563 ], [ 69.8746737, 22.3256829 ], [ 69.8746913, 22.3257334 ], [ 69.8747285, 22.3257738 ], [ 69.8747796, 22.325798 ], [ 69.8748368, 22.3258023 ], [ 69.8748914, 22.325786 ], [ 69.8749351, 22.3257516 ], [ 69.8749612, 22.3257043 ], [ 69.8749658, 22.3256514 ], [ 69.8749482, 22.3256009 ], [ 69.874911, 22.3255605 ] ] ] } },
{ "type": "Feature", "properties": { "osm_type": "way", "osm_id": 480283724, "name": "", "industrial": "", "landuse": "", "man_made": "storage_tank", "power": "" }, "geometry": { "type": "Polygon", "coordinates": [ [ [ 69.856912, 22.3350189 ], [ 69.8568829, 22.335011 ], [ 69.8568526, 22.3350139 ], [ 69.8568259, 22.3350274 ], [ 69.8568067, 22.3350493 ], [ 69.8567981, 22.3350763 ], [ 69.8568013, 22.3351042 ], [ 69.8568159, 22.335129 ], [ 69.8568395, 22.3351467 ], [ 69.8568687, 22.3351546 ], [ 69.856899, 22.3351517 ], [ 69.8569257, 22.3351382 ], [ 69.8569448, 22.3351163 ], [ 69.8569534, 22.3350894 ], [ 69.8569502, 22.3350614 ], [ 69.8569357, 22.3350366 ], [ 69.856912, 22.3350189 ] ] ] } },
{ "type": "Feature", "properties": { "osm_type": "way", "osm_id": 480283725, "name": "", "industrial": "", "landuse": "", "man_made": "storage_tank", "power": "" }, "geometry": { "type": "Polygon", "coordinates": [ [ [ 69.8529987, 22.3328133 ], [ 69.8529767, 22.332808 ], [ 69.8529542, 22.3328108 ], [ 69.8529346, 22.3328214 ], [ 69.8529209, 22.3328381 ], [ 69.8529151, 22.3328584 ], [ 69.8529182, 22.3328792 ], [ 69.8529296, 22.3328974 ], [ 69.8529477, 22.3329101 ], [ 69.8529697, 22.3329154 ], [ 69.8529921, 22.3329126 ], [ 69.8530118, 22.332902 ], [ 69.8530255, 22.3328853 ], [ 69.8530313, 22.332865 ], [ 69.8530282, 22.3328442 ], [ 69.8530167, 22.332826 ], [ 69.8529987, 22.3328133 ] ] ] } },
{ "type": "Feature", "properties": { "osm_type": "way", "osm_id": 480735666, "name": "", "industrial": "cooling", "landuse": "", "man_made": "", "power": "" }, "geometry": { "type": "Polygon", "coordinates": [ [ [ 69.7066131, 22.3028303 ], [ 69.7064858, 22.3028691 ], [ 69.7070276, 22.3043927 ], [ 69.7071549, 22.304354 ], [ 69.7066131, 22.3028303 ] ] ] } },
{ "type": "Feature", "properties": { "osm_type": "way", "osm_id": 480735670, "name": "", "industrial": "cooling", "landuse": "", "man_made": "", "power": "" }, "geometry": { "type": "Polygon", "coordinates": [ [ [ 69.7073319, 22.3012086 ], [ 69.7078791, 22.3027224 ], [ 69.7080271, 22.3026766 ], [ 69.7074799, 22.3011628 ], [ 69.7073319, 22.3012086 ] ] ] } },
{ "type": "Feature", "properties": { "osm_type": "way", "osm_id": 480735672, "name": "", "industrial": "cooling", "landuse": "", "man_made": "", "power": "" }, "geometry": { "type": "Polygon", "coordinates": [ [ [ 69.7083619, 22.3000051 ], [ 69.7089252, 22.3015213 ], [ 69.7090686, 22.3014757 ], [ 69.7085054, 22.2999594 ], [ 69.7083619, 22.3000051 ] ] ] } },
{ "type": "Feature", "properties": { "osm_type": "way", "osm_id": 480735676, "name": "", "industrial": "cooling", "landuse": "", "man_made": "", "power": "" }, "geometry": { "type": "Polygon", "coordinates": [ [ [ 69.7101053, 22.3002805 ], [ 69.7095716, 22.2988064 ], [ 69.7094221, 22.2988528 ], [ 69.7099558, 22.3003269 ], [ 69.7101053, 22.3002805 ] ] ] } },
{ "type": "Feature", "properties": { "osm_type": "way", "osm_id": 480924465, "name": "", "industrial": "", "landuse": "", "man_made": "storage_tank", "power": "" }, "geometry": { "type": "Polygon", "coordinates": [ [ [ 69.7652998, 22.3333238 ], [ 69.7652198, 22.3332393 ], [ 69.7651109, 22.3331896 ], [ 69.7649897, 22.3331822 ], [ 69.7648747, 22.3332183 ], [ 69.7647834, 22.3332924 ], [ 69.7647297, 22.3333931 ], [ 69.7647217, 22.3335052 ], [ 69.7647607, 22.3336116 ], [ 69.7648408, 22.333696 ], [ 69.7649497, 22.3337457 ], [ 69.7650709, 22.3337531 ], [ 69.7651858, 22.333717 ], [ 69.7652772, 22.333643 ], [ 69.7653309, 22.3335422 ], [ 69.7653389, 22.3334302 ], [ 69.7652998, 22.3333238 ] ] ] } },
{ "type": "Feature", "properties": { "osm_type": "way", "osm_id": 480924466, "name": "", "industrial": "", "landuse": "", "man_made": "storage_tank", "power": "" }, "geometry": { "type": "Polygon", "coordinates": [ [ [ 69.7638461, 22.3353756 ], [ 69.763762, 22.3352899 ], [ 69.7636489, 22.3352404 ], [ 69.763524, 22.3352348 ], [ 69.7634062, 22.3352738 ], [ 69.7633135, 22.3353516 ], [ 69.7632601, 22.3354562 ], [ 69.763254, 22.3355718 ], [ 69.7632962, 22.3356807 ], [ 69.7633803, 22.3357664 ], [ 69.7634934, 22.3358158 ], [ 69.7636183, 22.3358215 ], [ 69.7637361, 22.3357824 ], [ 69.7638288, 22.3357047 ], [ 69.7638822, 22.3356001 ], [ 69.7638883, 22.3354845 ], [ 69.7638461, 22.3353756 ] ] ] } },
{ "type": "Feature", "properties": { "osm_type": "way", "osm_id": 480924467, "name": "", "industrial": "", "landuse": "", "man_made": "storage_tank", "power": "" }, "geometry": { "type": "Polygon", "coordinates": [ [ [ 69.7651228, 22.3347578 ], [ 69.7650522, 22.3346676 ], [ 69.7649497, 22.3346094 ], [ 69.7648308, 22.3345918 ], [ 69.7647138, 22.3346176 ], [ 69.7646163, 22.3346829 ], [ 69.7645533, 22.3347778 ], [ 69.7645343, 22.3348877 ], [ 69.7645622, 22.334996 ], [ 69.7646328, 22.3350861 ], [ 69.7647354, 22.3351444 ], [ 69.7648542, 22.335162 ], [ 69.7649713, 22.3351361 ], [ 69.7650687, 22.3350708 ], [ 69.7651318, 22.334976 ], [ 69.7651508, 22.3348661 ], [ 69.7651228, 22.3347578 ] ] ] } },
{ "type": "Feature", "properties": { "osm_type": "way", "osm_id": 480924468, "name": "", "industrial": "", "landuse": "", "man_made": "storage_tank", "power": "" }, "geometry": { "type": "Polygon", "coordinates": [ [ [ 69.7654205, 22.3363903 ], [ 69.7653349, 22.3363147 ], [ 69.7652246, 22.3362752 ], [ 69.7651063, 22.3362778 ], [ 69.7649981, 22.3363221 ], [ 69.7649164, 22.3364012 ], [ 69.7648737, 22.3365033 ], [ 69.7648765, 22.3366127 ], [ 69.7649243, 22.3367128 ], [ 69.7650099, 22.3367883 ], [ 69.7651203, 22.3368278 ], [ 69.7652386, 22.3368253 ], [ 69.7653468, 22.336781 ], [ 69.7654285, 22.3367018 ], [ 69.7654712, 22.3365998 ], [ 69.7654684, 22.3364904 ], [ 69.7654205, 22.3363903 ] ] ] } },
{ "type": "Feature", "properties": { "osm_type": "way", "osm_id": 480924469, "name": "", "industrial": "", "landuse": "", "man_made": "storage_tank", "power": "" }, "geometry": { "type": "Polygon", "coordinates": [ [ [ 69.7667563, 22.3357874 ], [ 69.7666868, 22.3356951 ], [ 69.7665844, 22.3356344 ], [ 69.7664647, 22.3356145 ], [ 69.7663459, 22.3356385 ], [ 69.7662461, 22.3357028 ], [ 69.7661804, 22.3357975 ], [ 69.766159, 22.3359082 ], [ 69.766185, 22.3360181 ], [ 69.7662544, 22.3361105 ], [ 69.7663568, 22.3361712 ], [ 69.7664765, 22.336191 ], [ 69.7665953, 22.336167 ], [ 69.7666952, 22.3361027 ], [ 69.7667608, 22.336008 ], [ 69.7667823, 22.3358973 ], [ 69.7667563, 22.3357874 ] ] ] } },
{ "type": "Feature", "properties": { "osm_type": "way", "osm_id": 480924572, "name": "", "industrial": "", "landuse": "", "man_made": "storage_tank", "power": "" }, "geometry": { "type": "Polygon", "coordinates": [ [ [ 69.762969, 22.3334292 ], [ 69.7629283, 22.3333874 ], [ 69.7628733, 22.3333631 ], [ 69.7628125, 22.3333602 ], [ 69.7627551, 22.333379 ], [ 69.7627098, 22.3334167 ], [ 69.7626836, 22.3334675 ], [ 69.7626805, 22.3335238 ], [ 69.7627008, 22.3335768 ], [ 69.7627415, 22.3336187 ], [ 69.7627965, 22.3336429 ], [ 69.7628573, 22.3336459 ], [ 69.7629147, 22.3336271 ], [ 69.7629599, 22.3335894 ], [ 69.7629861, 22.3335386 ], [ 69.7629893, 22.3334823 ], [ 69.762969, 22.3334292 ] ] ] } },
{ "type": "Feature", "properties": { "osm_type": "way", "osm_id": 480924573, "name": "", "industrial": "", "landuse": "", "man_made": "storage_tank", "power": "" }, "geometry": { "type": "Polygon", "coordinates": [ [ [ 69.7627209, 22.3337865 ], [ 69.7626802, 22.3337446 ], [ 69.7626252, 22.3337204 ], [ 69.7625644, 22.3337174 ], [ 69.762507, 22.3337362 ], [ 69.7624617, 22.3337739 ], [ 69.7624355, 22.3338248 ], [ 69.7624323, 22.333881 ], [ 69.7624527, 22.3339341 ], [ 69.7624934, 22.333976 ], [ 69.7625484, 22.3340002 ], [ 69.7626092, 22.3340032 ], [ 69.7626666, 22.3339843 ], [ 69.7627118, 22.3339467 ], [ 69.762738, 22.3338958 ], [ 69.7627412, 22.3338396 ], [ 69.7627209, 22.3337865 ] ] ] } },
{ "type": "Feature", "properties": { "osm_type": "way", "osm_id": 480924574, "name": "", "industrial": "", "landuse": "", "man_made": "storage_tank", "power": "" }, "geometry": { "type": "Polygon", "coordinates": [ [ [ 69.7624782, 22.3341301 ], [ 69.7624374, 22.3340883 ], [ 69.7623825, 22.334064 ], [ 69.7623216, 22.3340611 ], [ 69.7622643, 22.3340799 ], [ 69.762219, 22.3341176 ], [ 69.7621928, 22.3341684 ], [ 69.7621896, 22.3342246 ], [ 69.7622099, 22.3342777 ], [ 69.7622507, 22.3343196 ], [ 69.7623056, 22.3343438 ], [ 69.7623664, 22.3343468 ], [ 69.7624238, 22.334328 ], [ 69.7624691, 22.3342903 ], [ 69.7624953, 22.3342394 ], [ 69.7624985, 22.3341832 ], [ 69.7624782, 22.3341301 ] ] ] } },
{ "type": "Feature", "properties": { "osm_type": "way", "osm_id": 480924575, "name": "", "industrial": "", "landuse": "", "man_made": "storage_tank", "power": "" }, "geometry": { "type": "Polygon", "coordinates": [ [ [ 69.7621858, 22.3344992 ], [ 69.7621451, 22.3344573 ], [ 69.7620901, 22.3344331 ], [ 69.7620293, 22.3344301 ], [ 69.7619719, 22.3344489 ], [ 69.7619266, 22.3344866 ], [ 69.7619004, 22.3345374 ], [ 69.7618972, 22.3345937 ], [ 69.7619176, 22.3346468 ], [ 69.7619583, 22.3346886 ], [ 69.7620133, 22.3347129 ], [ 69.7620741, 22.3347158 ], [ 69.7621315, 22.334697 ], [ 69.7621767, 22.3346593 ], [ 69.7622029, 22.3346085 ], [ 69.7622061, 22.3345522 ], [ 69.7621858, 22.3344992 ] ] ] } },
{ "type": "Feature", "properties": { "osm_type": "way", "osm_id": 480924669, "name": "", "industrial": "", "landuse": "", "man_made": "storage_tank", "power": "" }, "geometry": { "type": "Polygon", "coordinates": [ [ [ 69.7615675, 22.3319859 ], [ 69.7614967, 22.3319343 ], [ 69.7614099, 22.3319117 ], [ 69.7613203, 22.3319215 ], [ 69.7612417, 22.3319623 ], [ 69.7611859, 22.3320279 ], [ 69.7611614, 22.3321082 ], [ 69.7611721, 22.332191 ], [ 69.7612162, 22.3322638 ], [ 69.761287, 22.3323154 ], [ 69.7613738, 22.332338 ], [ 69.7614634, 22.3323281 ], [ 69.7615421, 22.3322873 ], [ 69.7615979, 22.3322218 ], [ 69.7616223, 22.3321415 ], [ 69.7616117, 22.3320587 ], [ 69.7615675, 22.3319859 ] ] ] } },
{ "type": "Feature", "properties": { "osm_type": "way", "osm_id": 480924670, "name": "", "industrial": "", "landuse": "", "man_made": "storage_tank", "power": "" }, "geometry": { "type": "Polygon", "coordinates": [ [ [ 69.7609828, 22.3328294 ], [ 69.760912, 22.3327778 ], [ 69.7608252, 22.3327552 ], [ 69.7607356, 22.3327651 ], [ 69.7606569, 22.3328059 ], [ 69.7606011, 22.3328714 ], [ 69.7605767, 22.3329517 ], [ 69.7605874, 22.3330345 ], [ 69.7606315, 22.3331073 ], [ 69.7607023, 22.3331589 ], [ 69.7607891, 22.3331815 ], [ 69.7608787, 22.3331717 ], [ 69.7609573, 22.3331309 ], [ 69.7610131, 22.3330653 ], [ 69.7610376, 22.332985 ], [ 69.7610269, 22.3329022 ], [ 69.7609828, 22.3328294 ] ] ] } },
{ "type": "Feature", "properties": { "osm_type": "way", "osm_id": 480924671, "name": "", "industrial": "", "landuse": "", "man_made": "storage_tank", "power": "" }, "geometry": { "type": "Polygon", "coordinates": [ [ [ 69.7605416, 22.3333802 ], [ 69.7604708, 22.3333286 ], [ 69.7603839, 22.333306 ], [ 69.7602944, 22.3333159 ], [ 69.7602157, 22.3333567 ], [ 69.7601599, 22.3334222 ], [ 69.7601355, 22.3335025 ], [ 69.7601461, 22.3335853 ], [ 69.7601902, 22.3336581 ], [ 69.7602611, 22.3337097 ], [ 69.7603479, 22.3337323 ], [ 69.7604375, 22.3337225 ], [ 69.7605161, 22.3336817 ], [ 69.7605719, 22.3336161 ], [ 69.7605964, 22.3335358 ], [ 69.7605857, 22.333453 ], [ 69.7605416, 22.3333802 ] ] ] } },
{ "type": "Feature", "properties": { "osm_type": "way", "osm_id": 480924673, "name": "", "industrial": "", "landuse": "", "man_made": "storage_tank", "power": "" }, "geometry": { "type": "Polygon", "coordinates": [ [ [ 69.7603498, 22.3312279 ], [ 69.760279, 22.3311763 ], [ 69.7601922, 22.3311537 ], [ 69.7601026, 22.3311636 ], [ 69.7600239, 22.3312044 ], [ 69.7599681, 22.3312699 ], [ 69.7599437, 22.3313502 ], [ 69.7599543, 22.331433 ], [ 69.7599985, 22.3315058 ], [ 69.7600693, 22.3315574 ], [ 69.7601561, 22.33158 ], [ 69.7602457, 22.3315702 ], [ 69.7603243, 22.3315294 ], [ 69.7603801, 22.3314638 ], [ 69.7604046, 22.3313835 ], [ 69.7603939, 22.3313007 ], [ 69.7603498, 22.3312279 ] ] ] } },
{ "type": "Feature", "properties": { "osm_type": "way", "osm_id": 480924674, "name": "", "industrial": "", "landuse": "", "man_made": "storage_tank", "power": "" }, "geometry": { "type": "Polygon", "coordinates": [ [ [ 69.7607495, 22.3306672 ], [ 69.7606786, 22.3306156 ], [ 69.7605918, 22.330593 ], [ 69.7605023, 22.3306028 ], [ 69.7604236, 22.3306436 ], [ 69.7603678, 22.3307092 ], [ 69.7603434, 22.3307895 ], [ 69.760354, 22.3308723 ], [ 69.7603981, 22.3309451 ], [ 69.760469, 22.3309967 ], [ 69.7605558, 22.3310193 ], [ 69.7606453, 22.3310095 ], [ 69.760724, 22.3309687 ], [ 69.7607798, 22.3309031 ], [ 69.7608042, 22.3308228 ], [ 69.7607936, 22.33074 ], [ 69.7607495, 22.3306672 ] ] ] } },
{ "type": "Feature", "properties": { "osm_type": "way", "osm_id": 480924675, "name": "", "industrial": "", "landuse": "", "man_made": "storage_tank", "power": "" }, "geometry": { "type": "Polygon", "coordinates": [ [ [ 69.7619779, 22.3314016 ], [ 69.7619071, 22.33135 ], [ 69.7618203, 22.3313274 ], [ 69.7617307, 22.3313372 ], [ 69.761652, 22.331378 ], [ 69.7615962, 22.3314436 ], [ 69.7615718, 22.3315239 ], [ 69.7615825, 22.3316067 ], [ 69.7616266, 22.3316795 ], [ 69.7616974, 22.3317311 ], [ 69.7617842, 22.3317537 ], [ 69.7618738, 22.3317438 ], [ 69.7619524, 22.331703 ], [ 69.7620082, 22.3316375 ], [ 69.7620327, 22.3315572 ], [ 69.762022, 22.3314744 ], [ 69.7619779, 22.3314016 ] ] ] } },
{ "type": "Feature", "properties": { "osm_type": "way", "osm_id": 480924755, "name": "", "industrial": "", "landuse": "", "man_made": "storage_tank", "power": "" }, "geometry": { "type": "Polygon", "coordinates": [ [ [ 69.758078, 22.3318507 ], [ 69.7580071, 22.3317991 ], [ 69.7579203, 22.3317765 ], [ 69.7578308, 22.3317863 ], [ 69.7577521, 22.3318271 ], [ 69.7576963, 22.3318926 ], [ 69.7576719, 22.3319729 ], [ 69.7576825, 22.3320558 ], [ 69.7577266, 22.3321285 ], [ 69.7577975, 22.3321802 ], [ 69.7578843, 22.3322028 ], [ 69.7579738, 22.3321929 ], [ 69.7580525, 22.3321521 ], [ 69.7581083, 22.3320866 ], [ 69.7581327, 22.3320063 ], [ 69.7581221, 22.3319234 ], [ 69.758078, 22.3318507 ] ] ] } },
{ "type": "Feature", "properties": { "osm_type": "way", "osm_id": 480924756, "name": "", "industrial": "", "landuse": "", "man_made": "storage_tank", "power": "" }, "geometry": { "type": "Polygon", "coordinates": [ [ [ 69.759344, 22.332657 ], [ 69.7592731, 22.3326054 ], [ 69.7591863, 22.3325828 ], [ 69.7590968, 22.3325926 ], [ 69.7590181, 22.3326334 ], [ 69.7589623, 22.332699 ], [ 69.7589379, 22.3327793 ], [ 69.7589485, 22.3328621 ], [ 69.7589926, 22.3329349 ], [ 69.7590635, 22.3329865 ], [ 69.7591503, 22.3330091 ], [ 69.7592399, 22.3329992 ], [ 69.7593185, 22.3329584 ], [ 69.7593743, 22.3328929 ], [ 69.7593988, 22.3328126 ], [ 69.7593881, 22.3327298 ], [ 69.759344, 22.332657 ] ] ] } },
{ "type": "Feature", "properties": { "osm_type": "way", "osm_id": 480924757, "name": "", "industrial": "", "landuse": "", "man_made": "storage_tank", "power": "" }, "geometry": { "type": "Polygon", "coordinates": [ [ [ 69.7597383, 22.332074 ], [ 69.7596674, 22.3320223 ], [ 69.7595806, 22.3319997 ], [ 69.7594911, 22.3320096 ], [ 69.7594124, 22.3320504 ], [ 69.7593566, 22.3321159 ], [ 69.7593322, 22.3321962 ], [ 69.7593428, 22.3322791 ], [ 69.7593869, 22.3323518 ], [ 69.7594578, 22.3324035 ], [ 69.7595446, 22.3324261 ], [ 69.7596341, 22.3324162 ], [ 69.7597128, 22.3323754 ], [ 69.7597686, 22.3323099 ], [ 69.759793, 22.3322296 ], [ 69.7597824, 22.3321467 ], [ 69.7597383, 22.332074 ] ] ] } },
{ "type": "Feature", "properties": { "osm_type": "way", "osm_id": 480924763, "name": "", "industrial": "", "landuse": "", "man_made": "storage_tank", "power": "" }, "geometry": { "type": "Polygon", "coordinates": [ [ [ 69.7595022, 22.3298733 ], [ 69.7594314, 22.3298217 ], [ 69.7593446, 22.329799 ], [ 69.759255, 22.3298089 ], [ 69.7591764, 22.3298497 ], [ 69.7591206, 22.3299152 ], [ 69.7590961, 22.3299955 ], [ 69.7591068, 22.3300784 ], [ 69.7591509, 22.3301511 ], [ 69.7592217, 22.3302028 ], [ 69.7593085, 22.3302254 ], [ 69.7593981, 22.3302155 ], [ 69.7594768, 22.3301747 ], [ 69.7595326, 22.3301092 ], [ 69.759557, 22.3300289 ], [ 69.7595464, 22.329946 ], [ 69.7595022, 22.3298733 ] ] ] } },
{ "type": "Feature", "properties": { "osm_type": "way", "osm_id": 480924764, "name": "", "industrial": "", "landuse": "", "man_made": "storage_tank", "power": "" }, "geometry": { "type": "Polygon", "coordinates": [ [ [ 69.7590919, 22.3304613 ], [ 69.759021, 22.3304097 ], [ 69.7589342, 22.3303871 ], [ 69.7588446, 22.3303969 ], [ 69.758766, 22.3304377 ], [ 69.7587102, 22.3305033 ], [ 69.7586857, 22.3305836 ], [ 69.7586964, 22.3306664 ], [ 69.7587405, 22.3307392 ], [ 69.7588114, 22.3307908 ], [ 69.7588982, 22.3308134 ], [ 69.7589877, 22.3308035 ], [ 69.7590664, 22.3307627 ], [ 69.7591222, 22.3306972 ], [ 69.7591466, 22.3306169 ], [ 69.759136, 22.330534 ], [ 69.7590919, 22.3304613 ] ] ] } },
{ "type": "Feature", "properties": { "osm_type": "way", "osm_id": 480924765, "name": "", "industrial": "", "landuse": "", "man_made": "storage_tank", "power": "" }, "geometry": { "type": "Polygon", "coordinates": [ [ [ 69.7584964, 22.33128 ], [ 69.7584256, 22.3312284 ], [ 69.7583388, 22.3312058 ], [ 69.7582492, 22.3312157 ], [ 69.7581705, 22.3312565 ], [ 69.7581147, 22.331322 ], [ 69.7580903, 22.3314023 ], [ 69.7581009, 22.3314851 ], [ 69.7581451, 22.3315579 ], [ 69.7582159, 22.3316095 ], [ 69.7583027, 22.3316321 ], [ 69.7583923, 22.3316223 ], [ 69.7584709, 22.3315815 ], [ 69.7585267, 22.3315159 ], [ 69.7585512, 22.3314356 ], [ 69.7585405, 22.3313528 ], [ 69.7584964, 22.33128 ] ] ] } },
{ "type": "Feature", "properties": { "osm_type": "way", "osm_id": 480924870, "name": "", "industrial": "", "landuse": "", "man_made": "storage_tank", "power": "" }, "geometry": { "type": "Polygon", "coordinates": [ [ [ 69.757036, 22.3309696 ], [ 69.7569651, 22.330918 ], [ 69.7568783, 22.3308954 ], [ 69.7567887, 22.3309052 ], [ 69.7567101, 22.330946 ], [ 69.7566543, 22.3310116 ], [ 69.7566298, 22.3310919 ], [ 69.7566405, 22.3311747 ], [ 69.7566846, 22.3312475 ], [ 69.7567554, 22.3312991 ], [ 69.7568423, 22.3313217 ], [ 69.7569318, 22.3313118 ], [ 69.7570105, 22.331271 ], [ 69.7570663, 22.3312055 ], [ 69.7570907, 22.3311252 ], [ 69.7570801, 22.3310424 ], [ 69.757036, 22.3309696 ] ] ] } },
{ "type": "Feature", "properties": { "osm_type": "way", "osm_id": 480924871, "name": "", "industrial": "", "landuse": "", "man_made": "storage_tank", "power": "" }, "geometry": { "type": "Polygon", "coordinates": [ [ [ 69.7573927, 22.3304535 ], [ 69.7573218, 22.3304019 ], [ 69.757235, 22.3303793 ], [ 69.7571455, 22.3303892 ], [ 69.7570668, 22.33043 ], [ 69.757011, 22.3304955 ], [ 69.7569866, 22.3305758 ], [ 69.7569972, 22.3306586 ], [ 69.7570413, 22.3307314 ], [ 69.7571122, 22.330783 ], [ 69.757199, 22.3308056 ], [ 69.7572885, 22.3307958 ], [ 69.7573672, 22.330755 ], [ 69.757423, 22.3306894 ], [ 69.7574474, 22.3306091 ], [ 69.7574368, 22.3305263 ], [ 69.7573927, 22.3304535 ] ] ] } },
{ "type": "Feature", "properties": { "osm_type": "way", "osm_id": 481164228, "name": "", "industrial": "", "landuse": "", "man_made": "storage_tank", "power": "" }, "geometry": { "type": "Polygon", "coordinates": [ [ [ 69.7220224, 22.3829353 ], [ 69.7219672, 22.3828023 ], [ 69.7218612, 22.3826991 ], [ 69.7217204, 22.3826412 ], [ 69.7215665, 22.3826376 ], [ 69.7214228, 22.3826887 ], [ 69.7213111, 22.3827867 ], [ 69.7212485, 22.3829168 ], [ 69.7212446, 22.3830592 ], [ 69.7212998, 22.3831921 ], [ 69.7214059, 22.3832953 ], [ 69.7215466, 22.3833532 ], [ 69.7217005, 22.3833568 ], [ 69.7218442, 22.3833058 ], [ 69.7219559, 22.3832077 ], [ 69.7220185, 22.3830776 ], [ 69.7220224, 22.3829353 ] ] ] } },
{ "type": "Feature", "properties": { "osm_type": "way", "osm_id": 481164230, "name": "", "industrial": "", "landuse": "", "man_made": "storage_tank", "power": "" }, "geometry": { "type": "Polygon", "coordinates": [ [ [ 69.7188896, 22.3806584 ], [ 69.718819, 22.3805086 ], [ 69.7186917, 22.3803952 ], [ 69.7185272, 22.3803355 ], [ 69.7183505, 22.3803385 ], [ 69.7181885, 22.3804038 ], [ 69.7180658, 22.3805215 ], [ 69.7180012, 22.3806736 ], [ 69.7180045, 22.380837 ], [ 69.7180751, 22.3809868 ], [ 69.7182024, 22.3811002 ], [ 69.7183669, 22.38116 ], [ 69.7185436, 22.3811569 ], [ 69.7187057, 22.3810916 ], [ 69.7188283, 22.3809739 ], [ 69.7188929, 22.3808218 ], [ 69.7188896, 22.3806584 ] ] ] } },
{ "type": "Feature", "properties": { "osm_type": "way", "osm_id": 481164233, "name": "", "industrial": "", "landuse": "", "man_made": "storage_tank", "power": "" }, "geometry": { "type": "Polygon", "coordinates": [ [ [ 69.718278, 22.3824591 ], [ 69.7182076, 22.3823102 ], [ 69.7180809, 22.3821976 ], [ 69.7179173, 22.3821384 ], [ 69.7177416, 22.3821416 ], [ 69.7175806, 22.3822067 ], [ 69.7174588, 22.3823239 ], [ 69.7173948, 22.3824752 ], [ 69.7173983, 22.3826376 ], [ 69.7174687, 22.3827865 ], [ 69.7175954, 22.3828991 ], [ 69.717759, 22.3829583 ], [ 69.7179347, 22.3829551 ], [ 69.7180957, 22.38289 ], [ 69.7182175, 22.3827728 ], [ 69.7182815, 22.3826215 ], [ 69.718278, 22.3824591 ] ] ] } },
{ "type": "Feature", "properties": { "osm_type": "way", "osm_id": 481165430, "name": "", "industrial": "", "landuse": "", "man_made": "storage_tank", "power": "" }, "geometry": { "type": "Polygon", "coordinates": [ [ [ 69.7254825, 22.3797606 ], [ 69.7253875, 22.3796517 ], [ 69.7252548, 22.3795848 ], [ 69.7251044, 22.3795699 ], [ 69.7249594, 22.3796093 ], [ 69.7248417, 22.3796971 ], [ 69.7247693, 22.3798199 ], [ 69.7247532, 22.3799589 ], [ 69.7247958, 22.380093 ], [ 69.7248908, 22.3802018 ], [ 69.7250235, 22.3802688 ], [ 69.7251739, 22.3802837 ], [ 69.7253189, 22.3802442 ], [ 69.7254366, 22.3801565 ], [ 69.725509, 22.3800337 ], [ 69.7255251, 22.3798947 ], [ 69.7254825, 22.3797606 ] ] ] } },
{ "type": "Feature", "properties": { "osm_type": "way", "osm_id": 481165433, "name": "", "industrial": "", "landuse": "", "man_made": "storage_tank", "power": "" }, "geometry": { "type": "Polygon", "coordinates": [ [ [ 69.7243506, 22.3812189 ], [ 69.7242536, 22.3811055 ], [ 69.7241171, 22.3810351 ], [ 69.7239618, 22.3810183 ], [ 69.7238114, 22.3810578 ], [ 69.7236888, 22.3811474 ], [ 69.7236126, 22.3812736 ], [ 69.7235945, 22.3814172 ], [ 69.7236371, 22.3815563 ], [ 69.7237341, 22.3816697 ], [ 69.7238706, 22.3817401 ], [ 69.7240259, 22.3817569 ], [ 69.7241763, 22.3817175 ], [ 69.7242989, 22.3816278 ], [ 69.7243751, 22.3815016 ], [ 69.7243932, 22.381358 ], [ 69.7243506, 22.3812189 ] ] ] } },
{ "type": "Feature", "properties": { "osm_type": "way", "osm_id": 481165436, "name": "", "industrial": "", "landuse": "", "man_made": "storage_tank", "power": "" }, "geometry": { "type": "Polygon", "coordinates": [ [ [ 69.7222102, 22.3800532 ], [ 69.7221442, 22.3799253 ], [ 69.7220303, 22.3798304 ], [ 69.7218858, 22.379783 ], [ 69.7217327, 22.3797904 ], [ 69.7215943, 22.3798514 ], [ 69.7214917, 22.3799567 ], [ 69.7214405, 22.3800903 ], [ 69.7214484, 22.3802319 ], [ 69.7215144, 22.3803598 ], [ 69.7216283, 22.3804547 ], [ 69.7217728, 22.3805021 ], [ 69.7219259, 22.3804947 ], [ 69.7220643, 22.3804337 ], [ 69.7221669, 22.3803284 ], [ 69.7222181, 22.3801948 ], [ 69.7222102, 22.3800532 ] ] ] } },
{ "type": "Feature", "properties": { "osm_type": "way", "osm_id": 481232773, "name": "", "industrial": "", "landuse": "", "man_made": "storage_tank", "power": "" }, "geometry": { "type": "Polygon", "coordinates": [ [ [ 69.7242165, 22.3832155 ], [ 69.7241078, 22.3831121 ], [ 69.7239647, 22.3830551 ], [ 69.7238088, 22.3830531 ], [ 69.7236639, 22.3831063 ], [ 69.7235522, 22.3832068 ], [ 69.7234905, 22.3833392 ], [ 69.7234883, 22.3834833 ], [ 69.7235459, 22.3836172 ], [ 69.7236546, 22.3837206 ], [ 69.7237977, 22.3837776 ], [ 69.7239536, 22.3837797 ], [ 69.7240985, 22.3837264 ], [ 69.7242102, 22.3836259 ], [ 69.7242719, 22.3834935 ], [ 69.7242741, 22.3833494 ], [ 69.7242165, 22.3832155 ] ] ] } },
{ "type": "Feature", "properties": { "osm_type": "way", "osm_id": 481232774, "name": "", "industrial": "", "landuse": "", "man_made": "storage_tank", "power": "" }, "geometry": { "type": "Polygon", "coordinates": [ [ [ 69.7240234, 22.3857055 ], [ 69.7239065, 22.3856185 ], [ 69.7237625, 22.3855794 ], [ 69.7236133, 22.3855943 ], [ 69.7234816, 22.3856608 ], [ 69.7233874, 22.3857689 ], [ 69.7233452, 22.3859021 ], [ 69.7233613, 22.38604 ], [ 69.7234332, 22.3861618 ], [ 69.7235501, 22.3862488 ], [ 69.7236941, 22.3862879 ], [ 69.7238433, 22.386273 ], [ 69.723975, 22.3862065 ], [ 69.7240692, 22.3860984 ], [ 69.7241114, 22.3859653 ], [ 69.7240953, 22.3858273 ], [ 69.7240234, 22.3857055 ] ] ] } },
{ "type": "Feature", "properties": { "osm_type": "way", "osm_id": 481232775, "name": "", "industrial": "", "landuse": "", "man_made": "storage_tank", "power": "" }, "geometry": { "type": "Polygon", "coordinates": [ [ [ 69.721781, 22.3856062 ], [ 69.7216918, 22.3854895 ], [ 69.7215611, 22.3854131 ], [ 69.7214088, 22.3853888 ], [ 69.7212579, 22.3854203 ], [ 69.7211316, 22.3855028 ], [ 69.7210491, 22.3856236 ], [ 69.7210228, 22.3857645 ], [ 69.7210568, 22.385904 ], [ 69.721146, 22.3860208 ], [ 69.7212767, 22.3860971 ], [ 69.7214291, 22.3861214 ], [ 69.7215799, 22.3860899 ], [ 69.7217062, 22.3860074 ], [ 69.7217888, 22.3858866 ], [ 69.7218151, 22.3857457 ], [ 69.721781, 22.3856062 ] ] ] } },
{ "type": "Feature", "properties": { "osm_type": "way", "osm_id": 481233020, "name": "", "industrial": "", "landuse": "", "man_made": "storage_tank", "power": "" }, "geometry": { "type": "Polygon", "coordinates": [ [ [ 69.7238651, 22.3877615 ], [ 69.7237532, 22.3876651 ], [ 69.7236099, 22.3876158 ], [ 69.723457, 22.3876208 ], [ 69.7233179, 22.3876796 ], [ 69.7232137, 22.3877831 ], [ 69.7231603, 22.3879156 ], [ 69.7231658, 22.3880569 ], [ 69.7232294, 22.3881855 ], [ 69.7233413, 22.3882819 ], [ 69.7234846, 22.3883313 ], [ 69.7236375, 22.3883262 ], [ 69.7237766, 22.3882674 ], [ 69.7238808, 22.3881639 ], [ 69.7239342, 22.3880314 ], [ 69.7239287, 22.3878901 ], [ 69.7238651, 22.3877615 ] ] ] } },
{ "type": "Feature", "properties": { "osm_type": "way", "osm_id": 481233021, "name": "", "industrial": "", "landuse": "", "man_made": "storage_tank", "power": "" }, "geometry": { "type": "Polygon", "coordinates": [ [ [ 69.7217837, 22.3885799 ], [ 69.7217038, 22.3884565 ], [ 69.7215789, 22.3883707 ], [ 69.721428, 22.3883356 ], [ 69.7212741, 22.3883567 ], [ 69.7211406, 22.3884305 ], [ 69.7210478, 22.388546 ], [ 69.7210099, 22.3886855 ], [ 69.7210327, 22.3888279 ], [ 69.7211126, 22.3889513 ], [ 69.7212375, 22.3890371 ], [ 69.7213884, 22.3890721 ], [ 69.7215423, 22.3890511 ], [ 69.7216758, 22.3889772 ], [ 69.7217685, 22.3888617 ], [ 69.7218064, 22.3887222 ], [ 69.7217837, 22.3885799 ] ] ] } },
{ "type": "Feature", "properties": { "osm_type": "way", "osm_id": 481421407, "name": "BORD's crude oil terminal", "industrial": "", "landuse": "industrial", "man_made": "", "power": "" }, "geometry": { "type": "Polygon", "coordinates": [ [ [ 69.7325045, 22.4081769 ], [ 69.733749, 22.4119063 ], [ 69.7340494, 22.4136321 ], [ 69.7349238, 22.4149661 ], [ 69.7374129, 22.4149958 ], [ 69.7374773, 22.4137164 ], [ 69.7394085, 22.4124766 ], [ 69.7416615, 22.411822 ], [ 69.7416401, 22.4083405 ], [ 69.7413504, 22.4064461 ], [ 69.7413504, 22.4044424 ], [ 69.7415478, 22.4034088 ], [ 69.7417098, 22.4024845 ], [ 69.7416723, 22.4015957 ], [ 69.741654, 22.4001473 ], [ 69.7405888, 22.3982113 ], [ 69.7376168, 22.4017345 ], [ 69.7358143, 22.4037183 ], [ 69.7340548, 22.4062278 ], [ 69.7335505, 22.4063865 ], [ 69.7325045, 22.4081769 ] ] ] } },
{ "type": "Feature", "properties": { "osm_type": "way", "osm_id": 481421627, "name": "", "industrial": "", "landuse": "", "man_made": "storage_tank", "power": "" }, "geometry": { "type": "Polygon", "coordinates": [ [ [ 69.73529, 22.4108537 ], [ 69.7352141, 22.4107566 ], [ 69.7351039, 22.4106938 ], [ 69.7349761, 22.4106748 ], [ 69.7348501, 22.4107024 ], [ 69.7347451, 22.4107725 ], [ 69.7346772, 22.4108744 ], [ 69.7346566, 22.4109926 ], [ 69.7346865, 22.4111091 ], [ 69.7347623, 22.4112061 ], [ 69.7348725, 22.4112689 ], [ 69.7350004, 22.411288 ], [ 69.7351263, 22.4112603 ], [ 69.7352313, 22.4111902 ], [ 69.7352993, 22.4110883 ], [ 69.7353198, 22.4109701 ], [ 69.73529, 22.4108537 ] ] ] } },
{ "type": "Feature", "properties": { "osm_type": "way", "osm_id": 481421629, "name": "", "industrial": "", "landuse": "", "man_made": "storage_tank", "power": "" }, "geometry": { "type": "Polygon", "coordinates": [ [ [ 69.7367008, 22.4127059 ], [ 69.7366341, 22.4125993 ], [ 69.7365284, 22.4125244 ], [ 69.7363997, 22.4124926 ], [ 69.7362676, 22.4125088 ], [ 69.7361523, 22.4125705 ], [ 69.7360713, 22.4126682 ], [ 69.7360369, 22.4127872 ], [ 69.7360544, 22.4129093 ], [ 69.7361211, 22.4130159 ], [ 69.7362268, 22.4130908 ], [ 69.7363555, 22.4131226 ], [ 69.7364876, 22.4131064 ], [ 69.7366029, 22.4130447 ], [ 69.7366839, 22.412947 ], [ 69.7367183, 22.412828 ], [ 69.7367008, 22.4127059 ] ] ] } },
{ "type": "Feature", "properties": { "osm_type": "way", "osm_id": 481421630, "name": "", "industrial": "", "landuse": "", "man_made": "storage_tank", "power": "" }, "geometry": { "type": "Polygon", "coordinates": [ [ [ 69.735298, 22.4126613 ], [ 69.735211, 22.4125693 ], [ 69.7350925, 22.4125151 ], [ 69.7349606, 22.4125069 ], [ 69.7348353, 22.412546 ], [ 69.7347358, 22.4126265 ], [ 69.7346771, 22.412736 ], [ 69.7346683, 22.4128579 ], [ 69.7347106, 22.4129737 ], [ 69.7347976, 22.4130657 ], [ 69.7349161, 22.41312 ], [ 69.735048, 22.4131281 ], [ 69.7351733, 22.413089 ], [ 69.7352728, 22.4130086 ], [ 69.7353315, 22.4128991 ], [ 69.7353403, 22.4127771 ], [ 69.735298, 22.4126613 ] ] ] } },
{ "type": "Feature", "properties": { "osm_type": "way", "osm_id": 481422333, "name": "", "industrial": "", "landuse": "", "man_made": "storage_tank", "power": "" }, "geometry": { "type": "Polygon", "coordinates": [ [ [ 69.7366544, 22.4090403 ], [ 69.7365737, 22.4089431 ], [ 69.736459, 22.4088819 ], [ 69.7363277, 22.408866 ], [ 69.7361997, 22.4088977 ], [ 69.7360947, 22.4089723 ], [ 69.7360285, 22.4090783 ], [ 69.7360112, 22.4091997 ], [ 69.7360455, 22.409318 ], [ 69.7361262, 22.4094151 ], [ 69.7362409, 22.4094763 ], [ 69.7363722, 22.4094923 ], [ 69.7365001, 22.4094606 ], [ 69.7366052, 22.409386 ], [ 69.7366714, 22.4092799 ], [ 69.7366887, 22.4091585 ], [ 69.7366544, 22.4090403 ] ] ] } },
{ "type": "Feature", "properties": { "osm_type": "way", "osm_id": 481422334, "name": "", "industrial": "", "landuse": "", "man_made": "storage_tank", "power": "" }, "geometry": { "type": "Polygon", "coordinates": [ [ [ 69.7352891, 22.4090502 ], [ 69.7352123, 22.4089533 ], [ 69.7351012, 22.4088911 ], [ 69.7349727, 22.4088728 ], [ 69.7348466, 22.4089014 ], [ 69.7347418, 22.4089725 ], [ 69.7346744, 22.4090752 ], [ 69.7346547, 22.4091939 ], [ 69.7346856, 22.4093106 ], [ 69.7347625, 22.4094074 ], [ 69.7348736, 22.4094697 ], [ 69.735002, 22.4094879 ], [ 69.7351282, 22.4094593 ], [ 69.7352329, 22.4093883 ], [ 69.7353003, 22.4092856 ], [ 69.73532, 22.4091669 ], [ 69.7352891, 22.4090502 ] ] ] } },
{ "type": "Feature", "properties": { "osm_type": "way", "osm_id": 481422335, "name": "", "industrial": "", "landuse": "", "man_made": "storage_tank", "power": "" }, "geometry": { "type": "Polygon", "coordinates": [ [ [ 69.7366356, 22.4108083 ], [ 69.7365553, 22.410713 ], [ 69.7364418, 22.4106534 ], [ 69.7363122, 22.4106385 ], [ 69.7361863, 22.4106706 ], [ 69.7360833, 22.4107448 ], [ 69.7360188, 22.4108498 ], [ 69.7360027, 22.4109696 ], [ 69.7360375, 22.411086 ], [ 69.7361177, 22.4111812 ], [ 69.7362313, 22.4112408 ], [ 69.7363608, 22.4112557 ], [ 69.7364867, 22.4112236 ], [ 69.7365897, 22.4111494 ], [ 69.7366542, 22.4110444 ], [ 69.7366703, 22.4109246 ], [ 69.7366356, 22.4108083 ] ] ] } },
{ "type": "Feature", "properties": { "osm_type": "way", "osm_id": 481422382, "name": "", "industrial": "", "landuse": "", "man_made": "storage_tank", "power": "" }, "geometry": { "type": "Polygon", "coordinates": [ [ [ 69.738717, 22.409008 ], [ 69.7386462, 22.4089022 ], [ 69.738537, 22.4088294 ], [ 69.7384059, 22.4088009 ], [ 69.7382731, 22.4088208 ], [ 69.7381586, 22.4088863 ], [ 69.7380799, 22.4089872 ], [ 69.738049, 22.4091084 ], [ 69.7380706, 22.4092312 ], [ 69.7381414, 22.4093371 ], [ 69.7382506, 22.4094098 ], [ 69.7383816, 22.4094384 ], [ 69.7385145, 22.4094184 ], [ 69.738629, 22.409353 ], [ 69.7387077, 22.409252 ], [ 69.7387386, 22.4091309 ], [ 69.738717, 22.409008 ] ] ] } },
{ "type": "Feature", "properties": { "osm_type": "way", "osm_id": 481422383, "name": "", "industrial": "", "landuse": "", "man_made": "storage_tank", "power": "" }, "geometry": { "type": "Polygon", "coordinates": [ [ [ 69.7387009, 22.4102429 ], [ 69.7386199, 22.4101443 ], [ 69.7385043, 22.4100819 ], [ 69.7383717, 22.4100652 ], [ 69.7382422, 22.4100966 ], [ 69.7381356, 22.4101714 ], [ 69.7380681, 22.4102783 ], [ 69.73805, 22.4104009 ], [ 69.738084, 22.4105206 ], [ 69.7381649, 22.4106192 ], [ 69.7382805, 22.4106816 ], [ 69.7384132, 22.4106984 ], [ 69.7385426, 22.4106669 ], [ 69.7386492, 22.4105921 ], [ 69.7387168, 22.4104852 ], [ 69.7387349, 22.4103626 ], [ 69.7387009, 22.4102429 ] ] ] } },
{ "type": "Feature", "properties": { "osm_type": "way", "osm_id": 481422734, "name": "", "industrial": "", "landuse": "", "man_made": "storage_tank", "power": "" }, "geometry": { "type": "Polygon", "coordinates": [ [ [ 69.727679, 22.4208541 ], [ 69.7275835, 22.4207427 ], [ 69.7274492, 22.4206735 ], [ 69.7272965, 22.4206572 ], [ 69.7271486, 22.4206961 ], [ 69.7270281, 22.4207843 ], [ 69.7269533, 22.4209085 ], [ 69.7269355, 22.4210497 ], [ 69.7269776, 22.4211864 ], [ 69.7270731, 22.4212978 ], [ 69.7272075, 22.421367 ], [ 69.7273602, 22.4213833 ], [ 69.7275081, 22.4213444 ], [ 69.7276286, 22.4212562 ], [ 69.7277034, 22.421132 ], [ 69.7277211, 22.4209908 ], [ 69.727679, 22.4208541 ] ] ] } },
{ "type": "Feature", "properties": { "osm_type": "way", "osm_id": 481422750, "name": "", "industrial": "", "landuse": "", "man_made": "storage_tank", "power": "" }, "geometry": { "type": "Polygon", "coordinates": [ [ [ 69.731007, 22.4203954 ], [ 69.7309048, 22.4202879 ], [ 69.730766, 22.4202247 ], [ 69.7306116, 22.4202155 ], [ 69.7304651, 22.4202616 ], [ 69.7303488, 22.4203559 ], [ 69.7302805, 22.4204843 ], [ 69.7302705, 22.420627 ], [ 69.7303203, 22.4207624 ], [ 69.7304224, 22.4208699 ], [ 69.7305613, 22.4209331 ], [ 69.7307157, 22.4209423 ], [ 69.7308622, 22.4208963 ], [ 69.7309784, 22.4208019 ], [ 69.7310468, 22.4206735 ], [ 69.7310568, 22.4205308 ], [ 69.731007, 22.4203954 ] ] ] } },
{ "type": "Feature", "properties": { "osm_type": "way", "osm_id": 481422751, "name": "", "industrial": "", "landuse": "", "man_made": "storage_tank", "power": "" }, "geometry": { "type": "Polygon", "coordinates": [ [ [ 69.7324527, 22.4209211 ], [ 69.7323477, 22.4208151 ], [ 69.7322069, 22.4207543 ], [ 69.7320516, 22.420748 ], [ 69.7319055, 22.4207971 ], [ 69.7317909, 22.4208941 ], [ 69.7317251, 22.4210243 ], [ 69.7317183, 22.4211679 ], [ 69.7317714, 22.4213029 ], [ 69.7318764, 22.4214089 ], [ 69.7320172, 22.4214696 ], [ 69.7321725, 22.421476 ], [ 69.7323186, 22.4214269 ], [ 69.7324332, 22.4213298 ], [ 69.7324989, 22.4211996 ], [ 69.7325058, 22.4210561 ], [ 69.7324527, 22.4209211 ] ] ] } },
{ "type": "Feature", "properties": { "osm_type": "way", "osm_id": 481422752, "name": "", "industrial": "", "landuse": "", "man_made": "storage_tank", "power": "" }, "geometry": { "type": "Polygon", "coordinates": [ [ [ 69.7312055, 22.4219352 ], [ 69.7311121, 22.4218236 ], [ 69.7309797, 22.4217536 ], [ 69.7308284, 22.4217357 ], [ 69.7306811, 22.4217727 ], [ 69.7305604, 22.421859 ], [ 69.7304847, 22.4219814 ], [ 69.7304653, 22.4221213 ], [ 69.7305054, 22.4222574 ], [ 69.7305987, 22.422369 ], [ 69.7307311, 22.4224391 ], [ 69.7308825, 22.4224569 ], [ 69.7310297, 22.4224199 ], [ 69.7311504, 22.4223336 ], [ 69.7312262, 22.4222112 ], [ 69.7312455, 22.4220713 ], [ 69.7312055, 22.4219352 ] ] ] } },
{ "type": "Feature", "properties": { "osm_type": "way", "osm_id": 481422942, "name": "", "industrial": "", "landuse": "", "man_made": "storage_tank", "power": "" }, "geometry": { "type": "Polygon", "coordinates": [ [ [ 69.731241, 22.417208 ], [ 69.7311328, 22.4171059 ], [ 69.7309906, 22.4170497 ], [ 69.730836, 22.4170482 ], [ 69.7306924, 22.4171014 ], [ 69.7305819, 22.4172014 ], [ 69.7305212, 22.4173329 ], [ 69.7305195, 22.4174759 ], [ 69.7305771, 22.4176085 ], [ 69.7306853, 22.4177107 ], [ 69.7308275, 22.4177668 ], [ 69.7309822, 22.4177684 ], [ 69.7311257, 22.4177151 ], [ 69.7312362, 22.4176151 ], [ 69.7312969, 22.4174837 ], [ 69.7312986, 22.4173407 ], [ 69.731241, 22.417208 ] ] ] } },
{ "type": "Feature", "properties": { "osm_type": "way", "osm_id": 481422943, "name": "", "industrial": "", "landuse": "", "man_made": "storage_tank", "power": "" }, "geometry": { "type": "Polygon", "coordinates": [ [ [ 69.7295076, 22.4175334 ], [ 69.7293994, 22.4174313 ], [ 69.7292572, 22.4173752 ], [ 69.7291026, 22.4173736 ], [ 69.7289591, 22.4174269 ], [ 69.7288485, 22.4175269 ], [ 69.7287878, 22.4176584 ], [ 69.7287862, 22.4178013 ], [ 69.7288438, 22.417934 ], [ 69.728952, 22.4180361 ], [ 69.7290942, 22.4180922 ], [ 69.7292488, 22.4180938 ], [ 69.7293923, 22.4180405 ], [ 69.7295028, 22.4179405 ], [ 69.7295635, 22.417809 ], [ 69.7295652, 22.4176661 ], [ 69.7295076, 22.4175334 ] ] ] } },
{ "type": "Feature", "properties": { "osm_type": "way", "osm_id": 481422944, "name": "", "industrial": "", "landuse": "", "man_made": "storage_tank", "power": "" }, "geometry": { "type": "Polygon", "coordinates": [ [ [ 69.7275221, 22.4177957 ], [ 69.727414, 22.4176935 ], [ 69.7272718, 22.4176374 ], [ 69.7271171, 22.4176358 ], [ 69.7269736, 22.4176891 ], [ 69.7268631, 22.417789 ], [ 69.7268023, 22.4179205 ], [ 69.7268006, 22.4180634 ], [ 69.7268582, 22.4181961 ], [ 69.7269664, 22.4182983 ], [ 69.7271086, 22.4183544 ], [ 69.7272632, 22.418356 ], [ 69.7274067, 22.4183028 ], [ 69.7275173, 22.4182028 ], [ 69.727578, 22.4180713 ], [ 69.7275797, 22.4179284 ], [ 69.7275221, 22.4177957 ] ] ] } },
{ "type": "Feature", "properties": { "osm_type": "way", "osm_id": 481422945, "name": "", "industrial": "", "landuse": "", "man_made": "storage_tank", "power": "" }, "geometry": { "type": "Polygon", "coordinates": [ [ [ 69.7285259, 22.4196237 ], [ 69.72845, 22.4195025 ], [ 69.7283296, 22.4194174 ], [ 69.7281832, 22.4193814 ], [ 69.7280331, 22.4193999 ], [ 69.727902, 22.4194701 ], [ 69.72781, 22.4195814 ], [ 69.727771, 22.4197167 ], [ 69.727791, 22.4198555 ], [ 69.727867, 22.4199767 ], [ 69.7279873, 22.4200618 ], [ 69.7281337, 22.4200978 ], [ 69.7282839, 22.4200793 ], [ 69.7284149, 22.4200091 ], [ 69.728507, 22.4198978 ], [ 69.7285459, 22.4197625 ], [ 69.7285259, 22.4196237 ] ] ] } },
{ "type": "Feature", "properties": { "osm_type": "way", "osm_id": 481422985, "name": "", "industrial": "", "landuse": "", "man_made": "storage_tank", "power": "" }, "geometry": { "type": "Polygon", "coordinates": [ [ [ 69.7289169, 22.4146938 ], [ 69.7288088, 22.4145916 ], [ 69.7286665, 22.4145355 ], [ 69.7285119, 22.4145339 ], [ 69.7283684, 22.4145871 ], [ 69.7282578, 22.4146871 ], [ 69.7281971, 22.4148186 ], [ 69.7281954, 22.4149615 ], [ 69.728253, 22.4150942 ], [ 69.7283611, 22.4151964 ], [ 69.7285033, 22.4152526 ], [ 69.728658, 22.4152541 ], [ 69.7288015, 22.4152009 ], [ 69.728912, 22.4151009 ], [ 69.7289728, 22.4149695 ], [ 69.7289745, 22.4148265 ], [ 69.7289169, 22.4146938 ] ] ] } },
{ "type": "Feature", "properties": { "osm_type": "way", "osm_id": 481422986, "name": "", "industrial": "", "landuse": "", "man_made": "storage_tank", "power": "" }, "geometry": { "type": "Polygon", "coordinates": [ [ [ 69.7309634, 22.4157872 ], [ 69.7308552, 22.4156851 ], [ 69.730713, 22.4156289 ], [ 69.7305583, 22.4156274 ], [ 69.7304148, 22.4156807 ], [ 69.7303043, 22.4157807 ], [ 69.7302436, 22.4159121 ], [ 69.7302419, 22.4160551 ], [ 69.7302996, 22.4161877 ], [ 69.7304077, 22.4162899 ], [ 69.7305499, 22.4163461 ], [ 69.7307046, 22.4163476 ], [ 69.7308481, 22.4162943 ], [ 69.7309586, 22.4161943 ], [ 69.7310193, 22.4160629 ], [ 69.731021, 22.4159199 ], [ 69.7309634, 22.4157872 ] ] ] } },
{ "type": "Feature", "properties": { "osm_type": "way", "osm_id": 481422987, "name": "", "industrial": "", "landuse": "", "man_made": "storage_tank", "power": "" }, "geometry": { "type": "Polygon", "coordinates": [ [ [ 69.7292441, 22.4161021 ], [ 69.7291359, 22.416 ], [ 69.7289937, 22.4159438 ], [ 69.728839, 22.4159423 ], [ 69.7286955, 22.4159956 ], [ 69.728585, 22.4160956 ], [ 69.7285243, 22.416227 ], [ 69.7285226, 22.41637 ], [ 69.7285803, 22.4165026 ], [ 69.7286884, 22.4166048 ], [ 69.7288306, 22.4166609 ], [ 69.7289853, 22.4166625 ], [ 69.7291288, 22.4166092 ], [ 69.7292393, 22.4165092 ], [ 69.7293, 22.4163778 ], [ 69.7293017, 22.4162348 ], [ 69.7292441, 22.4161021 ] ] ] } },
{ "type": "Feature", "properties": { "osm_type": "way", "osm_id": 481423034, "name": "", "industrial": "", "landuse": "", "man_made": "storage_tank", "power": "" }, "geometry": { "type": "Polygon", "coordinates": [ [ [ 69.7303411, 22.4129357 ], [ 69.7302329, 22.4128336 ], [ 69.7300907, 22.4127774 ], [ 69.7299361, 22.4127759 ], [ 69.7297925, 22.4128292 ], [ 69.729682, 22.4129292 ], [ 69.7296213, 22.4130606 ], [ 69.7296196, 22.4132036 ], [ 69.7296773, 22.4133363 ], [ 69.7297854, 22.4134384 ], [ 69.7299277, 22.4134946 ], [ 69.7300823, 22.4134961 ], [ 69.7302258, 22.4134428 ], [ 69.7303363, 22.4133428 ], [ 69.730397, 22.4132114 ], [ 69.7303987, 22.4130684 ], [ 69.7303411, 22.4129357 ] ] ] } },
{ "type": "Feature", "properties": { "osm_type": "way", "osm_id": 481423035, "name": "", "industrial": "", "landuse": "", "man_made": "storage_tank", "power": "" }, "geometry": { "type": "Polygon", "coordinates": [ [ [ 69.7285976, 22.4132506 ], [ 69.7284895, 22.4131485 ], [ 69.7283473, 22.4130923 ], [ 69.7281926, 22.4130908 ], [ 69.7280491, 22.4131441 ], [ 69.7279386, 22.4132441 ], [ 69.7278779, 22.4133755 ], [ 69.7278762, 22.4135185 ], [ 69.7279339, 22.4136512 ], [ 69.728042, 22.4137533 ], [ 69.7281842, 22.4138095 ], [ 69.7283389, 22.413811 ], [ 69.7284824, 22.4137577 ], [ 69.7285929, 22.4136577 ], [ 69.7286536, 22.4135263 ], [ 69.7286553, 22.4133833 ], [ 69.7285976, 22.4132506 ] ] ] } },
{ "type": "Feature", "properties": { "osm_type": "way", "osm_id": 481423036, "name": "", "industrial": "", "landuse": "", "man_made": "storage_tank", "power": "" }, "geometry": { "type": "Polygon", "coordinates": [ [ [ 69.7306469, 22.4143565 ], [ 69.7305387, 22.4142544 ], [ 69.7303965, 22.4141982 ], [ 69.7302418, 22.4141967 ], [ 69.7300983, 22.4142499 ], [ 69.7299878, 22.4143499 ], [ 69.7299271, 22.4144814 ], [ 69.7299254, 22.4146244 ], [ 69.729983, 22.414757 ], [ 69.7300912, 22.4148592 ], [ 69.7302334, 22.4149153 ], [ 69.730388, 22.4149169 ], [ 69.7305316, 22.4148636 ], [ 69.7306421, 22.4147636 ], [ 69.7307028, 22.4146322 ], [ 69.7307045, 22.4144892 ], [ 69.7306469, 22.4143565 ] ] ] } },
{ "type": "Feature", "properties": { "osm_type": "way", "osm_id": 481423126, "name": "", "industrial": "", "landuse": "", "man_made": "storage_tank", "power": "" }, "geometry": { "type": "Polygon", "coordinates": [ [ [ 69.7283154, 22.4118416 ], [ 69.7282072, 22.4117395 ], [ 69.728065, 22.4116833 ], [ 69.7279104, 22.4116818 ], [ 69.7277669, 22.411735 ], [ 69.7276563, 22.411835 ], [ 69.7275956, 22.4119665 ], [ 69.7275939, 22.4121094 ], [ 69.7276515, 22.4122421 ], [ 69.7277597, 22.4123443 ], [ 69.7279019, 22.4124004 ], [ 69.7280565, 22.412402 ], [ 69.7282, 22.4123487 ], [ 69.7283106, 22.4122487 ], [ 69.7283713, 22.4121173 ], [ 69.728373, 22.4119743 ], [ 69.7283154, 22.4118416 ] ] ] } },
{ "type": "Feature", "properties": { "osm_type": "way", "osm_id": 481423127, "name": "", "industrial": "", "landuse": "", "man_made": "storage_tank", "power": "" }, "geometry": { "type": "Polygon", "coordinates": [ [ [ 69.7266564, 22.4132066 ], [ 69.7265482, 22.4131045 ], [ 69.726406, 22.4130483 ], [ 69.7262514, 22.4130468 ], [ 69.7261079, 22.4131 ], [ 69.7259974, 22.4132 ], [ 69.7259366, 22.4133315 ], [ 69.725935, 22.4134745 ], [ 69.7259926, 22.4136071 ], [ 69.7261008, 22.4137093 ], [ 69.726243, 22.4137654 ], [ 69.7263976, 22.413767 ], [ 69.7265411, 22.4137137 ], [ 69.7266516, 22.4136137 ], [ 69.7267124, 22.4134822 ], [ 69.726714, 22.4133393 ], [ 69.7266564, 22.4132066 ] ] ] } },
{ "type": "Feature", "properties": { "osm_type": "way", "osm_id": 481423128, "name": "", "industrial": "", "landuse": "", "man_made": "storage_tank", "power": "" }, "geometry": { "type": "Polygon", "coordinates": [ [ [ 69.7271077, 22.4155827 ], [ 69.7269996, 22.4154805 ], [ 69.7268574, 22.4154244 ], [ 69.7267027, 22.4154228 ], [ 69.7265592, 22.4154761 ], [ 69.7264487, 22.415576 ], [ 69.7263879, 22.4157075 ], [ 69.7263862, 22.4158505 ], [ 69.7264438, 22.4159831 ], [ 69.726552, 22.4160853 ], [ 69.7266942, 22.4161415 ], [ 69.7268488, 22.416143 ], [ 69.7269923, 22.4160898 ], [ 69.7271029, 22.4159898 ], [ 69.7271636, 22.4158583 ], [ 69.7271653, 22.4157154 ], [ 69.7271077, 22.4155827 ] ] ] } },
{ "type": "Feature", "properties": { "osm_type": "way", "osm_id": 481423134, "name": "", "industrial": "", "landuse": "", "man_made": "storage_tank", "power": "" }, "geometry": { "type": "Polygon", "coordinates": [ [ [ 69.7272988, 22.4101381 ], [ 69.7272497, 22.4101033 ], [ 69.7271899, 22.4100884 ], [ 69.7271285, 22.4100959 ], [ 69.7270749, 22.4101245 ], [ 69.7270371, 22.4101699 ], [ 69.7270211, 22.4102252 ], [ 69.7270292, 22.410282 ], [ 69.7270601, 22.4103315 ], [ 69.7271092, 22.4103664 ], [ 69.727169, 22.4103812 ], [ 69.7272304, 22.4103738 ], [ 69.7272841, 22.4103452 ], [ 69.7273218, 22.4102998 ], [ 69.7273378, 22.4102445 ], [ 69.7273298, 22.4101877 ], [ 69.7272988, 22.4101381 ] ] ] } },
{ "type": "Feature", "properties": { "osm_type": "way", "osm_id": 481423135, "name": "", "industrial": "", "landuse": "", "man_made": "storage_tank", "power": "" }, "geometry": { "type": "Polygon", "coordinates": [ [ [ 69.7273712, 22.410515 ], [ 69.7273221, 22.4104802 ], [ 69.7272623, 22.4104653 ], [ 69.7272009, 22.4104728 ], [ 69.7271473, 22.4105014 ], [ 69.7271096, 22.4105468 ], [ 69.7270935, 22.4106021 ], [ 69.7271016, 22.4106589 ], [ 69.7271325, 22.4107085 ], [ 69.7271816, 22.4107433 ], [ 69.7272414, 22.4107582 ], [ 69.7273028, 22.4107507 ], [ 69.7273565, 22.4107221 ], [ 69.7273942, 22.4106767 ], [ 69.7274102, 22.4106214 ], [ 69.7274022, 22.4105646 ], [ 69.7273712, 22.410515 ] ] ] } },
{ "type": "Feature", "properties": { "osm_type": "way", "osm_id": 481423136, "name": "", "industrial": "", "landuse": "", "man_made": "storage_tank", "power": "" }, "geometry": { "type": "Polygon", "coordinates": [ [ [ 69.7274611, 22.4108907 ], [ 69.727412, 22.4108558 ], [ 69.7273522, 22.410841 ], [ 69.7272908, 22.4108485 ], [ 69.7272371, 22.4108771 ], [ 69.7271994, 22.4109225 ], [ 69.7271834, 22.4109778 ], [ 69.7271914, 22.4110345 ], [ 69.7272224, 22.4110841 ], [ 69.7272715, 22.411119 ], [ 69.7273313, 22.4111338 ], [ 69.7273927, 22.4111264 ], [ 69.7274463, 22.4110978 ], [ 69.7274841, 22.4110523 ], [ 69.7275001, 22.4109971 ], [ 69.727492, 22.4109403 ], [ 69.7274611, 22.4108907 ] ] ] } },
{ "type": "Feature", "properties": { "osm_type": "way", "osm_id": 481423137, "name": "", "industrial": "", "landuse": "", "man_made": "storage_tank", "power": "" }, "geometry": { "type": "Polygon", "coordinates": [ [ [ 69.7300534, 22.411549 ], [ 69.7299453, 22.4114469 ], [ 69.7298031, 22.4113907 ], [ 69.7296485, 22.4113892 ], [ 69.7295049, 22.4114424 ], [ 69.7293944, 22.4115424 ], [ 69.7293337, 22.4116739 ], [ 69.729332, 22.4118168 ], [ 69.7293896, 22.4119495 ], [ 69.7294978, 22.4120517 ], [ 69.72964, 22.4121078 ], [ 69.7297946, 22.4121094 ], [ 69.7299381, 22.4120561 ], [ 69.7300486, 22.4119561 ], [ 69.7301094, 22.4118247 ], [ 69.7301111, 22.4116817 ], [ 69.7300534, 22.411549 ] ] ] } },
{ "type": "Feature", "properties": { "osm_type": "way", "osm_id": 481645889, "name": "", "industrial": "", "landuse": "", "man_made": "storage_tank", "power": "" }, "geometry": { "type": "Polygon", "coordinates": [ [ [ 69.7564687, 22.3344043 ], [ 69.7563718, 22.3343333 ], [ 69.7562529, 22.334302 ], [ 69.7561301, 22.3343151 ], [ 69.7560221, 22.3343708 ], [ 69.7559454, 22.3344604 ], [ 69.7559115, 22.3345704 ], [ 69.7559258, 22.334684 ], [ 69.7559859, 22.3347839 ], [ 69.7560828, 22.3348549 ], [ 69.7562017, 22.3348862 ], [ 69.7563245, 22.334873 ], [ 69.7564325, 22.3348173 ], [ 69.7565093, 22.3347277 ], [ 69.7565431, 22.3346177 ], [ 69.7565289, 22.3345042 ], [ 69.7564687, 22.3344043 ] ] ] } },
{ "type": "Feature", "properties": { "osm_type": "way", "osm_id": 481645891, "name": "", "industrial": "", "landuse": "", "man_made": "storage_tank", "power": "" }, "geometry": { "type": "Polygon", "coordinates": [ [ [ 69.7586413, 22.3342182 ], [ 69.7585444, 22.3341472 ], [ 69.7584255, 22.3341159 ], [ 69.7583027, 22.3341291 ], [ 69.7581947, 22.3341847 ], [ 69.7581179, 22.3342743 ], [ 69.7580841, 22.3343843 ], [ 69.7580983, 22.3344979 ], [ 69.7581585, 22.3345978 ], [ 69.7582554, 22.3346688 ], [ 69.7583743, 22.3347001 ], [ 69.7584971, 22.3346869 ], [ 69.7586051, 22.3346313 ], [ 69.7586818, 22.3345416 ], [ 69.7587157, 22.3344317 ], [ 69.7587014, 22.3343181 ], [ 69.7586413, 22.3342182 ] ] ] } },
{ "type": "Feature", "properties": { "osm_type": "way", "osm_id": 481645893, "name": "", "industrial": "", "landuse": "", "man_made": "storage_tank", "power": "" }, "geometry": { "type": "Polygon", "coordinates": [ [ [ 69.7578876, 22.3352738 ], [ 69.7577907, 22.3352028 ], [ 69.7576718, 22.3351715 ], [ 69.757549, 22.3351847 ], [ 69.757441, 22.3352404 ], [ 69.7573642, 22.33533 ], [ 69.7573304, 22.33544 ], [ 69.7573446, 22.3355535 ], [ 69.7574048, 22.3356534 ], [ 69.7575017, 22.3357244 ], [ 69.7576206, 22.3357557 ], [ 69.7577434, 22.3357426 ], [ 69.7578514, 22.3356869 ], [ 69.7579281, 22.3355973 ], [ 69.757962, 22.3354873 ], [ 69.7579477, 22.3353737 ], [ 69.7578876, 22.3352738 ] ] ] } },
{ "type": "Feature", "properties": { "osm_type": "way", "osm_id": 481645913, "name": "", "industrial": "", "landuse": "", "man_made": "storage_tank", "power": "" }, "geometry": { "type": "Polygon", "coordinates": [ [ [ 69.7558022, 22.3324728 ], [ 69.7557053, 22.3324018 ], [ 69.7555864, 22.3323705 ], [ 69.7554636, 22.3323837 ], [ 69.7553556, 22.3324393 ], [ 69.7552788, 22.3325289 ], [ 69.755245, 22.3326389 ], [ 69.7552592, 22.3327525 ], [ 69.7553194, 22.3328524 ], [ 69.7554163, 22.3329234 ], [ 69.7555352, 22.3329547 ], [ 69.755658, 22.3329415 ], [ 69.755766, 22.3328859 ], [ 69.7558427, 22.3327963 ], [ 69.7558766, 22.3326863 ], [ 69.7558623, 22.3325727 ], [ 69.7558022, 22.3324728 ] ] ] } },
{ "type": "Feature", "properties": { "osm_type": "way", "osm_id": 481645914, "name": "", "industrial": "", "landuse": "", "man_made": "storage_tank", "power": "" }, "geometry": { "type": "Polygon", "coordinates": [ [ [ 69.7550538, 22.3335123 ], [ 69.7549569, 22.3334413 ], [ 69.754838, 22.33341 ], [ 69.7547152, 22.3334232 ], [ 69.7546073, 22.3334788 ], [ 69.7545305, 22.3335685 ], [ 69.7544967, 22.3336785 ], [ 69.7545109, 22.333792 ], [ 69.754571, 22.3338919 ], [ 69.7546679, 22.3339629 ], [ 69.7547868, 22.3339942 ], [ 69.7549096, 22.3339811 ], [ 69.7550176, 22.3339254 ], [ 69.7550944, 22.3338358 ], [ 69.7551282, 22.3337258 ], [ 69.755114, 22.3336122 ], [ 69.7550538, 22.3335123 ] ] ] } },
{ "type": "Feature", "properties": { "osm_type": "way", "osm_id": 481645915, "name": "", "industrial": "", "landuse": "", "man_made": "storage_tank", "power": "" }, "geometry": { "type": "Polygon", "coordinates": [ [ [ 69.7572103, 22.3333486 ], [ 69.7571134, 22.3332776 ], [ 69.7569945, 22.3332463 ], [ 69.7568717, 22.3332595 ], [ 69.7567637, 22.3333151 ], [ 69.756687, 22.3334047 ], [ 69.7566531, 22.3335147 ], [ 69.7566674, 22.3336283 ], [ 69.7567275, 22.3337282 ], [ 69.7568244, 22.3337992 ], [ 69.7569433, 22.3338305 ], [ 69.7570661, 22.3338173 ], [ 69.7571741, 22.3337617 ], [ 69.7572509, 22.3336721 ], [ 69.7572847, 22.3335621 ], [ 69.7572705, 22.3334485 ], [ 69.7572103, 22.3333486 ] ] ] } },
{ "type": "Feature", "properties": { "osm_type": "way", "osm_id": 481645990, "name": "", "industrial": "", "landuse": "", "man_made": "storage_tank", "power": "" }, "geometry": { "type": "Polygon", "coordinates": [ [ [ 69.7593769, 22.3361093 ], [ 69.7593304, 22.3360744 ], [ 69.7592731, 22.3360586 ], [ 69.7592136, 22.3360644 ], [ 69.759161, 22.3360907 ], [ 69.7591233, 22.3361337 ], [ 69.7591062, 22.3361867 ], [ 69.7591124, 22.3362418 ], [ 69.7591409, 22.3362904 ], [ 69.7591873, 22.3363253 ], [ 69.7592446, 22.3363411 ], [ 69.7593042, 22.3363354 ], [ 69.7593568, 22.336309 ], [ 69.7593945, 22.3362661 ], [ 69.7594115, 22.336213 ], [ 69.7594054, 22.336158 ], [ 69.7593769, 22.3361093 ] ] ] } },
{ "type": "Feature", "properties": { "osm_type": "way", "osm_id": 481645991, "name": "", "industrial": "", "landuse": "", "man_made": "storage_tank", "power": "" }, "geometry": { "type": "Polygon", "coordinates": [ [ [ 69.7591355, 22.3364554 ], [ 69.759089, 22.3364205 ], [ 69.7590317, 22.3364047 ], [ 69.7589722, 22.3364105 ], [ 69.7589196, 22.3364368 ], [ 69.7588819, 22.3364798 ], [ 69.7588648, 22.3365328 ], [ 69.758871, 22.3365879 ], [ 69.7588995, 22.3366365 ], [ 69.7589459, 22.3366714 ], [ 69.7590032, 22.3366872 ], [ 69.7590628, 22.3366815 ], [ 69.7591154, 22.3366551 ], [ 69.7591531, 22.3366122 ], [ 69.7591701, 22.3365591 ], [ 69.759164, 22.3365041 ], [ 69.7591355, 22.3364554 ] ] ] } },
{ "type": "Feature", "properties": { "osm_type": "way", "osm_id": 481645992, "name": "", "industrial": "", "landuse": "", "man_made": "storage_tank", "power": "" }, "geometry": { "type": "Polygon", "coordinates": [ [ [ 69.7587573, 22.3362334 ], [ 69.7587108, 22.3361985 ], [ 69.7586535, 22.3361827 ], [ 69.758594, 22.3361884 ], [ 69.7585414, 22.3362148 ], [ 69.7585037, 22.3362577 ], [ 69.7584866, 22.3363108 ], [ 69.7584928, 22.3363658 ], [ 69.7585213, 22.3364145 ], [ 69.7585677, 22.3364494 ], [ 69.7586251, 22.3364651 ], [ 69.7586846, 22.3364594 ], [ 69.7587372, 22.3364331 ], [ 69.7587749, 22.3363901 ], [ 69.758792, 22.3363371 ], [ 69.7587858, 22.336282 ], [ 69.7587573, 22.3362334 ] ] ] } },
{ "type": "Feature", "properties": { "osm_type": "way", "osm_id": 481646012, "name": "", "industrial": "", "landuse": "", "man_made": "storage_tank", "power": "" }, "geometry": { "type": "Polygon", "coordinates": [ [ [ 69.7596277, 22.3357632 ], [ 69.7595812, 22.3357283 ], [ 69.7595239, 22.3357126 ], [ 69.7594644, 22.3357183 ], [ 69.7594118, 22.3357446 ], [ 69.759374, 22.3357876 ], [ 69.759357, 22.3358406 ], [ 69.7593632, 22.3358957 ], [ 69.7593916, 22.3359443 ], [ 69.7594381, 22.3359792 ], [ 69.7594954, 22.335995 ], [ 69.7595549, 22.3359893 ], [ 69.7596076, 22.3359629 ], [ 69.7596453, 22.33592 ], [ 69.7596623, 22.3358669 ], [ 69.7596562, 22.3358119 ], [ 69.7596277, 22.3357632 ] ] ] } },
{ "type": "Feature", "properties": { "osm_type": "way", "osm_id": 481646013, "name": "", "industrial": "", "landuse": "", "man_made": "storage_tank", "power": "" }, "geometry": { "type": "Polygon", "coordinates": [ [ [ 69.7592562, 22.3355387 ], [ 69.7592097, 22.3355038 ], [ 69.7591524, 22.335488 ], [ 69.7590929, 22.3354937 ], [ 69.7590403, 22.3355201 ], [ 69.7590026, 22.335563 ], [ 69.7589855, 22.3356161 ], [ 69.7589917, 22.3356711 ], [ 69.7590202, 22.3357198 ], [ 69.7590666, 22.3357547 ], [ 69.7591239, 22.3357705 ], [ 69.7591835, 22.3357648 ], [ 69.7592361, 22.3357384 ], [ 69.7592738, 22.3356954 ], [ 69.7592908, 22.3356424 ], [ 69.7592847, 22.3355874 ], [ 69.7592562, 22.3355387 ] ] ] } },
{ "type": "Feature", "properties": { "osm_type": "way", "osm_id": 481646014, "name": "", "industrial": "", "landuse": "", "man_made": "storage_tank", "power": "" }, "geometry": { "type": "Polygon", "coordinates": [ [ [ 69.759, 22.3358897 ], [ 69.7589536, 22.3358549 ], [ 69.7588962, 22.3358391 ], [ 69.7588367, 22.3358448 ], [ 69.7587841, 22.3358711 ], [ 69.7587464, 22.3359141 ], [ 69.7587293, 22.3359671 ], [ 69.7587355, 22.3360222 ], [ 69.758764, 22.3360709 ], [ 69.7588105, 22.3361057 ], [ 69.7588678, 22.3361215 ], [ 69.7589273, 22.3361158 ], [ 69.7589799, 22.3360895 ], [ 69.7590176, 22.3360465 ], [ 69.7590347, 22.3359935 ], [ 69.7590285, 22.3359384 ], [ 69.759, 22.3358897 ] ] ] } },
{ "type": "Feature", "properties": { "osm_type": "way", "osm_id": 512087951, "name": "Modpar", "industrial": "", "landuse": "", "man_made": "", "power": "substation" }, "geometry": { "type": "Polygon", "coordinates": [ [ [ 69.7895342, 22.2571109 ], [ 69.7891806, 22.257358 ], [ 69.7895872, 22.2578566 ], [ 69.7901283, 22.2574785 ], [ 69.7900103, 22.2573338 ], [ 69.7895342, 22.2571109 ] ] ] } },
{ "type": "Feature", "properties": { "osm_type": "way", "osm_id": 512087955, "name": "", "industrial": "", "landuse": "", "man_made": "", "power": "substation" }, "geometry": { "type": "Polygon", "coordinates": [ [ [ 69.7196354, 22.3861965 ], [ 69.7200591, 22.3862103 ], [ 69.7200643, 22.3860763 ], [ 69.7196405, 22.3860625 ], [ 69.7196354, 22.3861965 ] ] ] } },
{ "type": "Feature", "properties": { "osm_type": "way", "osm_id": 512087963, "name": "SDCC", "industrial": "", "landuse": "", "man_made": "", "power": "substation" }, "geometry": { "type": "Polygon", "coordinates": [ [ [ 69.8334117, 22.4275568 ], [ 69.83359, 22.4274137 ], [ 69.833443, 22.4270931 ], [ 69.8332451, 22.4271674 ], [ 69.8334117, 22.4275568 ] ] ] } },
{ "type": "Feature", "properties": { "osm_type": "way", "osm_id": 512087981, "name": "Sikka", "industrial": "", "landuse": "", "man_made": "", "power": "substation" }, "geometry": { "type": "Polygon", "coordinates": [ [ [ 69.8332451, 22.4271674 ], [ 69.8331217, 22.4268993 ], [ 69.8326749, 22.4270406 ], [ 69.8325574, 22.4270877 ], [ 69.8328493, 22.4277596 ], [ 69.8334117, 22.4275568 ], [ 69.8332451, 22.4271674 ] ] ] } },
{ "type": "Feature", "properties": { "osm_type": "way", "osm_id": 512087984, "name": "Vadinar", "industrial": "", "landuse": "", "man_made": "", "power": "substation" }, "geometry": { "type": "Polygon", "coordinates": [ [ [ 69.7244079, 22.4099442 ], [ 69.7249837, 22.4098386 ], [ 69.7248579, 22.4092523 ], [ 69.7242821, 22.4093579 ], [ 69.7244079, 22.4099442 ] ] ] } },
{ "type": "Feature", "properties": { "osm_type": "way", "osm_id": 512087985, "name": "Bharat Oman", "industrial": "", "landuse": "", "man_made": "", "power": "substation" }, "geometry": { "type": "Polygon", "coordinates": [ [ [ 69.7408645, 22.4104104 ], [ 69.7414542, 22.4104047 ], [ 69.7414492, 22.4099604 ], [ 69.7408594, 22.4099661 ], [ 69.7408645, 22.4104104 ] ] ] } },
{ "type": "Feature", "properties": { "osm_type": "way", "osm_id": 512087989, "name": "Meghpar", "industrial": "", "landuse": "", "man_made": "", "power": "substation" }, "geometry": { "type": "Polygon", "coordinates": [ [ [ 69.8256976, 22.3584994 ], [ 69.826256, 22.3572799 ], [ 69.8271671, 22.3576224 ], [ 69.8266048, 22.3588474 ], [ 69.8256976, 22.3584994 ] ] ] } },
{ "type": "Feature", "properties": { "osm_type": "way", "osm_id": 578416140, "name": "", "industrial": "", "landuse": "", "man_made": "storage_tank", "power": "" }, "geometry": { "type": "Polygon", "coordinates": [ [ [ 69.7223335, 22.3772023 ], [ 69.7222249, 22.3770989 ], [ 69.7220817, 22.3770419 ], [ 69.7219259, 22.3770399 ], [ 69.721781, 22.3770931 ], [ 69.7216692, 22.3771936 ], [ 69.7216076, 22.377326 ], [ 69.7216054, 22.3774701 ], [ 69.721663, 22.3776041 ], [ 69.7217717, 22.3777074 ], [ 69.7219148, 22.3777644 ], [ 69.7220707, 22.3777665 ], [ 69.7222155, 22.3777132 ], [ 69.7223273, 22.3776127 ], [ 69.722389, 22.3774803 ], [ 69.7223912, 22.3773362 ], [ 69.7223335, 22.3772023 ] ] ] } },
{ "type": "Feature", "properties": { "osm_type": "way", "osm_id": 578416207, "name": "", "industrial": "", "landuse": "", "man_made": "storage_tank", "power": "" }, "geometry": { "type": "Polygon", "coordinates": [ [ [ 69.8659295, 22.3134454 ], [ 69.8659468, 22.313465 ], [ 69.8659701, 22.3134783 ], [ 69.8659969, 22.313484 ], [ 69.8660241, 22.3134812 ], [ 69.8660489, 22.3134705 ], [ 69.8660686, 22.3134529 ], [ 69.866081, 22.3134303 ], [ 69.8660848, 22.3134052 ], [ 69.8660797, 22.3133803 ], [ 69.866066, 22.3133583 ], [ 69.8660454, 22.3133416 ], [ 69.8660201, 22.313332 ], [ 69.8659927, 22.3133306 ], [ 69.8659663, 22.3133374 ], [ 69.8659438, 22.3133518 ], [ 69.8659275, 22.3133722 ], [ 69.8659193, 22.3133963 ], [ 69.8659199, 22.3134217 ], [ 69.8659295, 22.3134454 ] ] ] } },
{ "type": "Feature", "properties": { "osm_type": "way", "osm_id": 578416208, "name": "", "industrial": "", "landuse": "", "man_made": "storage_tank", "power": "" }, "geometry": { "type": "Polygon", "coordinates": [ [ [ 69.8664894, 22.3134485 ], [ 69.8665067, 22.3134681 ], [ 69.86653, 22.3134814 ], [ 69.8665568, 22.3134871 ], [ 69.866584, 22.3134843 ], [ 69.8666088, 22.3134736 ], [ 69.8666285, 22.313456 ], [ 69.8666409, 22.3134334 ], [ 69.8666448, 22.3134083 ], [ 69.8666396, 22.3133834 ], [ 69.8666259, 22.3133614 ], [ 69.8666053, 22.3133447 ], [ 69.86658, 22.3133351 ], [ 69.8665526, 22.3133337 ], [ 69.8665262, 22.3133405 ], [ 69.8665037, 22.3133549 ], [ 69.8664874, 22.3133753 ], [ 69.8664792, 22.3133994 ], [ 69.8664799, 22.3134248 ], [ 69.8664894, 22.3134485 ] ] ] } },
{ "type": "Feature", "properties": { "osm_type": "way", "osm_id": 578416209, "name": "", "industrial": "", "landuse": "", "man_made": "storage_tank", "power": "" }, "geometry": { "type": "Polygon", "coordinates": [ [ [ 69.8606368, 22.3286858 ], [ 69.8606542, 22.3287054 ], [ 69.8606775, 22.3287187 ], [ 69.8607042, 22.3287243 ], [ 69.8607314, 22.3287216 ], [ 69.8607562, 22.3287108 ], [ 69.8607759, 22.3286932 ], [ 69.8607883, 22.3286706 ], [ 69.8607922, 22.3286455 ], [ 69.860787, 22.3286206 ], [ 69.8607734, 22.3285987 ], [ 69.8607528, 22.328582 ], [ 69.8607274, 22.3285724 ], [ 69.8607, 22.3285709 ], [ 69.8606737, 22.3285777 ], [ 69.8606511, 22.3285921 ], [ 69.8606348, 22.3286125 ], [ 69.8606266, 22.3286367 ], [ 69.8606273, 22.328662 ], [ 69.8606368, 22.3286858 ] ] ] } },
{ "type": "Feature", "properties": { "osm_type": "way", "osm_id": 578416210, "name": "", "industrial": "", "landuse": "", "man_made": "storage_tank", "power": "" }, "geometry": { "type": "Polygon", "coordinates": [ [ [ 69.8609874, 22.3286876 ], [ 69.8610048, 22.3287072 ], [ 69.8610281, 22.3287205 ], [ 69.8610548, 22.3287261 ], [ 69.861082, 22.3287234 ], [ 69.8611068, 22.3287126 ], [ 69.8611265, 22.328695 ], [ 69.8611389, 22.3286724 ], [ 69.8611428, 22.3286473 ], [ 69.8611376, 22.3286225 ], [ 69.861124, 22.3286005 ], [ 69.8611033, 22.3285838 ], [ 69.861078, 22.3285742 ], [ 69.8610506, 22.3285727 ], [ 69.8610243, 22.3285796 ], [ 69.8610017, 22.3285939 ], [ 69.8609854, 22.3286143 ], [ 69.8609772, 22.3286385 ], [ 69.8609779, 22.3286638 ], [ 69.8609874, 22.3286876 ] ] ] } },
{ "type": "Feature", "properties": { "osm_type": "way", "osm_id": 578416211, "name": "", "industrial": "", "landuse": "", "man_made": "storage_tank", "power": "" }, "geometry": { "type": "Polygon", "coordinates": [ [ [ 69.8611586, 22.3291478 ], [ 69.8611808, 22.3291728 ], [ 69.8612105, 22.3291898 ], [ 69.8612446, 22.329197 ], [ 69.8612793, 22.3291935 ], [ 69.8613109, 22.3291798 ], [ 69.861336, 22.3291573 ], [ 69.8613519, 22.3291285 ], [ 69.8613568, 22.3290965 ], [ 69.8613502, 22.3290648 ], [ 69.8613328, 22.3290367 ], [ 69.8613065, 22.3290155 ], [ 69.8612742, 22.3290032 ], [ 69.8612393, 22.3290014 ], [ 69.8612056, 22.3290101 ], [ 69.8611769, 22.3290284 ], [ 69.8611561, 22.3290544 ], [ 69.8611456, 22.3290852 ], [ 69.8611465, 22.3291175 ], [ 69.8611586, 22.3291478 ] ] ] } },
{ "type": "Feature", "properties": { "osm_type": "way", "osm_id": 578416212, "name": "", "industrial": "", "landuse": "", "man_made": "storage_tank", "power": "" }, "geometry": { "type": "Polygon", "coordinates": [ [ [ 69.8608855, 22.3291766 ], [ 69.8609077, 22.3292016 ], [ 69.8609374, 22.3292186 ], [ 69.8609715, 22.3292258 ], [ 69.8610062, 22.3292223 ], [ 69.8610378, 22.3292086 ], [ 69.8610629, 22.3291861 ], [ 69.8610788, 22.3291573 ], [ 69.8610837, 22.3291253 ], [ 69.8610771, 22.3290936 ], [ 69.8610597, 22.3290656 ], [ 69.8610334, 22.3290443 ], [ 69.8610011, 22.329032 ], [ 69.8609662, 22.3290302 ], [ 69.8609325, 22.3290389 ], [ 69.8609038, 22.3290572 ], [ 69.860883, 22.3290832 ], [ 69.8608725, 22.329114 ], [ 69.8608734, 22.3291463 ], [ 69.8608855, 22.3291766 ] ] ] } },
{ "type": "Feature", "properties": { "osm_type": "way", "osm_id": 578416213, "name": "", "industrial": "", "landuse": "", "man_made": "storage_tank", "power": "" }, "geometry": { "type": "Polygon", "coordinates": [ [ [ 69.8604733, 22.3298583 ], [ 69.8605086, 22.3298981 ], [ 69.860556, 22.3299253 ], [ 69.8606104, 22.3299367 ], [ 69.8606658, 22.3299311 ], [ 69.8607163, 22.3299092 ], [ 69.8607564, 22.3298734 ], [ 69.8607817, 22.3298274 ], [ 69.8607895, 22.3297764 ], [ 69.8607789, 22.3297258 ], [ 69.8607512, 22.329681 ], [ 69.8607092, 22.3296471 ], [ 69.8606576, 22.3296275 ], [ 69.860602, 22.3296246 ], [ 69.8605483, 22.3296385 ], [ 69.8605024, 22.3296677 ], [ 69.8604693, 22.3297092 ], [ 69.8604525, 22.3297584 ], [ 69.8604539, 22.3298099 ], [ 69.8604733, 22.3298583 ] ] ] } },
{ "type": "Feature", "properties": { "osm_type": "way", "osm_id": 578416214, "name": "", "industrial": "cooling", "landuse": "", "man_made": "", "power": "" }, "geometry": { "type": "Polygon", "coordinates": [ [ [ 69.8625889, 22.3322855 ], [ 69.862597, 22.3336227 ], [ 69.8628143, 22.3336216 ], [ 69.8628063, 22.3322843 ], [ 69.8625889, 22.3322855 ] ] ] } },
{ "type": "Feature", "properties": { "osm_type": "way", "osm_id": 578416227, "name": "", "industrial": "", "landuse": "", "man_made": "storage_tank", "power": "" }, "geometry": { "type": "Polygon", "coordinates": [ [ [ 69.8777798, 22.3224226 ], [ 69.8777573, 22.3224478 ], [ 69.8777448, 22.3224784 ], [ 69.8777437, 22.3225111 ], [ 69.8777541, 22.3225424 ], [ 69.877775, 22.3225688 ], [ 69.877804, 22.3225875 ], [ 69.877838, 22.3225965 ], [ 69.8778733, 22.3225948 ], [ 69.8779061, 22.3225826 ], [ 69.8779328, 22.3225612 ], [ 69.8779506, 22.3225329 ], [ 69.8779575, 22.3225008 ], [ 69.8779527, 22.3224684 ], [ 69.8779369, 22.3224392 ], [ 69.8779116, 22.3224163 ], [ 69.8778797, 22.3224022 ], [ 69.8778445, 22.3223985 ], [ 69.87781, 22.3224056 ], [ 69.8777798, 22.3224226 ] ] ] } },
{ "type": "Feature", "properties": { "osm_type": "way", "osm_id": 578416228, "name": "", "industrial": "", "landuse": "", "man_made": "storage_tank", "power": "" }, "geometry": { "type": "Polygon", "coordinates": [ [ [ 69.877281, 22.3224272 ], [ 69.877252, 22.3224596 ], [ 69.8772359, 22.3224989 ], [ 69.8772345, 22.322541 ], [ 69.8772479, 22.3225812 ], [ 69.8772747, 22.3226151 ], [ 69.877312, 22.3226392 ], [ 69.8773557, 22.3226508 ], [ 69.8774011, 22.3226486 ], [ 69.8774433, 22.3226329 ], [ 69.8774777, 22.3226054 ], [ 69.8775005, 22.322569 ], [ 69.8775094, 22.3225277 ], [ 69.8775033, 22.3224861 ], [ 69.8774829, 22.3224485 ], [ 69.8774504, 22.3224191 ], [ 69.8774093, 22.322401 ], [ 69.8773642, 22.3223962 ], [ 69.8773198, 22.3224053 ], [ 69.877281, 22.3224272 ] ] ] } },
{ "type": "Feature", "properties": { "osm_type": "way", "osm_id": 578416229, "name": "", "industrial": "", "landuse": "", "man_made": "storage_tank", "power": "" }, "geometry": { "type": "Polygon", "coordinates": [ [ [ 69.8772971, 22.3219868 ], [ 69.8772681, 22.3220192 ], [ 69.877252, 22.3220585 ], [ 69.8772506, 22.3221006 ], [ 69.877264, 22.3221407 ], [ 69.8772908, 22.3221747 ], [ 69.8773281, 22.3221988 ], [ 69.8773718, 22.3222103 ], [ 69.8774172, 22.3222082 ], [ 69.8774594, 22.3221925 ], [ 69.8774938, 22.3221649 ], [ 69.8775166, 22.3221286 ], [ 69.8775255, 22.3220873 ], [ 69.8775194, 22.3220457 ], [ 69.877499, 22.3220081 ], [ 69.8774665, 22.3219787 ], [ 69.8774254, 22.3219606 ], [ 69.8773803, 22.3219558 ], [ 69.8773359, 22.3219649 ], [ 69.8772971, 22.3219868 ] ] ] } },
{ "type": "Feature", "properties": { "osm_type": "way", "osm_id": 578416230, "name": "", "industrial": "", "landuse": "", "man_made": "storage_tank", "power": "" }, "geometry": { "type": "Polygon", "coordinates": [ [ [ 69.877796, 22.321962 ], [ 69.8777669, 22.3219944 ], [ 69.8777509, 22.3220337 ], [ 69.8777495, 22.3220757 ], [ 69.8777629, 22.3221159 ], [ 69.8777897, 22.3221499 ], [ 69.877827, 22.322174 ], [ 69.8778707, 22.3221855 ], [ 69.8779161, 22.3221834 ], [ 69.8779583, 22.3221676 ], [ 69.8779927, 22.3221401 ], [ 69.8780155, 22.3221038 ], [ 69.8780244, 22.3220625 ], [ 69.8780183, 22.3220208 ], [ 69.8779979, 22.3219833 ], [ 69.8779654, 22.3219538 ], [ 69.8779243, 22.3219358 ], [ 69.8778792, 22.321931 ], [ 69.8778348, 22.3219401 ], [ 69.877796, 22.321962 ] ] ] } },
{ "type": "Feature", "properties": { "osm_type": "way", "osm_id": 578416231, "name": "", "industrial": "", "landuse": "", "man_made": "storage_tank", "power": "" }, "geometry": { "type": "Polygon", "coordinates": [ [ [ 69.8777732, 22.3215315 ], [ 69.8777441, 22.3215639 ], [ 69.8777281, 22.3216032 ], [ 69.8777267, 22.3216453 ], [ 69.8777401, 22.3216854 ], [ 69.8777669, 22.3217194 ], [ 69.8778042, 22.3217435 ], [ 69.8778479, 22.321755 ], [ 69.8778933, 22.3217529 ], [ 69.8779355, 22.3217372 ], [ 69.8779699, 22.3217096 ], [ 69.8779927, 22.3216733 ], [ 69.8780016, 22.321632 ], [ 69.8779955, 22.3215904 ], [ 69.8779751, 22.3215528 ], [ 69.8779426, 22.3215233 ], [ 69.8779015, 22.3215053 ], [ 69.8778564, 22.3215005 ], [ 69.877812, 22.3215096 ], [ 69.8777732, 22.3215315 ] ] ] } },
{ "type": "Feature", "properties": { "osm_type": "way", "osm_id": 578416232, "name": "", "industrial": "", "landuse": "", "man_made": "storage_tank", "power": "" }, "geometry": { "type": "Polygon", "coordinates": [ [ [ 69.8772808, 22.3215204 ], [ 69.8772518, 22.3215528 ], [ 69.8772357, 22.3215922 ], [ 69.8772343, 22.3216342 ], [ 69.8772477, 22.3216744 ], [ 69.8772745, 22.3217083 ], [ 69.8773118, 22.3217324 ], [ 69.8773555, 22.321744 ], [ 69.8774009, 22.3217418 ], [ 69.8774431, 22.3217261 ], [ 69.8774775, 22.3216986 ], [ 69.8775003, 22.3216622 ], [ 69.8775092, 22.321621 ], [ 69.8775031, 22.3215793 ], [ 69.8774827, 22.3215417 ], [ 69.8774502, 22.3215123 ], [ 69.8774092, 22.3214942 ], [ 69.877364, 22.3214895 ], [ 69.8773196, 22.3214985 ], [ 69.8772808, 22.3215204 ] ] ] } },
{ "type": "Feature", "properties": { "osm_type": "way", "osm_id": 578416233, "name": "", "industrial": "", "landuse": "", "man_made": "storage_tank", "power": "" }, "geometry": { "type": "Polygon", "coordinates": [ [ [ 69.877332, 22.3202686 ], [ 69.877294, 22.320311 ], [ 69.877273, 22.3203625 ], [ 69.8772711, 22.3204175 ], [ 69.8772887, 22.3204701 ], [ 69.8773238, 22.3205145 ], [ 69.8773726, 22.3205461 ], [ 69.8774298, 22.3205612 ], [ 69.8774893, 22.3205584 ], [ 69.8775445, 22.3205378 ], [ 69.8775895, 22.3205018 ], [ 69.8776194, 22.3204542 ], [ 69.877631, 22.3204002 ], [ 69.877623, 22.3203456 ], [ 69.8775963, 22.3202964 ], [ 69.8775538, 22.3202579 ], [ 69.8775, 22.3202342 ], [ 69.8774409, 22.320228 ], [ 69.8773828, 22.3202399 ], [ 69.877332, 22.3202686 ] ] ] } },
{ "type": "Feature", "properties": { "osm_type": "way", "osm_id": 578416235, "name": "", "industrial": "", "landuse": "", "man_made": "storage_tank", "power": "" }, "geometry": { "type": "Polygon", "coordinates": [ [ [ 69.8659881, 22.3078794 ], [ 69.8659655, 22.3078844 ], [ 69.8659453, 22.3078949 ], [ 69.8659288, 22.30791 ], [ 69.8659173, 22.3079287 ], [ 69.8659117, 22.3079495 ], [ 69.8659124, 22.307971 ], [ 69.8659193, 22.3079915 ], [ 69.865932, 22.3080095 ], [ 69.8659494, 22.3080236 ], [ 69.8659703, 22.308033 ], [ 69.8659932, 22.3080367 ], [ 69.8660163, 22.3080346 ], [ 69.8660379, 22.3080268 ], [ 69.8660565, 22.3080139 ], [ 69.8660706, 22.3079968 ], [ 69.8660792, 22.3079769 ], [ 69.8660817, 22.3079556 ], [ 69.8660778, 22.3079344 ], [ 69.8660679, 22.3079149 ], [ 69.8660528, 22.3078987 ], [ 69.8660334, 22.3078868 ], [ 69.8660113, 22.3078803 ], [ 69.8659881, 22.3078794 ] ] ] } },
{ "type": "Feature", "properties": { "osm_type": "way", "osm_id": 578416236, "name": "", "industrial": "", "landuse": "", "man_made": "storage_tank", "power": "" }, "geometry": { "type": "Polygon", "coordinates": [ [ [ 69.8665418, 22.3078706 ], [ 69.8665193, 22.3078756 ], [ 69.866499, 22.3078861 ], [ 69.8664825, 22.3079012 ], [ 69.866471, 22.3079199 ], [ 69.8664654, 22.3079407 ], [ 69.8664661, 22.3079622 ], [ 69.866473, 22.3079827 ], [ 69.8664857, 22.3080007 ], [ 69.8665031, 22.3080148 ], [ 69.866524, 22.3080242 ], [ 69.8665469, 22.3080279 ], [ 69.86657, 22.3080258 ], [ 69.8665916, 22.308018 ], [ 69.8666102, 22.3080051 ], [ 69.8666243, 22.307988 ], [ 69.8666329, 22.3079681 ], [ 69.8666354, 22.3079468 ], [ 69.8666315, 22.3079256 ], [ 69.8666216, 22.3079061 ], [ 69.8666065, 22.3078899 ], [ 69.8665871, 22.307878 ], [ 69.866565, 22.3078715 ], [ 69.8665418, 22.3078706 ] ] ] } },
{ "type": "Feature", "properties": { "osm_type": "way", "osm_id": 578416237, "name": "", "industrial": "", "landuse": "", "man_made": "storage_tank", "power": "" }, "geometry": { "type": "Polygon", "coordinates": [ [ [ 69.8726029, 22.3070181 ], [ 69.8725639, 22.3070267 ], [ 69.8725288, 22.3070448 ], [ 69.8725003, 22.3070709 ], [ 69.8724805, 22.3071032 ], [ 69.8724708, 22.3071393 ], [ 69.872472, 22.3071764 ], [ 69.8724839, 22.3072118 ], [ 69.8725058, 22.307243 ], [ 69.872536, 22.3072675 ], [ 69.8725721, 22.3072836 ], [ 69.8726117, 22.3072901 ], [ 69.8726516, 22.3072864 ], [ 69.872689, 22.3072729 ], [ 69.8727211, 22.3072506 ], [ 69.8727455, 22.3072211 ], [ 69.8727604, 22.3071867 ], [ 69.8727647, 22.3071497 ], [ 69.872758, 22.3071131 ], [ 69.8727409, 22.3070795 ], [ 69.8727147, 22.3070514 ], [ 69.8726812, 22.3070309 ], [ 69.872643, 22.3070195 ], [ 69.8726029, 22.3070181 ] ] ] } },
{ "type": "Feature", "properties": { "osm_type": "way", "osm_id": 578416238, "name": "", "industrial": "", "landuse": "", "man_made": "storage_tank", "power": "" }, "geometry": { "type": "Polygon", "coordinates": [ [ [ 69.8726056, 22.3074548 ], [ 69.8725665, 22.3074635 ], [ 69.8725315, 22.3074815 ], [ 69.872503, 22.3075077 ], [ 69.8724831, 22.30754 ], [ 69.8724735, 22.307576 ], [ 69.8724747, 22.3076131 ], [ 69.8724866, 22.3076486 ], [ 69.8725085, 22.3076797 ], [ 69.8725386, 22.3077042 ], [ 69.8725748, 22.3077203 ], [ 69.8726143, 22.3077268 ], [ 69.8726543, 22.3077232 ], [ 69.8726917, 22.3077097 ], [ 69.8727238, 22.3076874 ], [ 69.8727482, 22.3076579 ], [ 69.8727631, 22.3076234 ], [ 69.8727673, 22.3075865 ], [ 69.8727607, 22.3075498 ], [ 69.8727436, 22.3075162 ], [ 69.8727174, 22.3074881 ], [ 69.8726839, 22.3074676 ], [ 69.8726457, 22.3074562 ], [ 69.8726056, 22.3074548 ] ] ] } },
{ "type": "Feature", "properties": { "osm_type": "way", "osm_id": 578416239, "name": "", "industrial": "", "landuse": "", "man_made": "storage_tank", "power": "" }, "geometry": { "type": "Polygon", "coordinates": [ [ [ 69.8721228, 22.3074585 ], [ 69.8720837, 22.3074672 ], [ 69.8720487, 22.3074852 ], [ 69.8720202, 22.3075114 ], [ 69.8720003, 22.3075437 ], [ 69.8719907, 22.3075797 ], [ 69.8719919, 22.3076168 ], [ 69.8720038, 22.3076523 ], [ 69.8720257, 22.3076834 ], [ 69.8720558, 22.307708 ], [ 69.872092, 22.307724 ], [ 69.8721315, 22.3077305 ], [ 69.8721715, 22.3077269 ], [ 69.8722089, 22.3077134 ], [ 69.872241, 22.3076911 ], [ 69.8722654, 22.3076616 ], [ 69.8722803, 22.3076271 ], [ 69.8722845, 22.3075902 ], [ 69.8722779, 22.3075536 ], [ 69.8722608, 22.30752 ], [ 69.8722346, 22.3074919 ], [ 69.8722011, 22.3074714 ], [ 69.8721629, 22.30746 ], [ 69.8721228, 22.3074585 ] ] ] } },
{ "type": "Feature", "properties": { "osm_type": "way", "osm_id": 578416240, "name": "", "industrial": "", "landuse": "", "man_made": "storage_tank", "power": "" }, "geometry": { "type": "Polygon", "coordinates": [ [ [ 69.872124, 22.3070341 ], [ 69.8720849, 22.3070427 ], [ 69.8720499, 22.3070608 ], [ 69.8720214, 22.307087 ], [ 69.8720015, 22.3071192 ], [ 69.8719919, 22.3071553 ], [ 69.8719931, 22.3071924 ], [ 69.872005, 22.3072279 ], [ 69.8720269, 22.307259 ], [ 69.872057, 22.3072835 ], [ 69.8720932, 22.3072996 ], [ 69.8721327, 22.3073061 ], [ 69.8721727, 22.3073025 ], [ 69.8722101, 22.307289 ], [ 69.8722422, 22.3072667 ], [ 69.8722666, 22.3072372 ], [ 69.8722815, 22.3072027 ], [ 69.8722858, 22.3071658 ], [ 69.8722791, 22.3071291 ], [ 69.872262, 22.3070955 ], [ 69.8722358, 22.3070674 ], [ 69.8722023, 22.3070469 ], [ 69.8721641, 22.3070355 ], [ 69.872124, 22.3070341 ] ] ] } },
{ "type": "Feature", "properties": { "osm_type": "way", "osm_id": 578416241, "name": "", "industrial": "", "landuse": "", "man_made": "storage_tank", "power": "" }, "geometry": { "type": "Polygon", "coordinates": [ [ [ 69.8713411, 22.3070349 ], [ 69.8712884, 22.3070466 ], [ 69.871241, 22.307071 ], [ 69.8712025, 22.3071063 ], [ 69.8711757, 22.3071499 ], [ 69.8711626, 22.3071986 ], [ 69.8711643, 22.3072487 ], [ 69.8711804, 22.3072966 ], [ 69.87121, 22.3073386 ], [ 69.8712507, 22.3073718 ], [ 69.8712995, 22.3073935 ], [ 69.8713529, 22.3074023 ], [ 69.8714069, 22.3073973 ], [ 69.8714574, 22.3073791 ], [ 69.8715007, 22.307349 ], [ 69.8715337, 22.3073092 ], [ 69.8715538, 22.3072626 ], [ 69.8715596, 22.3072127 ], [ 69.8715506, 22.3071633 ], [ 69.8715275, 22.3071179 ], [ 69.8714921, 22.3070799 ], [ 69.8714469, 22.3070522 ], [ 69.8713953, 22.3070368 ], [ 69.8713411, 22.3070349 ] ] ] } },
{ "type": "Feature", "properties": { "osm_type": "way", "osm_id": 578416242, "name": "", "industrial": "", "landuse": "", "man_made": "storage_tank", "power": "" }, "geometry": { "type": "Polygon", "coordinates": [ [ [ 69.8705609, 22.3070391 ], [ 69.8705082, 22.3070508 ], [ 69.8704608, 22.3070752 ], [ 69.8704223, 22.3071105 ], [ 69.8703955, 22.3071541 ], [ 69.8703824, 22.3072028 ], [ 69.870384, 22.3072529 ], [ 69.8704002, 22.3073008 ], [ 69.8704298, 22.3073429 ], [ 69.8704705, 22.307376 ], [ 69.8705193, 22.3073977 ], [ 69.8705727, 22.3074065 ], [ 69.8706267, 22.3074016 ], [ 69.8706772, 22.3073834 ], [ 69.8707205, 22.3073532 ], [ 69.8707535, 22.3073134 ], [ 69.8707736, 22.3072668 ], [ 69.8707794, 22.307217 ], [ 69.8707704, 22.3071675 ], [ 69.8707473, 22.3071221 ], [ 69.8707119, 22.3070842 ], [ 69.8706667, 22.3070565 ], [ 69.8706151, 22.3070411 ], [ 69.8705609, 22.3070391 ] ] ] } },
{ "type": "Feature", "properties": { "osm_type": "way", "osm_id": 578416260, "name": "", "industrial": "", "landuse": "", "man_made": "storage_tank", "power": "" }, "geometry": { "type": "Polygon", "coordinates": [ [ [ 69.8429963, 22.3485033 ], [ 69.8429632, 22.3485106 ], [ 69.8429335, 22.3485259 ], [ 69.8429094, 22.348548 ], [ 69.8428926, 22.3485753 ], [ 69.8428844, 22.3486058 ], [ 69.8428854, 22.3486373 ], [ 69.8428955, 22.3486673 ], [ 69.8429141, 22.3486936 ], [ 69.8429396, 22.3487144 ], [ 69.8429702, 22.348728 ], [ 69.8430037, 22.3487335 ], [ 69.8430375, 22.3487304 ], [ 69.8430692, 22.348719 ], [ 69.8430964, 22.3487001 ], [ 69.843117, 22.3486752 ], [ 69.8431296, 22.348646 ], [ 69.8431332, 22.3486147 ], [ 69.8431276, 22.3485837 ], [ 69.8431131, 22.3485553 ], [ 69.8430909, 22.3485315 ], [ 69.8430626, 22.3485141 ], [ 69.8430302, 22.3485045 ], [ 69.8429963, 22.3485033 ] ] ] } },
{ "type": "Feature", "properties": { "osm_type": "way", "osm_id": 578416261, "name": "", "industrial": "", "landuse": "", "man_made": "storage_tank", "power": "" }, "geometry": { "type": "Polygon", "coordinates": [ [ [ 69.8429929, 22.3482068 ], [ 69.8429599, 22.3482141 ], [ 69.8429302, 22.3482294 ], [ 69.842906, 22.3482515 ], [ 69.8428892, 22.3482789 ], [ 69.842881, 22.3483094 ], [ 69.8428821, 22.3483408 ], [ 69.8428922, 22.3483708 ], [ 69.8429107, 22.3483972 ], [ 69.8429362, 22.3484179 ], [ 69.8429669, 22.3484316 ], [ 69.8430003, 22.348437 ], [ 69.8430342, 22.348434 ], [ 69.8430658, 22.3484226 ], [ 69.843093, 22.3484037 ], [ 69.8431137, 22.3483787 ], [ 69.8431263, 22.3483495 ], [ 69.8431299, 22.3483183 ], [ 69.8431243, 22.3482873 ], [ 69.8431098, 22.3482588 ], [ 69.8430876, 22.348235 ], [ 69.8430592, 22.3482177 ], [ 69.8430269, 22.348208 ], [ 69.8429929, 22.3482068 ] ] ] } },
{ "type": "Feature", "properties": { "osm_type": "way", "osm_id": 578416262, "name": "", "industrial": "", "landuse": "", "man_made": "storage_tank", "power": "" }, "geometry": { "type": "Polygon", "coordinates": [ [ [ 69.8430016, 22.347826 ], [ 69.8429685, 22.3478333 ], [ 69.8429388, 22.3478486 ], [ 69.8429147, 22.3478707 ], [ 69.8428979, 22.3478981 ], [ 69.8428897, 22.3479286 ], [ 69.8428907, 22.34796 ], [ 69.8429009, 22.34799 ], [ 69.8429194, 22.3480164 ], [ 69.8429449, 22.3480371 ], [ 69.8429755, 22.3480507 ], [ 69.843009, 22.3480562 ], [ 69.8430428, 22.3480531 ], [ 69.8430745, 22.3480417 ], [ 69.8431017, 22.3480229 ], [ 69.8431223, 22.3479979 ], [ 69.8431349, 22.3479687 ], [ 69.8431386, 22.3479374 ], [ 69.8431329, 22.3479064 ], [ 69.8431185, 22.347878 ], [ 69.8430962, 22.3478542 ], [ 69.8430679, 22.3478368 ], [ 69.8430356, 22.3478272 ], [ 69.8430016, 22.347826 ] ] ] } },
{ "type": "Feature", "properties": { "osm_type": "way", "osm_id": 578416273, "name": "", "industrial": "", "landuse": "", "man_made": "storage_tank", "power": "" }, "geometry": { "type": "Polygon", "coordinates": [ [ [ 69.8595434, 22.3397614 ], [ 69.8595302, 22.3397752 ], [ 69.8595225, 22.3397922 ], [ 69.8595213, 22.3398106 ], [ 69.8595265, 22.3398283 ], [ 69.8595377, 22.3398436 ], [ 69.8595536, 22.3398546 ], [ 69.8595725, 22.3398603 ], [ 69.8595924, 22.3398599 ], [ 69.8596112, 22.3398537 ], [ 69.8596266, 22.3398421 ], [ 69.8596372, 22.3398265 ], [ 69.8596418, 22.3398086 ], [ 69.8596398, 22.3397902 ], [ 69.8596314, 22.3397735 ], [ 69.8596177, 22.3397602 ], [ 69.8596, 22.3397517 ], [ 69.8595803, 22.339749 ], [ 69.8595608, 22.3397524 ], [ 69.8595434, 22.3397614 ] ] ] } },
{ "type": "Feature", "properties": { "osm_type": "way", "osm_id": 578416274, "name": "", "industrial": "", "landuse": "", "man_made": "storage_tank", "power": "" }, "geometry": { "type": "Polygon", "coordinates": [ [ [ 69.8598056, 22.3397614 ], [ 69.8597924, 22.3397752 ], [ 69.8597847, 22.3397922 ], [ 69.8597834, 22.3398106 ], [ 69.8597887, 22.3398283 ], [ 69.8597999, 22.3398436 ], [ 69.8598158, 22.3398546 ], [ 69.8598347, 22.3398603 ], [ 69.8598546, 22.3398599 ], [ 69.8598733, 22.3398537 ], [ 69.8598888, 22.3398421 ], [ 69.8598994, 22.3398265 ], [ 69.859904, 22.3398086 ], [ 69.859902, 22.3397902 ], [ 69.8598936, 22.3397735 ], [ 69.8598799, 22.3397602 ], [ 69.8598622, 22.3397517 ], [ 69.8598425, 22.339749 ], [ 69.859823, 22.3397524 ], [ 69.8598056, 22.3397614 ] ] ] } },
{ "type": "Feature", "properties": { "osm_type": "way", "osm_id": 578416275, "name": "", "industrial": "", "landuse": "", "man_made": "storage_tank", "power": "" }, "geometry": { "type": "Polygon", "coordinates": [ [ [ 69.8599431, 22.3396473 ], [ 69.8599299, 22.3396611 ], [ 69.8599222, 22.3396781 ], [ 69.8599209, 22.3396964 ], [ 69.8599261, 22.3397142 ], [ 69.8599373, 22.3397294 ], [ 69.8599533, 22.3397405 ], [ 69.8599722, 22.3397461 ], [ 69.8599921, 22.3397458 ], [ 69.8600108, 22.3397395 ], [ 69.8600263, 22.339728 ], [ 69.8600369, 22.3397124 ], [ 69.8600414, 22.3396944 ], [ 69.8600394, 22.3396761 ], [ 69.8600311, 22.3396594 ], [ 69.8600174, 22.3396461 ], [ 69.8599997, 22.3396376 ], [ 69.85998, 22.3396349 ], [ 69.8599604, 22.3396383 ], [ 69.8599431, 22.3396473 ] ] ] } },
{ "type": "Feature", "properties": { "osm_type": "way", "osm_id": 578416277, "name": "", "industrial": "cooling", "landuse": "", "man_made": "", "power": "" }, "geometry": { "type": "Polygon", "coordinates": [ [ [ 69.8570958, 22.3336289 ], [ 69.8570974, 22.333846 ], [ 69.8580603, 22.3338398 ], [ 69.8580587, 22.3336227 ], [ 69.8570958, 22.3336289 ] ] ] } },
{ "type": "Feature", "properties": { "osm_type": "way", "osm_id": 578416283, "name": "", "industrial": "", "landuse": "", "man_made": "storage_tank", "power": "" }, "geometry": { "type": "Polygon", "coordinates": [ [ [ 69.8573656, 22.3324426 ], [ 69.8573447, 22.3324628 ], [ 69.8573321, 22.3324881 ], [ 69.8573291, 22.3325159 ], [ 69.8573359, 22.332543 ], [ 69.857352, 22.3325666 ], [ 69.8573754, 22.3325842 ], [ 69.8574037, 22.3325937 ], [ 69.8574339, 22.3325942 ], [ 69.8574625, 22.3325857 ], [ 69.8574867, 22.332569 ], [ 69.8575036, 22.3325459 ], [ 69.8575116, 22.332519 ], [ 69.8575096, 22.3324912 ], [ 69.857498, 22.3324654 ], [ 69.857478, 22.3324446 ], [ 69.8574518, 22.3324309 ], [ 69.8574222, 22.3324258 ], [ 69.8573923, 22.3324298 ], [ 69.8573656, 22.3324426 ] ] ] } },
{ "type": "Feature", "properties": { "osm_type": "way", "osm_id": 578416327, "name": "", "industrial": "", "landuse": "", "man_made": "storage_tank", "power": "" }, "geometry": { "type": "Polygon", "coordinates": [ [ [ 69.8903413, 22.336441 ], [ 69.8903161, 22.3364653 ], [ 69.8903009, 22.3364959 ], [ 69.8902972, 22.3365294 ], [ 69.8903055, 22.3365623 ], [ 69.8903249, 22.3365908 ], [ 69.8903532, 22.336612 ], [ 69.8903874, 22.3366235 ], [ 69.8904238, 22.3366241 ], [ 69.8904585, 22.3366138 ], [ 69.8904876, 22.3365936 ], [ 69.8905081, 22.3365657 ], [ 69.8905177, 22.3365332 ], [ 69.8905154, 22.3364996 ], [ 69.8905014, 22.3364685 ], [ 69.8904772, 22.3364433 ], [ 69.8904455, 22.3364267 ], [ 69.8904097, 22.3364206 ], [ 69.8903737, 22.3364255 ], [ 69.8903413, 22.336441 ] ] ] } },
{ "type": "Feature", "properties": { "osm_type": "way", "osm_id": 578416328, "name": "", "industrial": "", "landuse": "", "man_made": "storage_tank", "power": "" }, "geometry": { "type": "Polygon", "coordinates": [ [ [ 69.8903447, 22.3361507 ], [ 69.8903211, 22.3361735 ], [ 69.8903068, 22.3362022 ], [ 69.8903034, 22.3362337 ], [ 69.8903111, 22.3362644 ], [ 69.8903293, 22.3362912 ], [ 69.8903558, 22.3363111 ], [ 69.8903879, 22.3363219 ], [ 69.8904221, 22.3363224 ], [ 69.8904546, 22.3363127 ], [ 69.8904819, 22.3362938 ], [ 69.8905012, 22.3362677 ], [ 69.8905101, 22.3362372 ], [ 69.890508, 22.3362057 ], [ 69.8904948, 22.3361765 ], [ 69.8904722, 22.3361529 ], [ 69.8904424, 22.3361373 ], [ 69.8904088, 22.3361315 ], [ 69.890375, 22.3361362 ], [ 69.8903447, 22.3361507 ] ] ] } },
{ "type": "Feature", "properties": { "osm_type": "way", "osm_id": 578416329, "name": "", "industrial": "", "landuse": "", "man_made": "storage_tank", "power": "" }, "geometry": { "type": "Polygon", "coordinates": [ [ [ 69.890369, 22.3359718 ], [ 69.8903525, 22.3359877 ], [ 69.8903426, 22.3360077 ], [ 69.8903402, 22.3360296 ], [ 69.8903456, 22.336051 ], [ 69.8903582, 22.3360696 ], [ 69.8903767, 22.3360835 ], [ 69.8903991, 22.336091 ], [ 69.8904228, 22.3360914 ], [ 69.8904455, 22.3360846 ], [ 69.8904645, 22.3360715 ], [ 69.8904779, 22.3360533 ], [ 69.8904841, 22.3360321 ], [ 69.8904826, 22.3360101 ], [ 69.8904735, 22.3359898 ], [ 69.8904577, 22.3359733 ], [ 69.890437, 22.3359625 ], [ 69.8904136, 22.3359585 ], [ 69.8903901, 22.3359617 ], [ 69.890369, 22.3359718 ] ] ] } },
{ "type": "Feature", "properties": { "osm_type": "way", "osm_id": 578416330, "name": "", "industrial": "", "landuse": "", "man_made": "storage_tank", "power": "" }, "geometry": { "type": "Polygon", "coordinates": [ [ [ 69.8903757, 22.3357902 ], [ 69.8903593, 22.3358062 ], [ 69.8903493, 22.3358261 ], [ 69.8903469, 22.335848 ], [ 69.8903523, 22.3358694 ], [ 69.890365, 22.3358881 ], [ 69.8903835, 22.3359019 ], [ 69.8904058, 22.3359094 ], [ 69.8904296, 22.3359098 ], [ 69.8904522, 22.3359031 ], [ 69.8904713, 22.3358899 ], [ 69.8904846, 22.3358717 ], [ 69.8904909, 22.3358505 ], [ 69.8904894, 22.3358285 ], [ 69.8904802, 22.3358082 ], [ 69.8904645, 22.3357918 ], [ 69.8904438, 22.3357809 ], [ 69.8904204, 22.3357769 ], [ 69.8903968, 22.3357801 ], [ 69.8903757, 22.3357902 ] ] ] } },
{ "type": "Feature", "properties": { "osm_type": "way", "osm_id": 578416382, "name": "", "industrial": "", "landuse": "", "man_made": "storage_tank", "power": "" }, "geometry": { "type": "Polygon", "coordinates": [ [ [ 69.890308, 22.3335377 ], [ 69.8902913, 22.3335495 ], [ 69.8902796, 22.3335656 ], [ 69.8902742, 22.3335844 ], [ 69.8902757, 22.3336037 ], [ 69.8902839, 22.3336216 ], [ 69.8902979, 22.333636 ], [ 69.8903163, 22.3336455 ], [ 69.8903369, 22.3336489 ], [ 69.8903577, 22.3336459 ], [ 69.8903762, 22.3336369 ], [ 69.8903906, 22.3336227 ], [ 69.8903993, 22.333605 ], [ 69.8904013, 22.3335857 ], [ 69.8903963, 22.3335668 ], [ 69.8903851, 22.3335505 ], [ 69.8903687, 22.3335384 ], [ 69.8903489, 22.3335318 ], [ 69.8903279, 22.3335316 ], [ 69.890308, 22.3335377 ] ] ] } },
{ "type": "Feature", "properties": { "osm_type": "way", "osm_id": 578416383, "name": "", "industrial": "", "landuse": "", "man_made": "storage_tank", "power": "" }, "geometry": { "type": "Polygon", "coordinates": [ [ [ 69.8906658, 22.3335378 ], [ 69.890642, 22.3335609 ], [ 69.8906276, 22.3335898 ], [ 69.8906241, 22.3336215 ], [ 69.8906319, 22.3336526 ], [ 69.8906503, 22.3336796 ], [ 69.8906771, 22.3336996 ], [ 69.8907094, 22.3337106 ], [ 69.8907439, 22.3337111 ], [ 69.8907767, 22.3337014 ], [ 69.8908043, 22.3336822 ], [ 69.8908237, 22.3336559 ], [ 69.8908328, 22.3336251 ], [ 69.8908306, 22.3335933 ], [ 69.8908173, 22.3335639 ], [ 69.8907944, 22.33354 ], [ 69.8907644, 22.3335243 ], [ 69.8907305, 22.3335185 ], [ 69.8906964, 22.3335232 ], [ 69.8906658, 22.3335378 ] ] ] } },
{ "type": "Feature", "properties": { "osm_type": "way", "osm_id": 578416441, "name": "", "industrial": "", "landuse": "", "man_made": "storage_tank", "power": "" }, "geometry": { "type": "Polygon", "coordinates": [ [ [ 69.8902393, 22.3305388 ], [ 69.8902219, 22.3305538 ], [ 69.8902107, 22.3305733 ], [ 69.8902069, 22.3305951 ], [ 69.8902109, 22.3306168 ], [ 69.8902224, 22.3306362 ], [ 69.8902401, 22.330651 ], [ 69.890262, 22.3306597 ], [ 69.8902857, 22.3306614 ], [ 69.8903088, 22.3306559 ], [ 69.8903287, 22.3306437 ], [ 69.8903432, 22.3306262 ], [ 69.8903508, 22.3306053 ], [ 69.8903507, 22.3305832 ], [ 69.8903428, 22.3305624 ], [ 69.8903281, 22.3305451 ], [ 69.890308, 22.3305331 ], [ 69.8902849, 22.3305279 ], [ 69.8902611, 22.3305298 ], [ 69.8902393, 22.3305388 ] ] ] } },
{ "type": "Feature", "properties": { "osm_type": "way", "osm_id": 578416442, "name": "", "industrial": "", "landuse": "", "man_made": "storage_tank", "power": "" }, "geometry": { "type": "Polygon", "coordinates": [ [ [ 69.8904848, 22.3304896 ], [ 69.8904568, 22.3305137 ], [ 69.8904388, 22.3305449 ], [ 69.8904327, 22.3305798 ], [ 69.8904392, 22.3306147 ], [ 69.8904577, 22.3306457 ], [ 69.8904859, 22.3306695 ], [ 69.8905211, 22.3306835 ], [ 69.8905592, 22.3306862 ], [ 69.8905962, 22.3306773 ], [ 69.8906281, 22.3306578 ], [ 69.8906514, 22.3306297 ], [ 69.8906636, 22.3305962 ], [ 69.8906633, 22.3305608 ], [ 69.8906507, 22.3305274 ], [ 69.890627, 22.3304997 ], [ 69.8905949, 22.3304805 ], [ 69.8905578, 22.330472 ], [ 69.8905197, 22.3304752 ], [ 69.8904848, 22.3304896 ] ] ] } },
{ "type": "Feature", "properties": { "osm_type": "way", "osm_id": 578416443, "name": "", "industrial": "", "landuse": "", "man_made": "storage_tank", "power": "" }, "geometry": { "type": "Polygon", "coordinates": [ [ [ 69.8908423, 22.3304985 ], [ 69.890815, 22.330522 ], [ 69.8907974, 22.3305525 ], [ 69.8907915, 22.3305866 ], [ 69.8907979, 22.3306207 ], [ 69.8908158, 22.330651 ], [ 69.8908435, 22.3306742 ], [ 69.8908778, 22.3306879 ], [ 69.890915, 22.3306905 ], [ 69.8909512, 22.3306818 ], [ 69.8909823, 22.3306628 ], [ 69.8910051, 22.3306354 ], [ 69.891017, 22.3306026 ], [ 69.8910168, 22.3305681 ], [ 69.8910044, 22.3305355 ], [ 69.8909813, 22.3305083 ], [ 69.8909499, 22.3304896 ], [ 69.8909136, 22.3304813 ], [ 69.8908764, 22.3304844 ], [ 69.8908423, 22.3304985 ] ] ] } },
{ "type": "Feature", "properties": { "osm_type": "way", "osm_id": 578416445, "name": "", "industrial": "", "landuse": "", "man_made": "storage_tank", "power": "" }, "geometry": { "type": "Polygon", "coordinates": [ [ [ 69.8870121, 22.3403333 ], [ 69.8869791, 22.3403561 ], [ 69.8869497, 22.3403829 ], [ 69.8869246, 22.3404131 ], [ 69.8869041, 22.3404462 ], [ 69.8868887, 22.3404815 ], [ 69.8868786, 22.3405185 ], [ 69.8868741, 22.3405564 ], [ 69.8868752, 22.3405945 ], [ 69.8868819, 22.3406322 ], [ 69.8868941, 22.3406686 ], [ 69.8869115, 22.3407032 ], [ 69.8869339, 22.3407352 ], [ 69.8869607, 22.3407641 ], [ 69.8869916, 22.3407894 ], [ 69.8870259, 22.3408106 ], [ 69.887063, 22.3408272 ], [ 69.8871022, 22.340839 ], [ 69.8871428, 22.3408458 ], [ 69.887184, 22.3408473 ], [ 69.887225, 22.3408437 ], [ 69.8872652, 22.340835 ], [ 69.8873036, 22.3408213 ], [ 69.8873397, 22.3408028 ], [ 69.8873727, 22.34078 ], [ 69.8874021, 22.3407532 ], [ 69.8874273, 22.340723 ], [ 69.8874477, 22.3406899 ], [ 69.8874632, 22.3406546 ], [ 69.8874732, 22.3406176 ], [ 69.8874777, 22.3405797 ], [ 69.8874766, 22.3405416 ], [ 69.8874699, 22.3405039 ], [ 69.8874578, 22.3404675 ], [ 69.8874403, 22.3404329 ], [ 69.887418, 22.3404009 ], [ 69.8873911, 22.340372 ], [ 69.8873602, 22.3403467 ], [ 69.8873259, 22.3403255 ], [ 69.8872888, 22.3403089 ], [ 69.8872496, 22.3402971 ], [ 69.8872091, 22.3402903 ], [ 69.8871679, 22.3402887 ], [ 69.8871268, 22.3402924 ], [ 69.8870867, 22.3403011 ], [ 69.8870482, 22.3403148 ], [ 69.8870121, 22.3403333 ] ] ] } },
{ "type": "Feature", "properties": { "osm_type": "way", "osm_id": 578416448, "name": "", "industrial": "", "landuse": "", "man_made": "storage_tank", "power": "" }, "geometry": { "type": "Polygon", "coordinates": [ [ [ 69.8376224, 22.4438815 ], [ 69.8375997, 22.443901 ], [ 69.8375851, 22.4439263 ], [ 69.8375802, 22.4439547 ], [ 69.8375855, 22.4439829 ], [ 69.8376004, 22.4440081 ], [ 69.8376234, 22.4440274 ], [ 69.8376519, 22.4440388 ], [ 69.8376829, 22.444041 ], [ 69.8377129, 22.4440338 ], [ 69.8377388, 22.4440179 ], [ 69.8377577, 22.4439952 ], [ 69.8377676, 22.443968 ], [ 69.8377674, 22.4439393 ], [ 69.8377572, 22.4439122 ], [ 69.8377379, 22.4438896 ], [ 69.8377119, 22.4438741 ], [ 69.8376817, 22.4438672 ], [ 69.8376508, 22.4438698 ], [ 69.8376224, 22.4438815 ] ] ] } },
{ "type": "Feature", "properties": { "osm_type": "way", "osm_id": 578416450, "name": "", "industrial": "", "landuse": "", "man_made": "storage_tank", "power": "" }, "geometry": { "type": "Polygon", "coordinates": [ [ [ 69.8375983, 22.443667 ], [ 69.8375756, 22.4436866 ], [ 69.837561, 22.4437119 ], [ 69.837556, 22.4437402 ], [ 69.8375613, 22.4437685 ], [ 69.8375763, 22.4437937 ], [ 69.8375993, 22.443813 ], [ 69.8376278, 22.4438243 ], [ 69.8376587, 22.4438265 ], [ 69.8376888, 22.4438193 ], [ 69.8377147, 22.4438035 ], [ 69.8377336, 22.4437807 ], [ 69.8377435, 22.4437535 ], [ 69.8377433, 22.4437248 ], [ 69.837733, 22.4436977 ], [ 69.8377138, 22.4436752 ], [ 69.8376877, 22.4436597 ], [ 69.8376576, 22.4436528 ], [ 69.8376266, 22.4436553 ], [ 69.8375983, 22.443667 ] ] ] } },
{ "type": "Feature", "properties": { "osm_type": "way", "osm_id": 578416452, "name": "", "industrial": "", "landuse": "", "man_made": "storage_tank", "power": "" }, "geometry": { "type": "Polygon", "coordinates": [ [ [ 69.8379349, 22.4436447 ], [ 69.8379122, 22.4436643 ], [ 69.8378976, 22.4436896 ], [ 69.8378927, 22.4437179 ], [ 69.837898, 22.4437462 ], [ 69.8379129, 22.4437714 ], [ 69.8379359, 22.4437907 ], [ 69.8379644, 22.443802 ], [ 69.8379953, 22.4438042 ], [ 69.8380254, 22.443797 ], [ 69.8380513, 22.4437812 ], [ 69.8380702, 22.4437584 ], [ 69.8380801, 22.4437312 ], [ 69.8380799, 22.4437025 ], [ 69.8380696, 22.4436754 ], [ 69.8380504, 22.4436529 ], [ 69.8380243, 22.4436373 ], [ 69.8379942, 22.4436305 ], [ 69.8379633, 22.443633 ], [ 69.8379349, 22.4436447 ] ] ] } },
{ "type": "Feature", "properties": { "osm_type": "way", "osm_id": 578416454, "name": "", "industrial": "", "landuse": "", "man_made": "storage_tank", "power": "" }, "geometry": { "type": "Polygon", "coordinates": [ [ [ 69.8379713, 22.4439236 ], [ 69.8379486, 22.4439432 ], [ 69.837934, 22.4439685 ], [ 69.8379291, 22.4439968 ], [ 69.8379344, 22.4440251 ], [ 69.8379493, 22.4440503 ], [ 69.8379723, 22.4440696 ], [ 69.8380008, 22.4440809 ], [ 69.8380317, 22.4440831 ], [ 69.8380618, 22.4440759 ], [ 69.8380877, 22.4440601 ], [ 69.8381066, 22.4440373 ], [ 69.8381165, 22.4440101 ], [ 69.8381163, 22.4439814 ], [ 69.838106, 22.4439543 ], [ 69.8380868, 22.4439318 ], [ 69.8380607, 22.4439162 ], [ 69.8380306, 22.4439094 ], [ 69.8379997, 22.4439119 ], [ 69.8379713, 22.4439236 ] ] ] } },
{ "type": "Feature", "properties": { "osm_type": "way", "osm_id": 578416457, "name": "", "industrial": "", "landuse": "", "man_made": "storage_tank", "power": "" }, "geometry": { "type": "Polygon", "coordinates": [ [ [ 69.8385583, 22.4438907 ], [ 69.8385285, 22.4439165 ], [ 69.8385092, 22.4439498 ], [ 69.8385028, 22.4439871 ], [ 69.8385097, 22.4440243 ], [ 69.8385294, 22.4440574 ], [ 69.8385596, 22.4440828 ], [ 69.8385971, 22.4440978 ], [ 69.8386379, 22.4441006 ], [ 69.8386774, 22.4440911 ], [ 69.8387115, 22.4440703 ], [ 69.8387364, 22.4440404 ], [ 69.8387494, 22.4440046 ], [ 69.8387492, 22.4439668 ], [ 69.8387357, 22.4439312 ], [ 69.8387104, 22.4439015 ], [ 69.838676, 22.443881 ], [ 69.8386364, 22.443872 ], [ 69.8385957, 22.4438753 ], [ 69.8385583, 22.4438907 ] ] ] } },
{ "type": "Feature", "properties": { "osm_type": "way", "osm_id": 578416460, "name": "", "industrial": "", "landuse": "", "man_made": "storage_tank", "power": "" }, "geometry": { "type": "Polygon", "coordinates": [ [ [ 69.8385127, 22.4435771 ], [ 69.8384829, 22.4436029 ], [ 69.8384636, 22.4436362 ], [ 69.8384572, 22.4436735 ], [ 69.8384641, 22.4437107 ], [ 69.8384838, 22.4437438 ], [ 69.838514, 22.4437692 ], [ 69.8385515, 22.4437842 ], [ 69.8385923, 22.443787 ], [ 69.8386318, 22.4437775 ], [ 69.8386659, 22.4437567 ], [ 69.8386908, 22.4437268 ], [ 69.8387038, 22.443691 ], [ 69.8387036, 22.4436532 ], [ 69.8386901, 22.4436176 ], [ 69.8386648, 22.4435879 ], [ 69.8386304, 22.4435674 ], [ 69.8385908, 22.4435584 ], [ 69.8385501, 22.4435617 ], [ 69.8385127, 22.4435771 ] ] ] } },
{ "type": "Feature", "properties": { "osm_type": "way", "osm_id": 578416477, "name": "", "industrial": "", "landuse": "", "man_made": "storage_tank", "power": "" }, "geometry": { "type": "Polygon", "coordinates": [ [ [ 69.8350608, 22.4436324 ], [ 69.8350463, 22.4436722 ], [ 69.8350465, 22.4437142 ], [ 69.8350615, 22.4437539 ], [ 69.8350897, 22.4437869 ], [ 69.8351279, 22.4438097 ], [ 69.835172, 22.4438197 ], [ 69.8352173, 22.443816 ], [ 69.8352588, 22.4437989 ], [ 69.8352921, 22.4437703 ], [ 69.8353135, 22.4437332 ], [ 69.8353207, 22.4436917 ], [ 69.8353129, 22.4436503 ], [ 69.8352911, 22.4436135 ], [ 69.8352574, 22.4435852 ], [ 69.8352157, 22.4435686 ], [ 69.8351704, 22.4435654 ], [ 69.8351264, 22.4435759 ], [ 69.8350885, 22.4435991 ], [ 69.8350608, 22.4436324 ] ] ] } },
{ "type": "Feature", "properties": { "osm_type": "way", "osm_id": 578416480, "name": "", "industrial": "", "landuse": "", "man_made": "storage_tank", "power": "" }, "geometry": { "type": "Polygon", "coordinates": [ [ [ 69.8343849, 22.4436745 ], [ 69.8343703, 22.4437144 ], [ 69.8343706, 22.4437564 ], [ 69.8343856, 22.443796 ], [ 69.8344137, 22.443829 ], [ 69.8344519, 22.4438518 ], [ 69.8344961, 22.4438619 ], [ 69.8345414, 22.4438582 ], [ 69.8345829, 22.4438411 ], [ 69.8346161, 22.4438124 ], [ 69.8346375, 22.4437754 ], [ 69.8346448, 22.4437339 ], [ 69.834637, 22.4436925 ], [ 69.8346152, 22.4436557 ], [ 69.8345815, 22.4436274 ], [ 69.8345398, 22.4436107 ], [ 69.8344945, 22.4436075 ], [ 69.8344505, 22.4436181 ], [ 69.8344126, 22.4436412 ], [ 69.8343849, 22.4436745 ] ] ] } },
{ "type": "Feature", "properties": { "osm_type": "way", "osm_id": 578416482, "name": "", "industrial": "", "landuse": "", "man_made": "storage_tank", "power": "" }, "geometry": { "type": "Polygon", "coordinates": [ [ [ 69.8340053, 22.444976 ], [ 69.8339908, 22.4450159 ], [ 69.8339911, 22.4450579 ], [ 69.8340061, 22.4450975 ], [ 69.8340342, 22.4451305 ], [ 69.8340724, 22.4451533 ], [ 69.8341165, 22.4451634 ], [ 69.8341618, 22.4451597 ], [ 69.8342033, 22.4451426 ], [ 69.8342366, 22.4451139 ], [ 69.834258, 22.4450769 ], [ 69.8342652, 22.4450354 ], [ 69.8342575, 22.444994 ], [ 69.8342356, 22.4449572 ], [ 69.834202, 22.4449289 ], [ 69.8341603, 22.4449122 ], [ 69.8341149, 22.444909 ], [ 69.8340709, 22.4449195 ], [ 69.834033, 22.4449427 ], [ 69.8340053, 22.444976 ] ] ] } },
{ "type": "Feature", "properties": { "osm_type": "way", "osm_id": 578416485, "name": "", "industrial": "", "landuse": "", "man_made": "storage_tank", "power": "" }, "geometry": { "type": "Polygon", "coordinates": [ [ [ 69.8716195, 22.3377561 ], [ 69.8716251, 22.3377328 ], [ 69.8716252, 22.3377089 ], [ 69.8716196, 22.3376855 ], [ 69.8716088, 22.3376638 ], [ 69.8715932, 22.3376447 ], [ 69.8715735, 22.3376292 ], [ 69.8715507, 22.337618 ], [ 69.8715258, 22.3376116 ], [ 69.8715, 22.3376103 ], [ 69.8714745, 22.3376141 ], [ 69.8714504, 22.3376229 ], [ 69.871429, 22.3376363 ], [ 69.8714112, 22.3376536 ], [ 69.8713979, 22.3376741 ], [ 69.8713896, 22.3376968 ], [ 69.8713867, 22.3377205 ], [ 69.8713895, 22.3377443 ], [ 69.8713977, 22.337767 ], [ 69.871411, 22.3377875 ], [ 69.8714288, 22.3378049 ], [ 69.8714501, 22.3378183 ], [ 69.8714742, 22.3378272 ], [ 69.8714997, 22.3378311 ], [ 69.8715255, 22.3378298 ], [ 69.8715504, 22.3378235 ], [ 69.8715732, 22.3378123 ], [ 69.871593, 22.3377968 ], [ 69.8716086, 22.3377778 ], [ 69.8716195, 22.3377561 ] ] ] } },
{ "type": "Feature", "properties": { "osm_type": "way", "osm_id": 578416488, "name": "", "industrial": "", "landuse": "", "man_made": "storage_tank", "power": "" }, "geometry": { "type": "Polygon", "coordinates": [ [ [ 69.8716202, 22.3380805 ], [ 69.8716258, 22.3380572 ], [ 69.8716258, 22.3380333 ], [ 69.8716203, 22.3380099 ], [ 69.8716095, 22.3379882 ], [ 69.8715939, 22.3379691 ], [ 69.8715742, 22.3379536 ], [ 69.8715514, 22.3379424 ], [ 69.8715265, 22.337936 ], [ 69.8715006, 22.3379346 ], [ 69.8714751, 22.3379385 ], [ 69.8714511, 22.3379473 ], [ 69.8714297, 22.3379607 ], [ 69.8714119, 22.337978 ], [ 69.8713985, 22.3379985 ], [ 69.8713902, 22.3380212 ], [ 69.8713874, 22.3380449 ], [ 69.8713902, 22.3380687 ], [ 69.8713984, 22.3380914 ], [ 69.8714117, 22.3381119 ], [ 69.8714294, 22.3381292 ], [ 69.8714508, 22.3381427 ], [ 69.8714748, 22.3381516 ], [ 69.8715003, 22.3381555 ], [ 69.8715261, 22.3381542 ], [ 69.8715511, 22.3381478 ], [ 69.8715739, 22.3381367 ], [ 69.8715936, 22.3381212 ], [ 69.8716093, 22.3381022 ], [ 69.8716202, 22.3380805 ] ] ] } },
{ "type": "Feature", "properties": { "osm_type": "way", "osm_id": 578416491, "name": "", "industrial": "", "landuse": "", "man_made": "storage_tank", "power": "" }, "geometry": { "type": "Polygon", "coordinates": [ [ [ 69.8716135, 22.3384117 ], [ 69.8716191, 22.3383884 ], [ 69.8716191, 22.3383645 ], [ 69.8716136, 22.3383411 ], [ 69.8716028, 22.3383194 ], [ 69.8715872, 22.3383003 ], [ 69.8715675, 22.3382848 ], [ 69.8715447, 22.3382736 ], [ 69.8715198, 22.3382672 ], [ 69.8714939, 22.3382658 ], [ 69.8714684, 22.3382697 ], [ 69.8714444, 22.3382785 ], [ 69.871423, 22.3382919 ], [ 69.8714052, 22.3383092 ], [ 69.8713918, 22.3383297 ], [ 69.8713835, 22.3383524 ], [ 69.8713807, 22.3383761 ], [ 69.8713835, 22.3383999 ], [ 69.8713917, 22.3384226 ], [ 69.871405, 22.3384431 ], [ 69.8714227, 22.3384605 ], [ 69.8714441, 22.3384739 ], [ 69.8714681, 22.3384828 ], [ 69.8714936, 22.3384867 ], [ 69.8715194, 22.3384854 ], [ 69.8715444, 22.338479 ], [ 69.8715672, 22.3384679 ], [ 69.8715869, 22.3384524 ], [ 69.8716026, 22.3384334 ], [ 69.8716135, 22.3384117 ] ] ] } },
{ "type": "Feature", "properties": { "osm_type": "way", "osm_id": 578416495, "name": "", "industrial": "", "landuse": "", "man_made": "storage_tank", "power": "" }, "geometry": { "type": "Polygon", "coordinates": [ [ [ 69.8684438, 22.345048 ], [ 69.8684494, 22.3450247 ], [ 69.8684494, 22.3450008 ], [ 69.8684439, 22.3449774 ], [ 69.8684331, 22.3449557 ], [ 69.8684175, 22.3449366 ], [ 69.8683978, 22.3449211 ], [ 69.8683749, 22.3449099 ], [ 69.86835, 22.3449035 ], [ 69.8683242, 22.3449022 ], [ 69.8682987, 22.344906 ], [ 69.8682747, 22.3449148 ], [ 69.8682533, 22.3449282 ], [ 69.8682355, 22.3449455 ], [ 69.8682221, 22.344966 ], [ 69.8682138, 22.3449887 ], [ 69.868211, 22.3450124 ], [ 69.8682138, 22.3450362 ], [ 69.868222, 22.3450589 ], [ 69.8682353, 22.3450794 ], [ 69.868253, 22.3450968 ], [ 69.8682744, 22.3451102 ], [ 69.8682984, 22.3451191 ], [ 69.8683239, 22.345123 ], [ 69.8683497, 22.3451217 ], [ 69.8683747, 22.3451154 ], [ 69.8683975, 22.3451042 ], [ 69.8684172, 22.3450887 ], [ 69.8684329, 22.3450697 ], [ 69.8684438, 22.345048 ] ] ] } },
{ "type": "Feature", "properties": { "osm_type": "way", "osm_id": 578416498, "name": "", "industrial": "", "landuse": "", "man_made": "storage_tank", "power": "" }, "geometry": { "type": "Polygon", "coordinates": [ [ [ 69.8680501, 22.3452645 ], [ 69.8680557, 22.3452412 ], [ 69.8680557, 22.3452173 ], [ 69.8680502, 22.3451939 ], [ 69.8680393, 22.3451722 ], [ 69.8680237, 22.3451531 ], [ 69.868004, 22.3451376 ], [ 69.8679812, 22.3451264 ], [ 69.8679563, 22.34512 ], [ 69.8679305, 22.3451187 ], [ 69.867905, 22.3451225 ], [ 69.867881, 22.3451313 ], [ 69.8678595, 22.3451447 ], [ 69.8678417, 22.345162 ], [ 69.8678284, 22.3451825 ], [ 69.8678201, 22.3452052 ], [ 69.8678173, 22.3452289 ], [ 69.86782, 22.3452527 ], [ 69.8678283, 22.3452754 ], [ 69.8678416, 22.3452959 ], [ 69.8678593, 22.3453133 ], [ 69.8678807, 22.3453267 ], [ 69.8679047, 22.3453356 ], [ 69.8679302, 22.3453395 ], [ 69.867956, 22.3453382 ], [ 69.8679809, 22.3453319 ], [ 69.8680038, 22.3453207 ], [ 69.8680235, 22.3453052 ], [ 69.8680392, 22.3452862 ], [ 69.8680501, 22.3452645 ] ] ] } },
{ "type": "Feature", "properties": { "osm_type": "way", "osm_id": 578416516, "name": "", "industrial": "cooling", "landuse": "", "man_made": "", "power": "" }, "geometry": { "type": "Polygon", "coordinates": [ [ [ 69.8670736, 22.3249439 ], [ 69.8670753, 22.3251414 ], [ 69.868993, 22.3251274 ], [ 69.8689914, 22.3249299 ], [ 69.8670736, 22.3249439 ] ] ] } },
{ "type": "Feature", "properties": { "osm_type": "way", "osm_id": 578416518, "name": "", "industrial": "", "landuse": "", "man_made": "storage_tank", "power": "" }, "geometry": { "type": "Polygon", "coordinates": [ [ [ 69.8700511, 22.3235822 ], [ 69.8700131, 22.3236246 ], [ 69.8699921, 22.3236761 ], [ 69.8699903, 22.3237311 ], [ 69.8700079, 22.3237837 ], [ 69.870043, 22.3238282 ], [ 69.8700918, 22.3238597 ], [ 69.870149, 22.3238749 ], [ 69.8702084, 22.323872 ], [ 69.8702636, 22.3238515 ], [ 69.8703086, 22.3238154 ], [ 69.8703385, 22.3237678 ], [ 69.8703501, 22.3237138 ], [ 69.8703422, 22.3236593 ], [ 69.8703154, 22.3236101 ], [ 69.8702729, 22.3235716 ], [ 69.8702192, 22.3235479 ], [ 69.87016, 22.3235417 ], [ 69.8701019, 22.3235535 ], [ 69.8700511, 22.3235822 ] ] ] } },
{ "type": "Feature", "properties": { "osm_type": "way", "osm_id": 578416520, "name": "", "industrial": "", "landuse": "", "man_made": "storage_tank", "power": "" }, "geometry": { "type": "Polygon", "coordinates": [ [ [ 69.8696299, 22.3235848 ], [ 69.8695919, 22.3236272 ], [ 69.8695709, 22.3236787 ], [ 69.8695691, 22.3237337 ], [ 69.8695866, 22.3237863 ], [ 69.8696217, 22.3238307 ], [ 69.8696705, 22.3238623 ], [ 69.8697278, 22.3238774 ], [ 69.8697872, 22.3238745 ], [ 69.8698424, 22.323854 ], [ 69.8698874, 22.323818 ], [ 69.8699173, 22.3237704 ], [ 69.8699289, 22.3237164 ], [ 69.8699209, 22.3236618 ], [ 69.8698942, 22.3236126 ], [ 69.8698517, 22.3235741 ], [ 69.869798, 22.3235504 ], [ 69.8697388, 22.3235442 ], [ 69.8696807, 22.3235561 ], [ 69.8696299, 22.3235848 ] ] ] } },
{ "type": "Feature", "properties": { "osm_type": "way", "osm_id": 666443873, "name": "", "industrial": "cooling", "landuse": "", "man_made": "", "power": "" }, "geometry": { "type": "Polygon", "coordinates": [ [ [ 69.8885608, 22.3376717 ], [ 69.8885771, 22.3390047 ], [ 69.8888826, 22.3390015 ], [ 69.8888662, 22.3376685 ], [ 69.8885608, 22.3376717 ] ] ] } },
{ "type": "Feature", "properties": { "osm_type": "way", "osm_id": 666443874, "name": "", "industrial": "cooling", "landuse": "", "man_made": "", "power": "" }, "geometry": { "type": "Polygon", "coordinates": [ [ [ 69.888711, 22.3334838 ], [ 69.8887324, 22.3352304 ], [ 69.8891203, 22.3352264 ], [ 69.8890988, 22.3334797 ], [ 69.888711, 22.3334838 ] ] ] } },
{ "type": "Feature", "properties": { "osm_type": "way", "osm_id": 666443875, "name": "", "industrial": "cooling", "landuse": "", "man_made": "", "power": "" }, "geometry": { "type": "Polygon", "coordinates": [ [ [ 69.8924231, 22.3269834 ], [ 69.8924243, 22.3271429 ], [ 69.8941934, 22.3271323 ], [ 69.8941923, 22.3269728 ], [ 69.8924231, 22.3269834 ] ] ] } },
{ "type": "Feature", "properties": { "osm_type": "way", "osm_id": 666443883, "name": "", "industrial": "cooling", "landuse": "", "man_made": "", "power": "" }, "geometry": { "type": "Polygon", "coordinates": [ [ [ 69.8639531, 22.3078124 ], [ 69.8639972, 22.3093607 ], [ 69.8643575, 22.3093519 ], [ 69.8643135, 22.3078036 ], [ 69.8639531, 22.3078124 ] ] ] } },
{ "type": "Feature", "properties": { "osm_type": "way", "osm_id": 666443884, "name": "", "industrial": "cooling", "landuse": "", "man_made": "", "power": "" }, "geometry": { "type": "Polygon", "coordinates": [ [ [ 69.8640025, 22.313277 ], [ 69.8640239, 22.314607 ], [ 69.8643787, 22.3146021 ], [ 69.8643572, 22.3132721 ], [ 69.8640025, 22.313277 ] ] ] } },
{ "type": "Feature", "properties": { "osm_type": "way", "osm_id": 666443885, "name": "", "industrial": "cooling", "landuse": "", "man_made": "", "power": "" }, "geometry": { "type": "Polygon", "coordinates": [ [ [ 69.861213, 22.3191031 ], [ 69.861213, 22.3194505 ], [ 69.8619318, 22.3194505 ], [ 69.8619318, 22.3191031 ], [ 69.861213, 22.3191031 ] ] ] } },
{ "type": "Feature", "properties": { "osm_type": "way", "osm_id": 666443893, "name": "", "industrial": "cooling", "landuse": "", "man_made": "", "power": "" }, "geometry": { "type": "Polygon", "coordinates": [ [ [ 69.8509403, 22.3362791 ], [ 69.8508224, 22.3362833 ], [ 69.8508326, 22.3365337 ], [ 69.8509505, 22.3365295 ], [ 69.8509403, 22.3362791 ] ] ] } },
{ "type": "Feature", "properties": { "osm_type": "way", "osm_id": 666443894, "name": "", "industrial": "cooling", "landuse": "", "man_made": "", "power": "" }, "geometry": { "type": "Polygon", "coordinates": [ [ [ 69.8509296, 22.3354604 ], [ 69.8508116, 22.3354645 ], [ 69.8508219, 22.3357149 ], [ 69.8509398, 22.3357108 ], [ 69.8509296, 22.3354604 ] ] ] } },
{ "type": "Feature", "properties": { "osm_type": "way", "osm_id": 666443896, "name": "", "industrial": "cooling", "landuse": "", "man_made": "", "power": "" }, "geometry": { "type": "Polygon", "coordinates": [ [ [ 69.852815, 22.3337096 ], [ 69.8528138, 22.3338187 ], [ 69.8530847, 22.3338212 ], [ 69.8530859, 22.333712 ], [ 69.852815, 22.3337096 ] ] ] } },
{ "type": "Feature", "properties": { "osm_type": "way", "osm_id": 666443897, "name": "", "industrial": "cooling", "landuse": "", "man_made": "", "power": "" }, "geometry": { "type": "Polygon", "coordinates": [ [ [ 69.862487, 22.3368033 ], [ 69.8624882, 22.3369985 ], [ 69.8637733, 22.3369916 ], [ 69.863772, 22.3367965 ], [ 69.862487, 22.3368033 ] ] ] } },
{ "type": "Feature", "properties": { "osm_type": "way", "osm_id": 666443898, "name": "", "industrial": "cooling", "landuse": "", "man_made": "", "power": "" }, "geometry": { "type": "Polygon", "coordinates": [ [ [ 69.8609179, 22.3279907 ], [ 69.8609188, 22.3281858 ], [ 69.8613095, 22.3281843 ], [ 69.8613086, 22.3279892 ], [ 69.8609179, 22.3279907 ] ] ] } },
{ "type": "Feature", "properties": { "osm_type": "way", "osm_id": 666443899, "name": "", "industrial": "cooling", "landuse": "", "man_made": "", "power": "" }, "geometry": { "type": "Polygon", "coordinates": [ [ [ 69.8606819, 22.3316677 ], [ 69.8606861, 22.3318593 ], [ 69.8616628, 22.3318408 ], [ 69.8616586, 22.3316492 ], [ 69.8606819, 22.3316677 ] ] ] } },
{ "type": "Feature", "properties": { "osm_type": "way", "osm_id": 666443900, "name": "", "industrial": "cooling", "landuse": "", "man_made": "", "power": "" }, "geometry": { "type": "Polygon", "coordinates": [ [ [ 69.8638093, 22.3299359 ], [ 69.8639449, 22.3299377 ], [ 69.8639489, 22.3296895 ], [ 69.8638133, 22.3296877 ], [ 69.8638093, 22.3299359 ] ] ] } },
{ "type": "Feature", "properties": { "osm_type": "way", "osm_id": 666443901, "name": "", "industrial": "cooling", "landuse": "", "man_made": "", "power": "" }, "geometry": { "type": "Polygon", "coordinates": [ [ [ 69.8650271, 22.3301046 ], [ 69.8661122, 22.3300841 ], [ 69.8661078, 22.3298863 ], [ 69.8650227, 22.3299069 ], [ 69.8650271, 22.3301046 ] ] ] } },
{ "type": "Feature", "properties": { "osm_type": "way", "osm_id": 666443902, "name": "", "industrial": "cooling", "landuse": "", "man_made": "", "power": "" }, "geometry": { "type": "Polygon", "coordinates": [ [ [ 69.871105, 22.3248943 ], [ 69.8711318, 22.3268891 ], [ 69.8713252, 22.3268869 ], [ 69.8712984, 22.3248921 ], [ 69.871105, 22.3248943 ] ] ] } },
{ "type": "Feature", "properties": { "osm_type": "way", "osm_id": 666443903, "name": "", "industrial": "cooling", "landuse": "", "man_made": "", "power": "" }, "geometry": { "type": "Polygon", "coordinates": [ [ [ 69.8781538, 22.3177434 ], [ 69.8781538, 22.3178625 ], [ 69.878422, 22.3178625 ], [ 69.878422, 22.3177434 ], [ 69.8781538, 22.3177434 ] ] ] } },
{ "type": "Feature", "properties": { "osm_type": "way", "osm_id": 666443904, "name": "", "industrial": "cooling", "landuse": "", "man_made": "", "power": "" }, "geometry": { "type": "Polygon", "coordinates": [ [ [ 69.8768127, 22.3192322 ], [ 69.8768144, 22.3194006 ], [ 69.8779731, 22.3193907 ], [ 69.8779714, 22.3192222 ], [ 69.8768127, 22.3192322 ] ] ] } },
{ "type": "Feature", "properties": { "osm_type": "way", "osm_id": 666443905, "name": "", "industrial": "cooling", "landuse": "", "man_made": "", "power": "" }, "geometry": { "type": "Polygon", "coordinates": [ [ [ 69.8717165, 22.3088005 ], [ 69.8717165, 22.3091479 ], [ 69.8728001, 22.3091479 ], [ 69.8728001, 22.3088005 ], [ 69.8717165, 22.3088005 ] ] ] } },
{ "type": "Feature", "properties": { "osm_type": "way", "osm_id": 666443906, "name": "", "industrial": "cooling", "landuse": "", "man_made": "", "power": "" }, "geometry": { "type": "Polygon", "coordinates": [ [ [ 69.8502722, 22.32973 ], [ 69.8502744, 22.3299034 ], [ 69.8507331, 22.3298984 ], [ 69.8507309, 22.329725 ], [ 69.8502722, 22.32973 ] ] ] } },
{ "type": "Feature", "properties": { "osm_type": "way", "osm_id": 666443907, "name": "", "industrial": "cooling", "landuse": "", "man_made": "", "power": "" }, "geometry": { "type": "Polygon", "coordinates": [ [ [ 69.8520881, 22.3308911 ], [ 69.85209, 22.3310968 ], [ 69.8530448, 22.3310894 ], [ 69.853043, 22.3308837 ], [ 69.8520881, 22.3308911 ] ] ] } },
{ "type": "Feature", "properties": { "osm_type": "way", "osm_id": 666443908, "name": "", "industrial": "cooling", "landuse": "", "man_made": "", "power": "" }, "geometry": { "type": "Polygon", "coordinates": [ [ [ 69.854309, 22.3334069 ], [ 69.854317, 22.3338758 ], [ 69.8544865, 22.3338733 ], [ 69.8544784, 22.3334044 ], [ 69.854309, 22.3334069 ] ] ] } },
{ "type": "Feature", "properties": { "osm_type": "way", "osm_id": 666443909, "name": "", "industrial": "cooling", "landuse": "", "man_made": "", "power": "" }, "geometry": { "type": "Polygon", "coordinates": [ [ [ 69.8554569, 22.3339254 ], [ 69.8555862, 22.3339214 ], [ 69.8555754, 22.3336262 ], [ 69.8554462, 22.3336302 ], [ 69.8554569, 22.3339254 ] ] ] } },
{ "type": "Feature", "properties": { "osm_type": "way", "osm_id": 666443910, "name": "", "industrial": "cooling", "landuse": "", "man_made": "", "power": "" }, "geometry": { "type": "Polygon", "coordinates": [ [ [ 69.8566318, 22.3356571 ], [ 69.8567498, 22.3356571 ], [ 69.8567498, 22.3353545 ], [ 69.8566318, 22.3353545 ], [ 69.8566318, 22.3356571 ] ] ] } },
{ "type": "Feature", "properties": { "osm_type": "way", "osm_id": 666443911, "name": "", "industrial": "cooling", "landuse": "", "man_made": "", "power": "" }, "geometry": { "type": "Polygon", "coordinates": [ [ [ 69.8566532, 22.3364858 ], [ 69.856782, 22.3364858 ], [ 69.856782, 22.3362402 ], [ 69.8566532, 22.3362402 ], [ 69.8566532, 22.3364858 ] ] ] } },
{ "type": "Feature", "properties": { "osm_type": "way", "osm_id": 666443912, "name": "", "industrial": "cooling", "landuse": "", "man_made": "", "power": "" }, "geometry": { "type": "Polygon", "coordinates": [ [ [ 69.8581097, 22.3393562 ], [ 69.858107, 22.3402295 ], [ 69.858308, 22.34023 ], [ 69.8583107, 22.3393568 ], [ 69.8581097, 22.3393562 ] ] ] } },
{ "type": "Feature", "properties": { "osm_type": "way", "osm_id": 666443913, "name": "", "industrial": "cooling", "landuse": "", "man_made": "", "power": "" }, "geometry": { "type": "Polygon", "coordinates": [ [ [ 69.857332, 22.3435907 ], [ 69.8567556, 22.3436136 ], [ 69.8567651, 22.3438196 ], [ 69.8573415, 22.3437967 ], [ 69.857332, 22.3435907 ] ] ] } },
{ "type": "Feature", "properties": { "osm_type": "way", "osm_id": 684109100, "name": "", "industrial": "", "landuse": "industrial", "man_made": "", "power": "" }, "geometry": { "type": "Polygon", "coordinates": [ [ [ 69.8083768, 22.3861709 ], [ 69.8086894, 22.3863751 ], [ 69.8085657, 22.3870699 ], [ 69.8081666, 22.3877473 ], [ 69.8085077, 22.3882636 ], [ 69.8094933, 22.3891819 ], [ 69.8102409, 22.3898221 ], [ 69.8112725, 22.3902119 ], [ 69.811889, 22.3903133 ], [ 69.8127219, 22.3904302 ], [ 69.8132109, 22.3904571 ], [ 69.8139649, 22.3902837 ], [ 69.8138143, 22.3892963 ], [ 69.8138743, 22.388825 ], [ 69.8138078, 22.3883402 ], [ 69.8134506, 22.387635 ], [ 69.811472, 22.384996 ], [ 69.8113296, 22.3847083 ], [ 69.8112846, 22.3843202 ], [ 69.811101, 22.3840084 ], [ 69.8096563, 22.3839858 ], [ 69.8095986, 22.3837544 ], [ 69.8086557, 22.3837207 ], [ 69.8085414, 22.3838126 ], [ 69.8085226, 22.385793 ], [ 69.8083768, 22.3861709 ] ] ] } },
{ "type": "Feature", "properties": { "osm_type": "way", "osm_id": 688584478, "name": "", "industrial": "cooling", "landuse": "", "man_made": "", "power": "" }, "geometry": { "type": "Polygon", "coordinates": [ [ [ 69.7377746, 22.3183996 ], [ 69.737695, 22.3185138 ], [ 69.7379553, 22.318669 ], [ 69.7380349, 22.3185548 ], [ 69.7377746, 22.3183996 ] ] ] } },
{ "type": "Feature", "properties": { "osm_type": "way", "osm_id": 688584480, "name": "", "industrial": "", "landuse": "", "man_made": "storage_tank", "power": "" }, "geometry": { "type": "Polygon", "coordinates": [ [ [ 69.741633, 22.3262903 ], [ 69.7416037, 22.3263019 ], [ 69.7415773, 22.3263185 ], [ 69.741555, 22.3263395 ], [ 69.7415376, 22.3263642 ], [ 69.7415256, 22.3263915 ], [ 69.7415197, 22.3264205 ], [ 69.74152, 22.32645 ], [ 69.7415265, 22.3264788 ], [ 69.741539, 22.326506 ], [ 69.741557, 22.3265303 ], [ 69.7415797, 22.326551 ], [ 69.7416064, 22.3265671 ], [ 69.741636, 22.3265781 ], [ 69.7416673, 22.3265836 ], [ 69.7416991, 22.3265833 ], [ 69.7417303, 22.3265773 ], [ 69.7417597, 22.3265658 ], [ 69.741786, 22.3265492 ], [ 69.7418083, 22.3265281 ], [ 69.7418258, 22.3265035 ], [ 69.7418377, 22.3264761 ], [ 69.7418436, 22.3264471 ], [ 69.7418433, 22.3264177 ], [ 69.7418368, 22.3263888 ], [ 69.7418243, 22.3263617 ], [ 69.7418063, 22.3263373 ], [ 69.7417836, 22.3263167 ], [ 69.7417569, 22.3263005 ], [ 69.7417274, 22.3262895 ], [ 69.7416961, 22.326284 ], [ 69.7416642, 22.3262843 ], [ 69.741633, 22.3262903 ] ] ] } },
{ "type": "Feature", "properties": { "osm_type": "way", "osm_id": 688584484, "name": "", "industrial": "", "landuse": "", "man_made": "storage_tank", "power": "" }, "geometry": { "type": "Polygon", "coordinates": [ [ [ 69.7414184, 22.3265769 ], [ 69.7413891, 22.3265884 ], [ 69.7413628, 22.3266051 ], [ 69.7413404, 22.3266261 ], [ 69.741323, 22.3266508 ], [ 69.7413111, 22.3266781 ], [ 69.7413052, 22.3267071 ], [ 69.7413055, 22.3267366 ], [ 69.741312, 22.3267654 ], [ 69.7413244, 22.3267925 ], [ 69.7413424, 22.3268169 ], [ 69.7413652, 22.3268375 ], [ 69.7413918, 22.3268537 ], [ 69.7414214, 22.3268647 ], [ 69.7414527, 22.3268702 ], [ 69.7414846, 22.3268699 ], [ 69.7415158, 22.3268639 ], [ 69.7415451, 22.3268523 ], [ 69.7415714, 22.3268357 ], [ 69.7415937, 22.3268147 ], [ 69.7416112, 22.32679 ], [ 69.7416231, 22.3267627 ], [ 69.741629, 22.3267337 ], [ 69.7416287, 22.3267042 ], [ 69.7416222, 22.3266754 ], [ 69.7416097, 22.3266482 ], [ 69.7415918, 22.3266239 ], [ 69.741569, 22.3266032 ], [ 69.7415424, 22.3265871 ], [ 69.7415128, 22.3265761 ], [ 69.7414815, 22.3265706 ], [ 69.7414496, 22.3265709 ], [ 69.7414184, 22.3265769 ] ] ] } },
{ "type": "Feature", "properties": { "osm_type": "way", "osm_id": 688584487, "name": "", "industrial": "", "landuse": "", "man_made": "storage_tank", "power": "" }, "geometry": { "type": "Polygon", "coordinates": [ [ [ 69.7410724, 22.3263809 ], [ 69.7410431, 22.3263924 ], [ 69.7410168, 22.326409 ], [ 69.7409944, 22.3264301 ], [ 69.740977, 22.3264548 ], [ 69.7409651, 22.3264821 ], [ 69.7409591, 22.3265111 ], [ 69.7409595, 22.3265405 ], [ 69.740966, 22.3265694 ], [ 69.7409784, 22.3265965 ], [ 69.7409964, 22.3266209 ], [ 69.7410191, 22.3266415 ], [ 69.7410458, 22.3266577 ], [ 69.7410754, 22.3266687 ], [ 69.7411067, 22.3266742 ], [ 69.7411386, 22.3266739 ], [ 69.7411698, 22.3266679 ], [ 69.7411991, 22.3266563 ], [ 69.7412254, 22.3266397 ], [ 69.7412477, 22.3266187 ], [ 69.7412652, 22.326594 ], [ 69.7412771, 22.3265667 ], [ 69.741283, 22.3265377 ], [ 69.7412827, 22.3265082 ], [ 69.7412762, 22.3264794 ], [ 69.7412637, 22.3264522 ], [ 69.7412458, 22.3264279 ], [ 69.741223, 22.3264072 ], [ 69.7411964, 22.3263911 ], [ 69.7411668, 22.3263801 ], [ 69.7411355, 22.3263746 ], [ 69.7411036, 22.3263749 ], [ 69.7410724, 22.3263809 ] ] ] } },
{ "type": "Feature", "properties": { "osm_type": "way", "osm_id": 688584490, "name": "", "industrial": "", "landuse": "", "man_made": "storage_tank", "power": "" }, "geometry": { "type": "Polygon", "coordinates": [ [ [ 69.7412785, 22.3260767 ], [ 69.7412491, 22.3260882 ], [ 69.7412228, 22.3261048 ], [ 69.7412005, 22.3261259 ], [ 69.741183, 22.3261505 ], [ 69.7411711, 22.3261779 ], [ 69.7411652, 22.3262068 ], [ 69.7411655, 22.3262363 ], [ 69.741172, 22.3262652 ], [ 69.7411845, 22.3262923 ], [ 69.7412024, 22.3263167 ], [ 69.7412252, 22.3263373 ], [ 69.7412519, 22.3263535 ], [ 69.7412814, 22.3263645 ], [ 69.7413127, 22.32637 ], [ 69.7413446, 22.3263697 ], [ 69.7413758, 22.3263636 ], [ 69.7414051, 22.3263521 ], [ 69.7414314, 22.3263355 ], [ 69.7414538, 22.3263145 ], [ 69.7414712, 22.3262898 ], [ 69.7414831, 22.3262624 ], [ 69.7414891, 22.3262335 ], [ 69.7414888, 22.326204 ], [ 69.7414822, 22.3261751 ], [ 69.7414698, 22.326148 ], [ 69.7414518, 22.3261237 ], [ 69.7414291, 22.326103 ], [ 69.7414024, 22.3260869 ], [ 69.7413728, 22.3260758 ], [ 69.7413415, 22.3260704 ], [ 69.7413096, 22.3260706 ], [ 69.7412785, 22.3260767 ] ] ] } },
{ "type": "Feature", "properties": { "osm_type": "way", "osm_id": 688584495, "name": "", "industrial": "cooling", "landuse": "", "man_made": "", "power": "" }, "geometry": { "type": "Polygon", "coordinates": [ [ [ 69.740822, 22.3368232 ], [ 69.7409351, 22.3368919 ], [ 69.7411712, 22.3365595 ], [ 69.741058, 22.3364907 ], [ 69.740822, 22.3368232 ] ] ] } },
{ "type": "Feature", "properties": { "osm_type": "way", "osm_id": 688584528, "name": "", "industrial": "", "landuse": "", "man_made": "storage_tank", "power": "" }, "geometry": { "type": "Polygon", "coordinates": [ [ [ 69.7536641, 22.3323836 ], [ 69.7536299, 22.3324005 ], [ 69.7536001, 22.3324235 ], [ 69.753576, 22.3324515 ], [ 69.7535584, 22.3324835 ], [ 69.7535481, 22.332518 ], [ 69.7535455, 22.3325538 ], [ 69.7535508, 22.3325893 ], [ 69.7535637, 22.3326232 ], [ 69.7535837, 22.3326539 ], [ 69.75361, 22.3326802 ], [ 69.7536415, 22.3327012 ], [ 69.7536769, 22.3327158 ], [ 69.7537147, 22.3327236 ], [ 69.7537535, 22.3327241 ], [ 69.7537916, 22.3327174 ], [ 69.7538274, 22.3327038 ], [ 69.7538596, 22.3326837 ], [ 69.7538867, 22.3326581 ], [ 69.7539077, 22.332628 ], [ 69.7539217, 22.3325946 ], [ 69.7539282, 22.3325592 ], [ 69.7539268, 22.3325234 ], [ 69.7539177, 22.3324885 ], [ 69.7539011, 22.3324561 ], [ 69.7538779, 22.3324274 ], [ 69.7538488, 22.3324036 ], [ 69.7538152, 22.3323857 ], [ 69.7537784, 22.3323745 ], [ 69.7537399, 22.3323703 ], [ 69.7537013, 22.3323734 ], [ 69.7536641, 22.3323836 ] ] ] } },
{ "type": "Feature", "properties": { "osm_type": "way", "osm_id": 688584529, "name": "", "industrial": "", "landuse": "", "man_made": "storage_tank", "power": "" }, "geometry": { "type": "Polygon", "coordinates": [ [ [ 69.7532814, 22.3329254 ], [ 69.7532472, 22.3329423 ], [ 69.7532174, 22.3329652 ], [ 69.7531932, 22.3329933 ], [ 69.7531756, 22.3330252 ], [ 69.7531653, 22.3330598 ], [ 69.7531628, 22.3330956 ], [ 69.753168, 22.3331311 ], [ 69.753181, 22.3331649 ], [ 69.753201, 22.3331956 ], [ 69.7532272, 22.333222 ], [ 69.7532587, 22.3332429 ], [ 69.7532941, 22.3332576 ], [ 69.753332, 22.3332653 ], [ 69.7533707, 22.3332659 ], [ 69.7534088, 22.3332592 ], [ 69.7534447, 22.3332455 ], [ 69.7534768, 22.3332255 ], [ 69.753504, 22.3331999 ], [ 69.753525, 22.3331697 ], [ 69.753539, 22.3331363 ], [ 69.7535454, 22.3331009 ], [ 69.7535441, 22.3330651 ], [ 69.7535349, 22.3330303 ], [ 69.7535184, 22.3329978 ], [ 69.7534951, 22.3329691 ], [ 69.7534661, 22.3329454 ], [ 69.7534325, 22.3329275 ], [ 69.7533957, 22.3329162 ], [ 69.7533571, 22.3329121 ], [ 69.7533185, 22.3329151 ], [ 69.7532814, 22.3329254 ] ] ] } },
{ "type": "Feature", "properties": { "osm_type": "way", "osm_id": 688584530, "name": "", "industrial": "", "landuse": "", "man_made": "storage_tank", "power": "" }, "geometry": { "type": "Polygon", "coordinates": [ [ [ 69.7522045, 22.3350392 ], [ 69.7521757, 22.3350544 ], [ 69.7521514, 22.3350751 ], [ 69.7521326, 22.3351003 ], [ 69.7521204, 22.3351288 ], [ 69.7521154, 22.335159 ], [ 69.7521177, 22.3351895 ], [ 69.7521273, 22.3352188 ], [ 69.7521437, 22.3352454 ], [ 69.7521661, 22.3352679 ], [ 69.7521934, 22.3352852 ], [ 69.7522242, 22.3352965 ], [ 69.7522568, 22.3353012 ], [ 69.7522898, 22.3352991 ], [ 69.7523215, 22.3352902 ], [ 69.7523502, 22.335275 ], [ 69.7523746, 22.3352542 ], [ 69.7523933, 22.335229 ], [ 69.7524055, 22.3352006 ], [ 69.7524106, 22.3351703 ], [ 69.7524083, 22.3351398 ], [ 69.7523986, 22.3351105 ], [ 69.7523822, 22.335084 ], [ 69.7523598, 22.3350615 ], [ 69.7523326, 22.3350441 ], [ 69.7523018, 22.3350328 ], [ 69.7522691, 22.3350281 ], [ 69.7522361, 22.3350303 ], [ 69.7522045, 22.3350392 ] ] ] } },
{ "type": "Feature", "properties": { "osm_type": "way", "osm_id": 688584531, "name": "", "industrial": "", "landuse": "", "man_made": "storage_tank", "power": "" }, "geometry": { "type": "Polygon", "coordinates": [ [ [ 69.7518745, 22.3348295 ], [ 69.7518458, 22.3348447 ], [ 69.7518215, 22.3348655 ], [ 69.7518027, 22.3348907 ], [ 69.7517905, 22.3349191 ], [ 69.7517854, 22.3349494 ], [ 69.7517878, 22.3349799 ], [ 69.7517974, 22.3350092 ], [ 69.7518138, 22.3350357 ], [ 69.7518362, 22.3350582 ], [ 69.7518635, 22.3350756 ], [ 69.7518942, 22.3350869 ], [ 69.7519269, 22.3350916 ], [ 69.7519599, 22.3350894 ], [ 69.7519916, 22.3350805 ], [ 69.7520203, 22.3350653 ], [ 69.7520447, 22.3350446 ], [ 69.7520634, 22.3350194 ], [ 69.7520756, 22.3349909 ], [ 69.7520807, 22.3349607 ], [ 69.7520784, 22.3349302 ], [ 69.7520687, 22.3349009 ], [ 69.7520523, 22.3348743 ], [ 69.7520299, 22.3348518 ], [ 69.7520026, 22.3348345 ], [ 69.7519719, 22.3348232 ], [ 69.7519392, 22.3348185 ], [ 69.7519062, 22.3348206 ], [ 69.7518745, 22.3348295 ] ] ] } },
{ "type": "Feature", "properties": { "osm_type": "way", "osm_id": 688584532, "name": "", "industrial": "", "landuse": "", "man_made": "storage_tank", "power": "" }, "geometry": { "type": "Polygon", "coordinates": [ [ [ 69.7515969, 22.3352029 ], [ 69.7515682, 22.3352181 ], [ 69.7515439, 22.3352388 ], [ 69.7515251, 22.3352641 ], [ 69.7515129, 22.3352925 ], [ 69.7515078, 22.3353227 ], [ 69.7515102, 22.3353533 ], [ 69.7515198, 22.3353825 ], [ 69.7515362, 22.3354091 ], [ 69.7515586, 22.3354316 ], [ 69.7515859, 22.335449 ], [ 69.7516166, 22.3354603 ], [ 69.7516493, 22.335465 ], [ 69.7516823, 22.3354628 ], [ 69.751714, 22.3354539 ], [ 69.7517427, 22.3354387 ], [ 69.751767, 22.335418 ], [ 69.7517858, 22.3353928 ], [ 69.751798, 22.3353643 ], [ 69.7518031, 22.3353341 ], [ 69.7518007, 22.3353036 ], [ 69.7517911, 22.3352743 ], [ 69.7517747, 22.3352477 ], [ 69.7517523, 22.3352252 ], [ 69.751725, 22.3352079 ], [ 69.7516943, 22.3351966 ], [ 69.7516616, 22.3351919 ], [ 69.7516286, 22.335194 ], [ 69.7515969, 22.3352029 ] ] ] } },
{ "type": "Feature", "properties": { "osm_type": "way", "osm_id": 688584533, "name": "", "industrial": "", "landuse": "", "man_made": "storage_tank", "power": "" }, "geometry": { "type": "Polygon", "coordinates": [ [ [ 69.7519003, 22.3372684 ], [ 69.7518666, 22.3372846 ], [ 69.751837, 22.3373065 ], [ 69.7518125, 22.3373333 ], [ 69.7517942, 22.337364 ], [ 69.7517827, 22.3373975 ], [ 69.7517784, 22.3374323 ], [ 69.7517816, 22.3374673 ], [ 69.7517922, 22.337501 ], [ 69.7518096, 22.3375322 ], [ 69.7518333, 22.3375596 ], [ 69.7518623, 22.3375823 ], [ 69.7518955, 22.3375992 ], [ 69.7519316, 22.3376099 ], [ 69.7519694, 22.3376138 ], [ 69.7520072, 22.3376108 ], [ 69.7520436, 22.3376011 ], [ 69.7520773, 22.3375849 ], [ 69.752107, 22.337563 ], [ 69.7521314, 22.3375362 ], [ 69.7521498, 22.3375055 ], [ 69.7521613, 22.337472 ], [ 69.7521655, 22.3374372 ], [ 69.7521623, 22.3374022 ], [ 69.7521518, 22.3373685 ], [ 69.7521343, 22.3373373 ], [ 69.7521107, 22.3373099 ], [ 69.7520816, 22.3372872 ], [ 69.7520484, 22.3372703 ], [ 69.7520123, 22.3372596 ], [ 69.7519746, 22.3372557 ], [ 69.7519368, 22.3372587 ], [ 69.7519003, 22.3372684 ] ] ] } },
{ "type": "Feature", "properties": { "osm_type": "way", "osm_id": 688584534, "name": "", "industrial": "", "landuse": "", "man_made": "storage_tank", "power": "" }, "geometry": { "type": "Polygon", "coordinates": [ [ [ 69.7522047, 22.3368492 ], [ 69.752171, 22.3368653 ], [ 69.7521414, 22.3368872 ], [ 69.7521169, 22.336914 ], [ 69.7520986, 22.3369447 ], [ 69.7520871, 22.3369782 ], [ 69.7520829, 22.3370131 ], [ 69.7520861, 22.337048 ], [ 69.7520966, 22.3370817 ], [ 69.752114, 22.3371129 ], [ 69.7521377, 22.3371403 ], [ 69.7521667, 22.337163 ], [ 69.7521999, 22.3371799 ], [ 69.7522361, 22.3371906 ], [ 69.7522738, 22.3371945 ], [ 69.7523116, 22.3371915 ], [ 69.752348, 22.3371818 ], [ 69.7523817, 22.3371657 ], [ 69.7524114, 22.3371438 ], [ 69.7524359, 22.3371169 ], [ 69.7524542, 22.3370862 ], [ 69.7524657, 22.3370528 ], [ 69.7524699, 22.3370179 ], [ 69.7524667, 22.3369829 ], [ 69.7524562, 22.3369492 ], [ 69.7524388, 22.336918 ], [ 69.7524151, 22.3368906 ], [ 69.7523861, 22.336868 ], [ 69.7523529, 22.336851 ], [ 69.7523167, 22.3368404 ], [ 69.752279, 22.3368365 ], [ 69.7522412, 22.3368394 ], [ 69.7522047, 22.3368492 ] ] ] } },
{ "type": "Feature", "properties": { "osm_type": "way", "osm_id": 688584535, "name": "", "industrial": "", "landuse": "", "man_made": "storage_tank", "power": "" }, "geometry": { "type": "Polygon", "coordinates": [ [ [ 69.7527492, 22.33609 ], [ 69.7527155, 22.3361061 ], [ 69.7526859, 22.336128 ], [ 69.7526614, 22.3361548 ], [ 69.7526431, 22.3361856 ], [ 69.7526316, 22.336219 ], [ 69.7526273, 22.3362539 ], [ 69.7526306, 22.3362889 ], [ 69.7526411, 22.3363226 ], [ 69.7526585, 22.3363537 ], [ 69.7526822, 22.3363812 ], [ 69.7527112, 22.3364038 ], [ 69.7527444, 22.3364208 ], [ 69.7527806, 22.3364314 ], [ 69.7528183, 22.3364353 ], [ 69.7528561, 22.3364323 ], [ 69.7528925, 22.3364226 ], [ 69.7529262, 22.3364065 ], [ 69.7529559, 22.3363846 ], [ 69.7529803, 22.3363578 ], [ 69.7529987, 22.336327 ], [ 69.7530102, 22.3362936 ], [ 69.7530144, 22.3362587 ], [ 69.7530112, 22.3362237 ], [ 69.7530007, 22.33619 ], [ 69.7529832, 22.3361588 ], [ 69.7529596, 22.3361314 ], [ 69.7529306, 22.3361088 ], [ 69.7528973, 22.3360918 ], [ 69.7528612, 22.3360812 ], [ 69.7528235, 22.3360773 ], [ 69.7527857, 22.3360803 ], [ 69.7527492, 22.33609 ] ] ] } },
{ "type": "Feature", "properties": { "osm_type": "way", "osm_id": 688584536, "name": "", "industrial": "", "landuse": "", "man_made": "storage_tank", "power": "" }, "geometry": { "type": "Polygon", "coordinates": [ [ [ 69.7530993, 22.3356074 ], [ 69.7530656, 22.3356236 ], [ 69.7530359, 22.3356455 ], [ 69.7530114, 22.3356723 ], [ 69.7529931, 22.335703 ], [ 69.7529816, 22.3357365 ], [ 69.7529774, 22.3357713 ], [ 69.7529806, 22.3358063 ], [ 69.7529911, 22.33584 ], [ 69.7530085, 22.3358712 ], [ 69.7530322, 22.3358986 ], [ 69.7530612, 22.3359213 ], [ 69.7530944, 22.3359382 ], [ 69.7531306, 22.3359489 ], [ 69.7531683, 22.3359528 ], [ 69.7532061, 22.3359498 ], [ 69.7532426, 22.3359401 ], [ 69.7532763, 22.3359239 ], [ 69.7533059, 22.335902 ], [ 69.7533304, 22.3358752 ], [ 69.7533487, 22.3358445 ], [ 69.7533602, 22.335811 ], [ 69.7533644, 22.3357762 ], [ 69.7533612, 22.3357412 ], [ 69.7533507, 22.3357075 ], [ 69.7533333, 22.3356763 ], [ 69.7533096, 22.3356489 ], [ 69.7532806, 22.3356262 ], [ 69.7532474, 22.3356093 ], [ 69.7532112, 22.3355986 ], [ 69.7531735, 22.3355947 ], [ 69.7531357, 22.3355977 ], [ 69.7530993, 22.3356074 ] ] ] } },
{ "type": "Feature", "properties": { "osm_type": "way", "osm_id": 688584537, "name": "", "industrial": "", "landuse": "", "man_made": "storage_tank", "power": "" }, "geometry": { "type": "Polygon", "coordinates": [ [ [ 69.7561773, 22.3375223 ], [ 69.7561329, 22.3375436 ], [ 69.7560939, 22.3375724 ], [ 69.7560617, 22.3376077 ], [ 69.7560376, 22.3376481 ], [ 69.7560225, 22.3376921 ], [ 69.7560169, 22.337738 ], [ 69.7560211, 22.337784 ], [ 69.756035, 22.3378283 ], [ 69.7560579, 22.3378694 ], [ 69.7560891, 22.3379054 ], [ 69.7561272, 22.3379352 ], [ 69.7561709, 22.3379575 ], [ 69.7562185, 22.3379715 ], [ 69.7562681, 22.3379767 ], [ 69.7563178, 22.3379728 ], [ 69.7563658, 22.3379599 ], [ 69.7564101, 22.3379387 ], [ 69.7564492, 22.3379099 ], [ 69.7564813, 22.3378746 ], [ 69.7565055, 22.3378342 ], [ 69.7565206, 22.3377902 ], [ 69.7565262, 22.3377443 ], [ 69.7565219, 22.3376983 ], [ 69.7565081, 22.337654 ], [ 69.7564852, 22.3376129 ], [ 69.756454, 22.3375769 ], [ 69.7564158, 22.3375471 ], [ 69.7563721, 22.3375248 ], [ 69.7563246, 22.3375108 ], [ 69.756275, 22.3375056 ], [ 69.7562252, 22.3375095 ], [ 69.7561773, 22.3375223 ] ] ] } },
{ "type": "Feature", "properties": { "osm_type": "way", "osm_id": 688584538, "name": "", "industrial": "", "landuse": "", "man_made": "storage_tank", "power": "" }, "geometry": { "type": "Polygon", "coordinates": [ [ [ 69.756829, 22.3379243 ], [ 69.7567847, 22.3379455 ], [ 69.7567457, 22.3379743 ], [ 69.7567135, 22.3380096 ], [ 69.7566894, 22.33805 ], [ 69.7566743, 22.338094 ], [ 69.7566687, 22.3381399 ], [ 69.7566729, 22.3381859 ], [ 69.7566868, 22.3382303 ], [ 69.7567097, 22.3382713 ], [ 69.7567408, 22.3383073 ], [ 69.756779, 22.3383371 ], [ 69.7568227, 22.3383594 ], [ 69.7568703, 22.3383734 ], [ 69.7569199, 22.3383786 ], [ 69.7569696, 22.3383747 ], [ 69.7570176, 22.3383619 ], [ 69.7570619, 22.3383406 ], [ 69.7571009, 22.3383118 ], [ 69.7571331, 22.3382765 ], [ 69.7571572, 22.3382361 ], [ 69.7571724, 22.3381921 ], [ 69.7571779, 22.3381462 ], [ 69.7571737, 22.3381002 ], [ 69.7571599, 22.3380559 ], [ 69.7571369, 22.3380149 ], [ 69.7571058, 22.3379788 ], [ 69.7570676, 22.337949 ], [ 69.7570239, 22.3379267 ], [ 69.7569764, 22.3379127 ], [ 69.7569267, 22.3379075 ], [ 69.756877, 22.3379115 ], [ 69.756829, 22.3379243 ] ] ] } },
{ "type": "Feature", "properties": { "osm_type": "way", "osm_id": 688584539, "name": "", "industrial": "", "landuse": "", "man_made": "storage_tank", "power": "" }, "geometry": { "type": "Polygon", "coordinates": [ [ [ 69.75607, 22.3399115 ], [ 69.7560256, 22.3399327 ], [ 69.7559866, 22.3399615 ], [ 69.7559544, 22.3399968 ], [ 69.7559303, 22.3400372 ], [ 69.7559152, 22.3400812 ], [ 69.7559096, 22.3401271 ], [ 69.7559139, 22.3401731 ], [ 69.7559277, 22.3402175 ], [ 69.7559506, 22.3402585 ], [ 69.7559818, 22.3402946 ], [ 69.7560199, 22.3403243 ], [ 69.7560636, 22.3403466 ], [ 69.7561112, 22.3403606 ], [ 69.7561608, 22.3403658 ], [ 69.7562106, 22.3403619 ], [ 69.7562585, 22.3403491 ], [ 69.7563029, 22.3403278 ], [ 69.7563419, 22.340299 ], [ 69.7563741, 22.3402637 ], [ 69.7563982, 22.3402233 ], [ 69.7564133, 22.3401793 ], [ 69.7564189, 22.3401334 ], [ 69.7564146, 22.3400874 ], [ 69.7564008, 22.3400431 ], [ 69.7563779, 22.3400021 ], [ 69.7563467, 22.339966 ], [ 69.7563086, 22.3399362 ], [ 69.7562649, 22.3399139 ], [ 69.7562173, 22.3398999 ], [ 69.7561677, 22.3398948 ], [ 69.7561179, 22.3398987 ], [ 69.75607, 22.3399115 ] ] ] } },
{ "type": "Feature", "properties": { "osm_type": "way", "osm_id": 688584540, "name": "", "industrial": "", "landuse": "", "man_made": "storage_tank", "power": "" }, "geometry": { "type": "Polygon", "coordinates": [ [ [ 69.7567861, 22.3398767 ], [ 69.7567418, 22.339898 ], [ 69.7567028, 22.3399268 ], [ 69.7566706, 22.3399621 ], [ 69.7566465, 22.3400025 ], [ 69.7566313, 22.3400465 ], [ 69.7566258, 22.3400924 ], [ 69.75663, 22.3401384 ], [ 69.7566439, 22.3401827 ], [ 69.7566668, 22.3402237 ], [ 69.7566979, 22.3402598 ], [ 69.7567361, 22.3402896 ], [ 69.7567798, 22.3403119 ], [ 69.7568274, 22.3403259 ], [ 69.756877, 22.340331 ], [ 69.7569267, 22.3403271 ], [ 69.7569747, 22.3403143 ], [ 69.757019, 22.3402931 ], [ 69.757058, 22.3402643 ], [ 69.7570902, 22.340229 ], [ 69.7571143, 22.3401886 ], [ 69.7571295, 22.3401446 ], [ 69.757135, 22.3400987 ], [ 69.7571308, 22.3400527 ], [ 69.7571169, 22.3400083 ], [ 69.757094, 22.3399673 ], [ 69.7570629, 22.3399312 ], [ 69.7570247, 22.3399015 ], [ 69.756981, 22.3398792 ], [ 69.7569334, 22.3398652 ], [ 69.7568838, 22.33986 ], [ 69.7568341, 22.3398639 ], [ 69.7567861, 22.3398767 ] ] ] } },
{ "type": "Feature", "properties": { "osm_type": "way", "osm_id": 688584541, "name": "", "industrial": "", "landuse": "", "man_made": "storage_tank", "power": "" }, "geometry": { "type": "Polygon", "coordinates": [ [ [ 69.757049, 22.3405094 ], [ 69.7570047, 22.3405306 ], [ 69.7569656, 22.3405594 ], [ 69.7569335, 22.3405947 ], [ 69.7569093, 22.3406351 ], [ 69.7568942, 22.3406791 ], [ 69.7568886, 22.340725 ], [ 69.7568929, 22.340771 ], [ 69.7569067, 22.3408154 ], [ 69.7569296, 22.3408564 ], [ 69.7569608, 22.3408924 ], [ 69.7569989, 22.3409222 ], [ 69.7570426, 22.3409445 ], [ 69.7570902, 22.3409585 ], [ 69.7571398, 22.3409637 ], [ 69.7571896, 22.3409598 ], [ 69.7572375, 22.340947 ], [ 69.7572819, 22.3409257 ], [ 69.7573209, 22.3408969 ], [ 69.7573531, 22.3408616 ], [ 69.7573772, 22.3408212 ], [ 69.7573923, 22.3407772 ], [ 69.7573979, 22.3407313 ], [ 69.7573937, 22.3406853 ], [ 69.7573798, 22.340641 ], [ 69.7573569, 22.3406 ], [ 69.7573257, 22.3405639 ], [ 69.7572876, 22.3405341 ], [ 69.7572439, 22.3405118 ], [ 69.7571963, 22.3404978 ], [ 69.7571467, 22.3404927 ], [ 69.7570969, 22.3404966 ], [ 69.757049, 22.3405094 ] ] ] } },
{ "type": "Feature", "properties": { "osm_type": "way", "osm_id": 688584542, "name": "", "industrial": "", "landuse": "", "man_made": "storage_tank", "power": "" }, "geometry": { "type": "Polygon", "coordinates": [ [ [ 69.7577759, 22.3404697 ], [ 69.7577315, 22.3404909 ], [ 69.7576925, 22.3405197 ], [ 69.7576603, 22.340555 ], [ 69.7576362, 22.3405954 ], [ 69.7576211, 22.3406394 ], [ 69.7576155, 22.3406853 ], [ 69.7576197, 22.3407313 ], [ 69.7576336, 22.3407757 ], [ 69.7576565, 22.3408167 ], [ 69.7576877, 22.3408528 ], [ 69.7577258, 22.3408825 ], [ 69.7577695, 22.3409048 ], [ 69.7578171, 22.3409188 ], [ 69.7578667, 22.340924 ], [ 69.7579164, 22.3409201 ], [ 69.7579644, 22.3409073 ], [ 69.7580087, 22.340886 ], [ 69.7580478, 22.3408572 ], [ 69.7580799, 22.3408219 ], [ 69.7581041, 22.3407815 ], [ 69.7581192, 22.3407375 ], [ 69.7581248, 22.3406916 ], [ 69.7581205, 22.3406456 ], [ 69.7581067, 22.3406013 ], [ 69.7580837, 22.3405603 ], [ 69.7580526, 22.3405242 ], [ 69.7580144, 22.3404944 ], [ 69.7579707, 22.3404721 ], [ 69.7579232, 22.3404581 ], [ 69.7578736, 22.340453 ], [ 69.7578238, 22.3404569 ], [ 69.7577759, 22.3404697 ] ] ] } },
{ "type": "Feature", "properties": { "osm_type": "way", "osm_id": 688584543, "name": "", "industrial": "", "landuse": "", "man_made": "storage_tank", "power": "" }, "geometry": { "type": "Polygon", "coordinates": [ [ [ 69.7602172, 22.3400097 ], [ 69.7601655, 22.3400345 ], [ 69.76012, 22.3400681 ], [ 69.7600825, 22.3401092 ], [ 69.7600543, 22.3401564 ], [ 69.7600367, 22.3402077 ], [ 69.7600302, 22.3402612 ], [ 69.7600351, 22.3403149 ], [ 69.7600512, 22.3403666 ], [ 69.760078, 22.3404145 ], [ 69.7601143, 22.3404566 ], [ 69.7601588, 22.3404913 ], [ 69.7602098, 22.3405173 ], [ 69.7602653, 22.3405336 ], [ 69.7603232, 22.3405397 ], [ 69.7603812, 22.3405351 ], [ 69.7604371, 22.3405202 ], [ 69.7604889, 22.3404954 ], [ 69.7605344, 22.3404618 ], [ 69.7605719, 22.3404206 ], [ 69.7606, 22.3403735 ], [ 69.7606177, 22.3403222 ], [ 69.7606242, 22.3402686 ], [ 69.7606192, 22.340215 ], [ 69.7606031, 22.3401632 ], [ 69.7605763, 22.3401154 ], [ 69.76054, 22.3400733 ], [ 69.7604955, 22.3400386 ], [ 69.7604445, 22.3400126 ], [ 69.760389, 22.3399962 ], [ 69.7603312, 22.3399902 ], [ 69.7602732, 22.3399948 ], [ 69.7602172, 22.3400097 ] ] ] } },
{ "type": "Feature", "properties": { "osm_type": "way", "osm_id": 688584544, "name": "", "industrial": "", "landuse": "", "man_made": "storage_tank", "power": "" }, "geometry": { "type": "Polygon", "coordinates": [ [ [ 69.7590822, 22.3416216 ], [ 69.7590291, 22.3416476 ], [ 69.7589828, 22.341683 ], [ 69.7589451, 22.3417263 ], [ 69.7589176, 22.3417757 ], [ 69.7589015, 22.3418292 ], [ 69.7588973, 22.3418847 ], [ 69.7589052, 22.3419398 ], [ 69.758925, 22.3419922 ], [ 69.7589558, 22.34204 ], [ 69.7589964, 22.342081 ], [ 69.759045, 22.3421136 ], [ 69.7590998, 22.3421365 ], [ 69.7591584, 22.3421487 ], [ 69.7592185, 22.3421498 ], [ 69.7592776, 22.3421396 ], [ 69.7593332, 22.3421187 ], [ 69.7593832, 22.3420878 ], [ 69.7594254, 22.3420483 ], [ 69.7594582, 22.3420017 ], [ 69.7594801, 22.3419499 ], [ 69.7594904, 22.3418952 ], [ 69.7594885, 22.3418396 ], [ 69.7594745, 22.3417855 ], [ 69.7594491, 22.3417352 ], [ 69.7594132, 22.3416906 ], [ 69.7593684, 22.3416536 ], [ 69.7593164, 22.3416257 ], [ 69.7592594, 22.341608 ], [ 69.7591998, 22.3416014 ], [ 69.7591399, 22.3416059 ], [ 69.7590822, 22.3416216 ] ] ] } },
{ "type": "Feature", "properties": { "osm_type": "way", "osm_id": 688584547, "name": "", "industrial": "", "landuse": "", "man_made": "storage_tank", "power": "" }, "geometry": { "type": "Polygon", "coordinates": [ [ [ 69.7482319, 22.3441217 ], [ 69.7481788, 22.3441477 ], [ 69.7481325, 22.3441831 ], [ 69.7480948, 22.3442264 ], [ 69.7480673, 22.3442758 ], [ 69.7480511, 22.3443293 ], [ 69.748047, 22.3443848 ], [ 69.7480549, 22.3444399 ], [ 69.7480747, 22.3444924 ], [ 69.7481055, 22.3445401 ], [ 69.7481461, 22.3445811 ], [ 69.7481947, 22.3446137 ], [ 69.7482495, 22.3446366 ], [ 69.7483081, 22.3446488 ], [ 69.7483682, 22.3446499 ], [ 69.7484273, 22.3446397 ], [ 69.7484829, 22.3446188 ], [ 69.7485329, 22.3445879 ], [ 69.7485751, 22.3445484 ], [ 69.7486079, 22.3445018 ], [ 69.7486298, 22.34445 ], [ 69.74864, 22.3443953 ], [ 69.7486381, 22.3443397 ], [ 69.7486242, 22.3442857 ], [ 69.7485988, 22.3442353 ], [ 69.7485629, 22.3441907 ], [ 69.7485181, 22.3441537 ], [ 69.7484661, 22.3441258 ], [ 69.7484091, 22.3441082 ], [ 69.7483495, 22.3441015 ], [ 69.7482896, 22.3441061 ], [ 69.7482319, 22.3441217 ] ] ] } },
{ "type": "Feature", "properties": { "osm_type": "way", "osm_id": 688584548, "name": "", "industrial": "cooling", "landuse": "", "man_made": "", "power": "" }, "geometry": { "type": "Polygon", "coordinates": [ [ [ 69.7487238, 22.3433604 ], [ 69.7486377, 22.3434787 ], [ 69.7495979, 22.3440766 ], [ 69.749684, 22.3439582 ], [ 69.7487238, 22.3433604 ] ] ] } },
{ "type": "Feature", "properties": { "osm_type": "way", "osm_id": 693344720, "name": "", "industrial": "", "landuse": "industrial", "man_made": "", "power": "" }, "geometry": { "type": "Polygon", "coordinates": [ [ [ 69.871894, 22.3672715 ], [ 69.8765109, 22.3670836 ], [ 69.8781001, 22.3665865 ], [ 69.8793983, 22.3668742 ], [ 69.8802245, 22.3678465 ], [ 69.8798382, 22.3690272 ], [ 69.8811793, 22.369434 ], [ 69.8814261, 22.369682 ], [ 69.8837328, 22.3702277 ], [ 69.8838186, 22.3706444 ], [ 69.8873484, 22.3717159 ], [ 69.8871446, 22.3712397 ], [ 69.886812, 22.3710909 ], [ 69.8858249, 22.3696919 ], [ 69.8848057, 22.3692554 ], [ 69.8838615, 22.3679954 ], [ 69.8834324, 22.3678763 ], [ 69.8798724, 22.3643581 ], [ 69.8771319, 22.3619629 ], [ 69.8769783, 22.3618754 ], [ 69.8757586, 22.3619381 ], [ 69.8737094, 22.3619406 ], [ 69.8736343, 22.3618513 ], [ 69.8735458, 22.3618761 ], [ 69.8728269, 22.361886 ], [ 69.8721403, 22.3618488 ], [ 69.8713946, 22.3643442 ], [ 69.8709333, 22.366264 ], [ 69.8713249, 22.3664724 ], [ 69.871894, 22.3672715 ] ] ] } },
{ "type": "Feature", "properties": { "osm_type": "way", "osm_id": 693344721, "name": "", "industrial": "", "landuse": "industrial", "man_made": "", "power": "" }, "geometry": { "type": "Polygon", "coordinates": [ [ [ 69.8957169, 22.347476 ], [ 69.8960924, 22.3476943 ], [ 69.8957598, 22.3513658 ], [ 69.8968112, 22.3529236 ], [ 69.8970473, 22.3536083 ], [ 69.8970258, 22.3541144 ], [ 69.8979914, 22.3548288 ], [ 69.899075, 22.3553646 ], [ 69.8996866, 22.3551662 ], [ 69.8996651, 22.3503834 ], [ 69.9017143, 22.3504231 ], [ 69.9017465, 22.3507704 ], [ 69.9060917, 22.3507803 ], [ 69.9060058, 22.3502445 ], [ 69.9046004, 22.3500262 ], [ 69.9038923, 22.3489843 ], [ 69.9040961, 22.3484286 ], [ 69.9045145, 22.3483889 ], [ 69.9043, 22.3478134 ], [ 69.9000835, 22.3481012 ], [ 69.899472, 22.3481408 ], [ 69.8994076, 22.3470592 ], [ 69.8987424, 22.3469104 ], [ 69.898603, 22.3462952 ], [ 69.8993969, 22.346186 ], [ 69.9019825, 22.3463051 ], [ 69.9019611, 22.3449952 ], [ 69.9004805, 22.3448265 ], [ 69.9005985, 22.3441716 ], [ 69.9004269, 22.3441418 ], [ 69.9004161, 22.3438838 ], [ 69.8995685, 22.343864 ], [ 69.89959, 22.343449 ], [ 69.8987558, 22.3435018 ], [ 69.8988283, 22.3425839 ], [ 69.8984206, 22.3424846 ], [ 69.8985171, 22.3417701 ], [ 69.9004108, 22.3420058 ], [ 69.9003303, 22.3391974 ], [ 69.8999468, 22.3391106 ], [ 69.8975247, 22.3385152 ], [ 69.8964384, 22.3381604 ], [ 69.8945632, 22.3377177 ], [ 69.8945796, 22.3428716 ], [ 69.894982, 22.3428964 ], [ 69.8946601, 22.346955 ], [ 69.8952609, 22.347094 ], [ 69.8957169, 22.347476 ] ] ] } },
{ "type": "Feature", "properties": { "osm_type": "way", "osm_id": 693344722, "name": "", "industrial": "", "landuse": "industrial", "man_made": "", "power": "" }, "geometry": { "type": "Polygon", "coordinates": [ [ [ 69.8998421, 22.3389667 ], [ 69.9009901, 22.3391652 ], [ 69.9016392, 22.3391801 ], [ 69.904815, 22.339195 ], [ 69.9051368, 22.3391156 ], [ 69.9051744, 22.3357762 ], [ 69.9054426, 22.3344365 ], [ 69.9052817, 22.3329181 ], [ 69.9051744, 22.3326403 ], [ 69.9047345, 22.3319406 ], [ 69.9043107, 22.3303974 ], [ 69.9042088, 22.3297523 ], [ 69.9037743, 22.3286408 ], [ 69.9015641, 22.3285167 ], [ 69.8993754, 22.3273903 ], [ 69.899826, 22.3246809 ], [ 69.899193, 22.3242442 ], [ 69.8986351, 22.3245072 ], [ 69.8982435, 22.3248943 ], [ 69.897514, 22.325986 ], [ 69.8972243, 22.326909 ], [ 69.8957652, 22.3328735 ], [ 69.895454, 22.333593 ], [ 69.8941559, 22.3362774 ], [ 69.8940915, 22.3367339 ], [ 69.8941344, 22.3372698 ], [ 69.8943007, 22.3374434 ], [ 69.8944187, 22.3375179 ], [ 69.8954058, 22.3378057 ], [ 69.8965752, 22.3380736 ], [ 69.8974577, 22.3383911 ], [ 69.8986539, 22.3386219 ], [ 69.8998421, 22.3389667 ] ] ] } },
{ "type": "Feature", "properties": { "osm_type": "way", "osm_id": 971811809, "name": "Vadinar Power Plant", "industrial": "", "landuse": "industrial", "man_made": "", "power": "plant" }, "geometry": { "type": "Polygon", "coordinates": [ [ [ 69.732557, 22.3250254 ], [ 69.7350392, 22.3214857 ], [ 69.741272, 22.3252265 ], [ 69.7387903, 22.3287653 ], [ 69.732557, 22.3250254 ] ] ] } },
{ "type": "Feature", "properties": { "osm_type": "way", "osm_id": 984259059, "name": "", "industrial": "", "landuse": "industrial", "man_made": "", "power": "" }, "geometry": { "type": "Polygon", "coordinates": [ [ [ 69.9991772, 22.4294344 ], [ 69.9997126, 22.4294165 ], [ 69.9997429, 22.4296002 ], [ 70.002224, 22.4294344 ], [ 70.0023234, 22.4298808 ], [ 70.0021219, 22.4300032 ], [ 70.0016914, 22.4302481 ], [ 70.0015037, 22.4302328 ], [ 70.0001707, 22.4316895 ], [ 69.9970355, 22.4312966 ], [ 69.9970024, 22.4308323 ], [ 69.9977144, 22.4308986 ], [ 69.9984541, 22.4310058 ], [ 69.9984872, 22.4307303 ], [ 69.9990116, 22.4307966 ], [ 69.9992544, 22.4296895 ], [ 69.9992103, 22.429618 ], [ 69.9991772, 22.4294344 ] ] ] } },
{ "type": "Feature", "properties": { "osm_type": "way", "osm_id": 984259062, "name": "", "industrial": "", "landuse": "industrial", "man_made": "", "power": "" }, "geometry": { "type": "Polygon", "coordinates": [ [ [ 69.9463211, 22.4330032 ], [ 69.9467157, 22.4316231 ], [ 69.9479797, 22.4318935 ], [ 69.9476789, 22.4336588 ], [ 69.9476209, 22.4336843 ], [ 69.9463211, 22.4330032 ] ] ] } },
{ "type": "Feature", "properties": { "osm_type": "way", "osm_id": 984259071, "name": "", "industrial": "", "landuse": "industrial", "man_made": "", "power": "" }, "geometry": { "type": "Polygon", "coordinates": [ [ [ 69.8167781, 22.3416958 ], [ 69.8162068, 22.3419228 ], [ 69.8169789, 22.3435851 ], [ 69.8175501, 22.3433581 ], [ 69.8167781, 22.3416958 ] ] ] } },
{ "type": "Feature", "properties": { "osm_type": "way", "osm_id": 984259072, "name": "", "industrial": "", "landuse": "", "man_made": "works", "power": "" }, "geometry": { "type": "Polygon", "coordinates": [ [ [ 69.8478729, 22.3591913 ], [ 69.8503455, 22.3591829 ], [ 69.8503321, 22.3558201 ], [ 69.8478596, 22.3558285 ], [ 69.8478729, 22.3591913 ] ] ] } },
{ "type": "Feature", "properties": { "osm_type": "way", "osm_id": 1002375029, "name": "", "industrial": "", "landuse": "industrial", "man_made": "", "power": "plant" }, "geometry": { "type": "Polygon", "coordinates": [ [ [ 69.8444653, 22.4221914 ], [ 69.8445082, 22.4232823 ], [ 69.8422015, 22.4234807 ], [ 69.8422176, 22.4224591 ], [ 69.8444653, 22.4221914 ] ] ] } },
{ "type": "Feature", "properties": { "osm_type": "way", "osm_id": 1060504139, "name": "", "industrial": "", "landuse": "", "man_made": "storage_tank", "power": "" }, "geometry": { "type": "Polygon", "coordinates": [ [ [ 69.8536209, 22.4375425 ], [ 69.8536252, 22.4374544 ], [ 69.8535926, 22.4373716 ], [ 69.8535283, 22.4373065 ], [ 69.8534419, 22.4372692 ], [ 69.8533466, 22.4372653 ], [ 69.853257, 22.4372954 ], [ 69.8531866, 22.4373549 ], [ 69.8531463, 22.4374347 ], [ 69.853142, 22.4375228 ], [ 69.8531746, 22.4376056 ], [ 69.8532389, 22.4376707 ], [ 69.8533253, 22.437708 ], [ 69.8534206, 22.4377119 ], [ 69.8535102, 22.4376818 ], [ 69.8535806, 22.4376223 ], [ 69.8536209, 22.4375425 ] ] ] } },
{ "type": "Feature", "properties": { "osm_type": "way", "osm_id": 1060504140, "name": "", "industrial": "", "landuse": "", "man_made": "storage_tank", "power": "" }, "geometry": { "type": "Polygon", "coordinates": [ [ [ 69.8530228, 22.4368582 ], [ 69.853027, 22.4367702 ], [ 69.8529945, 22.4366873 ], [ 69.8529301, 22.4366223 ], [ 69.8528437, 22.436585 ], [ 69.8527485, 22.4365811 ], [ 69.8526588, 22.4366111 ], [ 69.8525885, 22.4366706 ], [ 69.8525481, 22.4367505 ], [ 69.8525439, 22.4368385 ], [ 69.8525764, 22.4369214 ], [ 69.8526408, 22.4369864 ], [ 69.8527272, 22.4370237 ], [ 69.8528225, 22.4370276 ], [ 69.8529121, 22.4369976 ], [ 69.8529824, 22.4369381 ], [ 69.8530228, 22.4368582 ] ] ] } },
{ "type": "Feature", "properties": { "osm_type": "way", "osm_id": 1060504141, "name": "", "industrial": "", "landuse": "", "man_made": "storage_tank", "power": "" }, "geometry": { "type": "Polygon", "coordinates": [ [ [ 69.8531435, 22.4357153 ], [ 69.8531477, 22.4356273 ], [ 69.8531152, 22.4355444 ], [ 69.8530508, 22.4354794 ], [ 69.8529644, 22.4354421 ], [ 69.8528692, 22.4354382 ], [ 69.8527795, 22.4354682 ], [ 69.8527092, 22.4355277 ], [ 69.8526688, 22.4356076 ], [ 69.8526646, 22.4356956 ], [ 69.8526971, 22.4357785 ], [ 69.8527615, 22.4358435 ], [ 69.8528479, 22.4358808 ], [ 69.8529431, 22.4358847 ], [ 69.8530328, 22.4358547 ], [ 69.8531031, 22.4357952 ], [ 69.8531435, 22.4357153 ] ] ] } },
{ "type": "Feature", "properties": { "osm_type": "way", "osm_id": 1060504142, "name": "", "industrial": "", "landuse": "", "man_made": "storage_tank", "power": "" }, "geometry": { "type": "Polygon", "coordinates": [ [ [ 69.8509776, 22.4338398 ], [ 69.8509819, 22.4337517 ], [ 69.8509493, 22.4336689 ], [ 69.850885, 22.4336039 ], [ 69.8507986, 22.4335665 ], [ 69.8507033, 22.4335626 ], [ 69.8506137, 22.4335927 ], [ 69.8505433, 22.4336522 ], [ 69.8505029, 22.4337321 ], [ 69.8504987, 22.4338201 ], [ 69.8505312, 22.433903 ], [ 69.8505956, 22.433968 ], [ 69.850682, 22.4340053 ], [ 69.8507773, 22.4340092 ], [ 69.8508669, 22.4339792 ], [ 69.8509373, 22.4339197 ], [ 69.8509776, 22.4338398 ] ] ] } },
{ "type": "Feature", "properties": { "osm_type": "way", "osm_id": 1060504143, "name": "", "industrial": "", "landuse": "", "man_made": "storage_tank", "power": "" }, "geometry": { "type": "Polygon", "coordinates": [ [ [ 69.8521618, 22.4307358 ], [ 69.8521661, 22.4306477 ], [ 69.8521335, 22.4305649 ], [ 69.8520691, 22.4304998 ], [ 69.8519828, 22.4304625 ], [ 69.8518875, 22.4304586 ], [ 69.8517979, 22.4304887 ], [ 69.8517275, 22.4305482 ], [ 69.8516871, 22.430628 ], [ 69.8516829, 22.4307161 ], [ 69.8517154, 22.430799 ], [ 69.8517798, 22.430864 ], [ 69.8518662, 22.4309013 ], [ 69.8519615, 22.4309052 ], [ 69.8520511, 22.4308751 ], [ 69.8521215, 22.4308156 ], [ 69.8521618, 22.4307358 ] ] ] } },
{ "type": "Feature", "properties": { "osm_type": "way", "osm_id": 1060504144, "name": "", "industrial": "", "landuse": "", "man_made": "storage_tank", "power": "" }, "geometry": { "type": "Polygon", "coordinates": [ [ [ 69.8517809, 22.4320002 ], [ 69.8517852, 22.4319122 ], [ 69.8517526, 22.4318293 ], [ 69.8516883, 22.4317643 ], [ 69.8516019, 22.431727 ], [ 69.8515066, 22.431723 ], [ 69.851417, 22.4317531 ], [ 69.8513466, 22.4318126 ], [ 69.8513063, 22.4318925 ], [ 69.851302, 22.4319805 ], [ 69.8513346, 22.4320634 ], [ 69.8513989, 22.4321284 ], [ 69.8514853, 22.4321657 ], [ 69.8515806, 22.4321696 ], [ 69.8516702, 22.4321396 ], [ 69.8517406, 22.4320801 ], [ 69.8517809, 22.4320002 ] ] ] } },
{ "type": "Feature", "properties": { "osm_type": "way", "osm_id": 1060504145, "name": "", "industrial": "", "landuse": "", "man_made": "storage_tank", "power": "" }, "geometry": { "type": "Polygon", "coordinates": [ [ [ 69.8526433, 22.431544 ], [ 69.8526475, 22.431456 ], [ 69.852615, 22.4313731 ], [ 69.8525506, 22.4313081 ], [ 69.8524642, 22.4312708 ], [ 69.8523689, 22.4312669 ], [ 69.8522793, 22.4312969 ], [ 69.852209, 22.4313564 ], [ 69.8521686, 22.4314363 ], [ 69.8521644, 22.4315243 ], [ 69.8521969, 22.4316072 ], [ 69.8522613, 22.4316722 ], [ 69.8523477, 22.4317095 ], [ 69.8524429, 22.4317135 ], [ 69.8525326, 22.4316834 ], [ 69.8526029, 22.4316239 ], [ 69.8526433, 22.431544 ] ] ] } },
{ "type": "Feature", "properties": { "osm_type": "way", "osm_id": 1060504146, "name": "", "industrial": "", "landuse": "", "man_made": "storage_tank", "power": "" }, "geometry": { "type": "Polygon", "coordinates": [ [ [ 69.8552061, 22.4320411 ], [ 69.8552104, 22.4319531 ], [ 69.8551778, 22.4318702 ], [ 69.8551135, 22.4318052 ], [ 69.8550271, 22.4317679 ], [ 69.8549318, 22.4317639 ], [ 69.8548422, 22.431794 ], [ 69.8547718, 22.4318535 ], [ 69.8547314, 22.4319334 ], [ 69.8547272, 22.4320214 ], [ 69.8547597, 22.4321043 ], [ 69.8548241, 22.4321693 ], [ 69.8549105, 22.4322066 ], [ 69.8550058, 22.4322105 ], [ 69.8550954, 22.4321805 ], [ 69.8551658, 22.432121 ], [ 69.8552061, 22.4320411 ] ] ] } },
{ "type": "Feature", "properties": { "osm_type": "way", "osm_id": 1060504147, "name": "", "industrial": "", "landuse": "", "man_made": "storage_tank", "power": "" }, "geometry": { "type": "Polygon", "coordinates": [ [ [ 69.8545973, 22.4313618 ], [ 69.8546015, 22.4312737 ], [ 69.854569, 22.4311909 ], [ 69.8545046, 22.4311259 ], [ 69.8544182, 22.4310885 ], [ 69.8543229, 22.4310846 ], [ 69.8542333, 22.4311147 ], [ 69.8541629, 22.4311742 ], [ 69.8541226, 22.4312541 ], [ 69.8541183, 22.4313421 ], [ 69.8541509, 22.431425 ], [ 69.8542152, 22.43149 ], [ 69.8543016, 22.4315273 ], [ 69.8543969, 22.4315312 ], [ 69.8544865, 22.4315012 ], [ 69.8545569, 22.4314417 ], [ 69.8545973, 22.4313618 ] ] ] } },
{ "type": "Feature", "properties": { "osm_type": "way", "osm_id": 1144541890, "name": "Pipli", "industrial": "", "landuse": "", "man_made": "", "power": "substation" }, "geometry": { "type": "Polygon", "coordinates": [ [ [ 69.9453954, 22.3538849 ], [ 69.9456891, 22.3533888 ], [ 69.9463423, 22.3537361 ], [ 69.9465086, 22.353839 ], [ 69.9466695, 22.3543674 ], [ 69.946581, 22.3545212 ], [ 69.9453954, 22.3538849 ] ] ] } },
{ "type": "Feature", "properties": { "osm_type": "way", "osm_id": 1154004416, "name": "Zankhar", "industrial": "", "landuse": "", "man_made": "", "power": "substation" }, "geometry": { "type": "Polygon", "coordinates": [ [ [ 69.7738701, 22.3404436 ], [ 69.7745402, 22.3405626 ], [ 69.77441, 22.3411895 ], [ 69.77374, 22.3410705 ], [ 69.7738701, 22.3404436 ] ] ] } },
{ "type": "Feature", "properties": { "osm_type": "way", "osm_id": 1154004460, "name": "Navaniya", "industrial": "", "landuse": "", "man_made": "", "power": "substation" }, "geometry": { "type": "Polygon", "coordinates": [ [ [ 69.8333065, 22.2953257 ], [ 69.8327897, 22.2948975 ], [ 69.8332456, 22.2944265 ], [ 69.8337624, 22.2948547 ], [ 69.8333065, 22.2953257 ] ] ] } },
{ "type": "Feature", "properties": { "osm_type": "way", "osm_id": 1154004461, "name": "IOCL", "industrial": "", "landuse": "", "man_made": "", "power": "substation" }, "geometry": { "type": "Polygon", "coordinates": [ [ [ 69.7250435, 22.4090611 ], [ 69.7252446, 22.4099976 ], [ 69.7256404, 22.4099249 ], [ 69.7254394, 22.4089885 ], [ 69.7250435, 22.4090611 ] ] ] } },
{ "type": "Feature", "properties": { "osm_type": "way", "osm_id": 1159186265, "name": "", "industrial": "", "landuse": "industrial", "man_made": "", "power": "" }, "geometry": { "type": "Polygon", "coordinates": [ [ [ 69.9286812, 22.3398102 ], [ 69.9243253, 22.3401774 ], [ 69.9234724, 22.3370663 ], [ 69.9213481, 22.3327792 ], [ 69.9199963, 22.3315089 ], [ 69.9183521, 22.331953 ], [ 69.918116, 22.3317173 ], [ 69.9177325, 22.3297325 ], [ 69.9180221, 22.3290378 ], [ 69.9286812, 22.3398102 ] ] ] } },
{ "type": "Feature", "properties": { "osm_type": "way", "osm_id": 1159186269, "name": "", "industrial": "", "landuse": "industrial", "man_made": "", "power": "" }, "geometry": { "type": "Polygon", "coordinates": [ [ [ 69.9276888, 22.3247107 ], [ 69.9194759, 22.324795 ], [ 69.9194852, 22.318688 ], [ 69.9106757, 22.3186595 ], [ 69.9108767, 22.313545 ], [ 69.9170351, 22.3123837 ], [ 69.9234831, 22.3121157 ], [ 69.9261117, 22.317922 ], [ 69.9272489, 22.3218226 ], [ 69.9276888, 22.3247107 ] ] ] } },
{ "type": "Feature", "properties": { "osm_type": "way", "osm_id": 1263638688, "name": "", "industrial": "", "landuse": "industrial", "man_made": "", "power": "plant" }, "geometry": { "type": "Polygon", "coordinates": [ [ [ 69.9969946, 22.270464 ], [ 69.9958951, 22.2706356 ], [ 69.9954046, 22.2707051 ], [ 69.9949264, 22.2708277 ], [ 69.9946402, 22.2710403 ], [ 69.9940803, 22.2716412 ], [ 69.9937737, 22.2721276 ], [ 69.9933936, 22.272847 ], [ 69.9930625, 22.2734356 ], [ 69.9928172, 22.273877 ], [ 69.992666, 22.2743062 ], [ 69.9925474, 22.2747231 ], [ 69.9923717, 22.2749806 ], [ 69.9922491, 22.2753281 ], [ 69.9924371, 22.2755079 ], [ 69.9923553, 22.2759943 ], [ 69.9923226, 22.276305 ], [ 69.9924534, 22.2766769 ], [ 69.9927763, 22.2771184 ], [ 69.9930543, 22.2776171 ], [ 69.9932832, 22.2782465 ], [ 69.9934467, 22.2787534 ], [ 69.993553, 22.2790354 ], [ 69.9938309, 22.2793747 ], [ 69.99388, 22.2796567 ], [ 69.9938268, 22.280184 ], [ 69.9938881, 22.2810097 ], [ 69.9938187, 22.2815002 ], [ 69.9936715, 22.2816841 ], [ 69.9934876, 22.281725 ], [ 69.9935407, 22.2821828 ], [ 69.9943705, 22.2821828 ], [ 69.994491, 22.2821766 ], [ 69.9947874, 22.2819416 ], [ 69.9952902, 22.2816269 ], [ 69.9954291, 22.2815145 ], [ 69.9955231, 22.2813101 ], [ 69.9958031, 22.2809668 ], [ 69.9961138, 22.2804006 ], [ 69.9963876, 22.2802187 ], [ 69.9971765, 22.2797282 ], [ 69.9987318, 22.2786389 ], [ 69.9986623, 22.2781689 ], [ 69.9985765, 22.2779522 ], [ 69.9979225, 22.2781484 ], [ 69.9979225, 22.2779563 ], [ 69.9977508, 22.2779604 ], [ 69.9975097, 22.277662 ], [ 69.9973462, 22.2777029 ], [ 69.9972767, 22.2776252 ], [ 69.9972971, 22.2772982 ], [ 69.997571, 22.2773309 ], [ 69.997947, 22.2771306 ], [ 69.9982454, 22.2770939 ], [ 69.9986501, 22.2772451 ], [ 69.9987114, 22.277055 ], [ 69.9988238, 22.2770591 ], [ 69.9986664, 22.2767853 ], [ 69.9986807, 22.2766381 ], [ 69.9992039, 22.2765993 ], [ 69.9992162, 22.2763867 ], [ 69.9989587, 22.2758942 ], [ 69.9985785, 22.275933 ], [ 69.9985234, 22.2757307 ], [ 69.998178, 22.2757 ], [ 69.9976057, 22.2759269 ], [ 69.9975342, 22.2755059 ], [ 69.998133, 22.2751298 ], [ 69.9988871, 22.2747885 ], [ 69.9987523, 22.274482 ], [ 69.9984845, 22.2740589 ], [ 69.9982842, 22.273785 ], [ 69.9980104, 22.2731944 ], [ 69.9978019, 22.2726528 ], [ 69.9975873, 22.271915 ], [ 69.9973932, 22.271496 ], [ 69.9969946, 22.270464 ] ] ] } },
{ "type": "Feature", "properties": { "osm_type": "way", "osm_id": 1333561675, "name": "", "industrial": "", "landuse": "industrial", "man_made": "", "power": "plant" }, "geometry": { "type": "Polygon", "coordinates": [ [ [ 69.8540163, 22.3294869 ], [ 69.8540086, 22.328473 ], [ 69.8598742, 22.3284354 ], [ 69.8598819, 22.3294483 ], [ 69.8540163, 22.3294869 ] ] ] } },
{ "type": "Feature", "properties": { "osm_type": "way", "osm_id": 1340347613, "name": "", "industrial": "", "landuse": "industrial", "man_made": "", "power": "" }, "geometry": { "type": "Polygon", "coordinates": [ [ [ 69.8765005, 22.3801788 ], [ 69.8791422, 22.3819297 ], [ 69.8799181, 22.3816991 ], [ 69.8804446, 22.3778214 ], [ 69.8799643, 22.3777018 ], [ 69.8786711, 22.3788036 ], [ 69.8765005, 22.3801788 ] ] ] } },
{ "type": "Feature", "properties": { "osm_type": "way", "osm_id": 1340347614, "name": "", "industrial": "", "landuse": "industrial", "man_made": "", "power": "" }, "geometry": { "type": "Polygon", "coordinates": [ [ [ 69.876288, 22.3801104 ], [ 69.8729719, 22.3780264 ], [ 69.8730551, 22.3716714 ], [ 69.8749209, 22.3708941 ], [ 69.8749948, 22.3729185 ], [ 69.8772302, 22.3728417 ], [ 69.877378, 22.3780691 ], [ 69.8786804, 22.3786072 ], [ 69.876288, 22.3801104 ] ] ] } },
{ "type": "Feature", "properties": { "osm_type": "way", "osm_id": 1340347615, "name": "", "industrial": "", "landuse": "industrial", "man_made": "", "power": "" }, "geometry": { "type": "Polygon", "coordinates": [ [ [ 69.8776089, 22.3779324 ], [ 69.8788466, 22.3783851 ], [ 69.8794655, 22.3778641 ], [ 69.8795117, 22.3767879 ], [ 69.8802876, 22.3766512 ], [ 69.8824306, 22.3759166 ], [ 69.882874, 22.3746098 ], [ 69.8817009, 22.3733114 ], [ 69.8794009, 22.372816 ], [ 69.877535, 22.3727989 ], [ 69.8776089, 22.3779324 ] ] ] } },
{ "type": "Feature", "properties": { "osm_type": "way", "osm_id": 1340347616, "name": "", "industrial": "", "landuse": "industrial", "man_made": "", "power": "" }, "geometry": { "type": "Polygon", "coordinates": [ [ [ 69.8750595, 22.3728246 ], [ 69.8749579, 22.3707916 ], [ 69.8730828, 22.3714835 ], [ 69.8731567, 22.3693053 ], [ 69.8743944, 22.3677763 ], [ 69.8809342, 22.3696043 ], [ 69.8813129, 22.3699204 ], [ 69.883419, 22.3704243 ], [ 69.8837515, 22.3709966 ], [ 69.8864394, 22.37168 ], [ 69.8856358, 22.3721754 ], [ 69.8840471, 22.3718166 ], [ 69.883225, 22.3736873 ], [ 69.8793824, 22.3727221 ], [ 69.8750595, 22.3728246 ] ] ] } },
{ "type": "Feature", "properties": { "osm_type": "way", "osm_id": 1340347617, "name": "", "industrial": "", "landuse": "industrial", "man_made": "", "power": "" }, "geometry": { "type": "Polygon", "coordinates": [ [ [ 69.8844627, 22.3765231 ], [ 69.8831511, 22.3744389 ], [ 69.8841025, 22.3719277 ], [ 69.8856358, 22.3722523 ], [ 69.8864856, 22.3717739 ], [ 69.8873909, 22.3719789 ], [ 69.8876772, 22.372611 ], [ 69.8890535, 22.3724658 ], [ 69.8919539, 22.3725 ], [ 69.8912981, 22.3741656 ], [ 69.8917507, 22.3765145 ], [ 69.8874601, 22.3764846 ], [ 69.8873651, 22.3758947 ], [ 69.8857929, 22.3759056 ], [ 69.8857859, 22.3764868 ], [ 69.8844627, 22.3765231 ] ] ] } },
{ "type": "Feature", "properties": { "osm_type": "way", "osm_id": 1340347620, "name": "", "industrial": "", "landuse": "industrial", "man_made": "", "power": "" }, "geometry": { "type": "Polygon", "coordinates": [ [ [ 69.8925174, 22.3763522 ], [ 69.8921017, 22.3736189 ], [ 69.8951684, 22.373431 ], [ 69.8950199, 22.3771715 ], [ 69.8936905, 22.3764035 ], [ 69.8925174, 22.3763522 ] ] ] } },
{ "type": "Feature", "properties": { "osm_type": "way", "osm_id": 1340347621, "name": "", "industrial": "", "landuse": "industrial", "man_made": "", "power": "" }, "geometry": { "type": "Polygon", "coordinates": [ [ [ 69.8879174, 22.3723889 ], [ 69.889072, 22.3722437 ], [ 69.892268, 22.3721241 ], [ 69.8919262, 22.3692883 ], [ 69.8909748, 22.3680668 ], [ 69.8896354, 22.3676738 ], [ 69.8889611, 22.3671869 ], [ 69.888721, 22.3670076 ], [ 69.8876403, 22.366999 ], [ 69.887317, 22.3666915 ], [ 69.8868643, 22.3665805 ], [ 69.8856073, 22.3665381 ], [ 69.8842206, 22.3666048 ], [ 69.8836683, 22.3674347 ], [ 69.8850262, 22.3691345 ], [ 69.8859222, 22.3696385 ], [ 69.8867627, 22.370766 ], [ 69.8872061, 22.3710906 ], [ 69.8879174, 22.3723889 ] ] ] } },
{ "type": "Feature", "properties": { "osm_type": "way", "osm_id": 1340347622, "name": "", "industrial": "", "landuse": "industrial", "man_made": "", "power": "" }, "geometry": { "type": "Polygon", "coordinates": [ [ [ 69.8934873, 22.3689893 ], [ 69.8923511, 22.3684512 ], [ 69.8911688, 22.367204 ], [ 69.8914274, 22.3670076 ], [ 69.8946973, 22.3662131 ], [ 69.8947989, 22.3657775 ], [ 69.8962953, 22.3652735 ], [ 69.8967849, 22.3658117 ], [ 69.896517, 22.3677422 ], [ 69.8934873, 22.3689893 ] ] ] } },
{ "type": "Feature", "properties": { "osm_type": "way", "osm_id": 1340347635, "name": "", "industrial": "", "landuse": "industrial", "man_made": "", "power": "" }, "geometry": { "type": "Polygon", "coordinates": [ [ [ 69.8839612, 22.3661395 ], [ 69.883013, 22.3673403 ], [ 69.8821346, 22.3663881 ], [ 69.8837507, 22.3643185 ], [ 69.8847709, 22.3651062 ], [ 69.8839612, 22.3661395 ] ] ] } },
{ "type": "Feature", "properties": { "osm_type": "way", "osm_id": 1340347647, "name": "", "industrial": "", "landuse": "industrial", "man_made": "", "power": "" }, "geometry": { "type": "Polygon", "coordinates": [ [ [ 69.8906213, 22.3677723 ], [ 69.8906502, 22.367801 ], [ 69.8906608, 22.3678297 ], [ 69.8906557, 22.3678546 ], [ 69.8906418, 22.3678596 ], [ 69.8896313, 22.3675465 ], [ 69.8888478, 22.3669522 ], [ 69.8868803, 22.3665166 ], [ 69.8841914, 22.3664865 ], [ 69.8833492, 22.3676262 ], [ 69.8831027, 22.367335 ], [ 69.8849103, 22.3651062 ], [ 69.883719, 22.3642261 ], [ 69.8816547, 22.3624976 ], [ 69.8818079, 22.3622741 ], [ 69.8829456, 22.3613365 ], [ 69.8837296, 22.3614346 ], [ 69.8836942, 22.3623504 ], [ 69.88617, 22.3625031 ], [ 69.8864706, 22.3615055 ], [ 69.8877675, 22.3618871 ], [ 69.888239, 22.3624976 ], [ 69.8887578, 22.3629337 ], [ 69.8902601, 22.3675222 ], [ 69.8906213, 22.3677723 ] ] ] } },
{ "type": "Feature", "properties": { "osm_type": "way", "osm_id": 1340347652, "name": "", "industrial": "", "landuse": "industrial", "man_made": "", "power": "" }, "geometry": { "type": "Polygon", "coordinates": [ [ [ 69.873049, 22.3690578 ], [ 69.8719672, 22.3673229 ], [ 69.8758836, 22.3671899 ], [ 69.8756234, 22.3680067 ], [ 69.8743568, 22.3676648 ], [ 69.873049, 22.3690578 ] ] ] } },
{ "type": "Feature", "properties": { "osm_type": "way", "osm_id": 1340347655, "name": "", "industrial": "", "landuse": "industrial", "man_made": "", "power": "" }, "geometry": { "type": "Polygon", "coordinates": [ [ [ 69.8676327, 22.3755137 ], [ 69.8690829, 22.3763422 ], [ 69.8715215, 22.3777345 ], [ 69.8725745, 22.3777089 ], [ 69.8726946, 22.3692868 ], [ 69.8712998, 22.3669719 ], [ 69.870607, 22.3670574 ], [ 69.8689444, 22.372789 ], [ 69.8686488, 22.3729256 ], [ 69.8676327, 22.3755137 ] ] ] } },
{ "type": "Feature", "properties": { "osm_type": "way", "osm_id": 1340347657, "name": "", "industrial": "", "landuse": "industrial", "man_made": "", "power": "" }, "geometry": { "type": "Polygon", "coordinates": [ [ [ 69.8629909, 22.3857421 ], [ 69.862709, 22.3854954 ], [ 69.8625781, 22.385244 ], [ 69.8625378, 22.3849274 ], [ 69.863867, 22.3814217 ], [ 69.8645568, 22.3816451 ], [ 69.8629909, 22.3857421 ] ] ] } },
{ "type": "Feature", "properties": { "osm_type": "way", "osm_id": 1340347658, "name": "", "industrial": "", "landuse": "industrial", "man_made": "", "power": "" }, "geometry": { "type": "Polygon", "coordinates": [ [ [ 69.8633887, 22.3820595 ], [ 69.8626385, 22.3818174 ], [ 69.8636665, 22.3791763 ], [ 69.8638478, 22.3791115 ], [ 69.8642484, 22.3792196 ], [ 69.86438, 22.3793278 ], [ 69.8633887, 22.3820595 ] ] ] } },
{ "type": "Feature", "properties": { "osm_type": "way", "osm_id": 1340347659, "name": "", "industrial": "oil", "landuse": "industrial", "man_made": "", "power": "" }, "geometry": { "type": "Polygon", "coordinates": [ [ [ 69.8638595, 22.3787978 ], [ 69.8640116, 22.3788897 ], [ 69.864497, 22.378906 ], [ 69.8674289, 22.371295 ], [ 69.8690184, 22.3659745 ], [ 69.8721158, 22.3551255 ], [ 69.8718781, 22.3550439 ], [ 69.8477911, 22.3552889 ], [ 69.8477979, 22.3556155 ], [ 69.8715249, 22.3555904 ], [ 69.8667835, 22.371339 ], [ 69.8638595, 22.3787978 ] ] ] } },
{ "type": "Feature", "properties": { "osm_type": "way", "osm_id": 1478855931, "name": "Jamnagar", "industrial": "", "landuse": "", "man_made": "", "power": "substation" }, "geometry": { "type": "Polygon", "coordinates": [ [ [ 69.9080856, 22.3575266 ], [ 69.9098236, 22.3580904 ], [ 69.9106646, 22.3580515 ], [ 69.9112463, 22.3565219 ], [ 69.9087023, 22.3556793 ], [ 69.9080856, 22.3575266 ] ] ] } },
{ "type": "Feature", "properties": { "osm_type": "way", "osm_id": 1546503276, "name": "", "industrial": "", "landuse": "", "man_made": "storage_tank", "power": "" }, "geometry": { "type": "Polygon", "coordinates": [ [ [ 69.7348936, 22.4071014 ], [ 69.7349512, 22.4070831 ], [ 69.7350114, 22.4070759 ], [ 69.7350721, 22.4070799 ], [ 69.7351306, 22.4070951 ], [ 69.7351847, 22.4071207 ], [ 69.7352322, 22.4071558 ], [ 69.7352711, 22.407199 ], [ 69.7352999, 22.4072485 ], [ 69.7353175, 22.4073023 ], [ 69.7353231, 22.4073583 ], [ 69.7353165, 22.4074141 ], [ 69.7352979, 22.4074677 ], [ 69.7352682, 22.4075167 ], [ 69.7352284, 22.4075592 ], [ 69.7351803, 22.4075936 ], [ 69.7351258, 22.4076184 ], [ 69.7350669, 22.4076326 ], [ 69.7350062, 22.4076356 ], [ 69.7349461, 22.4076274 ], [ 69.7348926, 22.4076099 ], [ 69.7348437, 22.4075835 ], [ 69.7348009, 22.4075491 ], [ 69.7347657, 22.407508 ], [ 69.7347395, 22.4074615 ], [ 69.7347232, 22.4074113 ], [ 69.7347172, 22.4073591 ], [ 69.7347218, 22.4073069 ], [ 69.7347369, 22.4072564 ], [ 69.734762, 22.4072093 ], [ 69.734796, 22.4071674 ], [ 69.7348412, 22.4071298 ], [ 69.7348936, 22.4071014 ] ] ] } },
{ "type": "Feature", "properties": { "osm_type": "way", "osm_id": 1546503277, "name": "", "industrial": "", "landuse": "", "man_made": "storage_tank", "power": "" }, "geometry": { "type": "Polygon", "coordinates": [ [ [ 69.7362437, 22.4071245 ], [ 69.7363012, 22.4071063 ], [ 69.7363615, 22.407099 ], [ 69.7364221, 22.4071031 ], [ 69.7364807, 22.4071182 ], [ 69.7365348, 22.4071439 ], [ 69.7365822, 22.407179 ], [ 69.7366212, 22.4072221 ], [ 69.73665, 22.4072716 ], [ 69.7366675, 22.4073254 ], [ 69.7366731, 22.4073814 ], [ 69.7366665, 22.4074373 ], [ 69.7366479, 22.4074908 ], [ 69.7366182, 22.4075398 ], [ 69.7365785, 22.4075824 ], [ 69.7365304, 22.4076167 ], [ 69.7364758, 22.4076415 ], [ 69.736417, 22.4076557 ], [ 69.7363563, 22.4076588 ], [ 69.7362961, 22.4076506 ], [ 69.7362427, 22.4076331 ], [ 69.7361937, 22.4076067 ], [ 69.7361509, 22.4075723 ], [ 69.7361158, 22.4075311 ], [ 69.7360896, 22.4074846 ], [ 69.7360732, 22.4074344 ], [ 69.7360672, 22.4073823 ], [ 69.7360719, 22.40733 ], [ 69.736087, 22.4072795 ], [ 69.736112, 22.4072325 ], [ 69.7361461, 22.4071905 ], [ 69.7361913, 22.407153 ], [ 69.7362437, 22.4071245 ] ] ] } },
{ "type": "Feature", "properties": { "osm_type": "way", "osm_id": 1546503278, "name": "", "industrial": "", "landuse": "", "man_made": "storage_tank", "power": "" }, "geometry": { "type": "Polygon", "coordinates": [ [ [ 69.7352853, 22.4051705 ], [ 69.7353428, 22.4051523 ], [ 69.735403, 22.405145 ], [ 69.7354637, 22.4051491 ], [ 69.7355222, 22.4051642 ], [ 69.7355763, 22.4051898 ], [ 69.7356238, 22.405225 ], [ 69.7356627, 22.4052681 ], [ 69.7356915, 22.4053176 ], [ 69.7357091, 22.4053714 ], [ 69.7357147, 22.4054274 ], [ 69.7357081, 22.4054833 ], [ 69.7356895, 22.4055368 ], [ 69.7356598, 22.4055858 ], [ 69.73562, 22.4056284 ], [ 69.7355719, 22.4056627 ], [ 69.7355174, 22.4056875 ], [ 69.7354585, 22.4057017 ], [ 69.7353978, 22.4057048 ], [ 69.7353377, 22.4056966 ], [ 69.7352842, 22.4056791 ], [ 69.7352353, 22.4056526 ], [ 69.7351925, 22.4056183 ], [ 69.7351573, 22.4055771 ], [ 69.7351311, 22.4055306 ], [ 69.7351148, 22.4054804 ], [ 69.7351088, 22.4054283 ], [ 69.7351134, 22.405376 ], [ 69.7351285, 22.4053255 ], [ 69.7351536, 22.4052784 ], [ 69.7351876, 22.4052365 ], [ 69.7352328, 22.405199 ], [ 69.7352853, 22.4051705 ] ] ] } },
{ "type": "Feature", "properties": { "osm_type": "way", "osm_id": 1546503279, "name": "", "industrial": "", "landuse": "", "man_made": "storage_tank", "power": "" }, "geometry": { "type": "Polygon", "coordinates": [ [ [ 69.7362759, 22.4051606 ], [ 69.7363334, 22.4051423 ], [ 69.7363937, 22.4051351 ], [ 69.7364543, 22.4051391 ], [ 69.7365129, 22.4051543 ], [ 69.736567, 22.4051799 ], [ 69.7366144, 22.405215 ], [ 69.7366534, 22.4052582 ], [ 69.7366822, 22.4053077 ], [ 69.7366997, 22.4053615 ], [ 69.7367053, 22.4054175 ], [ 69.7366987, 22.4054733 ], [ 69.7366801, 22.4055269 ], [ 69.7366504, 22.4055759 ], [ 69.7366107, 22.4056184 ], [ 69.7365626, 22.4056528 ], [ 69.736508, 22.4056776 ], [ 69.7364492, 22.4056918 ], [ 69.7363885, 22.4056949 ], [ 69.7363283, 22.4056867 ], [ 69.7362749, 22.4056691 ], [ 69.7362259, 22.4056427 ], [ 69.7361831, 22.4056083 ], [ 69.736148, 22.4055672 ], [ 69.7361218, 22.4055207 ], [ 69.7361054, 22.4054705 ], [ 69.7360994, 22.4054184 ], [ 69.7361041, 22.4053661 ], [ 69.7361192, 22.4053156 ], [ 69.7361442, 22.4052685 ], [ 69.7361783, 22.4052266 ], [ 69.7362235, 22.405189 ], [ 69.7362759, 22.4051606 ] ] ] } },
{ "type": "Feature", "properties": { "osm_type": "way", "osm_id": 1546503280, "name": "", "industrial": "", "landuse": "", "man_made": "storage_tank", "power": "" }, "geometry": { "type": "Polygon", "coordinates": [ [ [ 69.7553999, 22.3395931 ], [ 69.7554401, 22.3395948 ], [ 69.755478, 22.3396072 ], [ 69.7555104, 22.3396293 ], [ 69.7555343, 22.3396593 ], [ 69.7555478, 22.3396943 ], [ 69.7555495, 22.3397315 ], [ 69.7555395, 22.3397676 ], [ 69.7555185, 22.3397993 ], [ 69.7554884, 22.339824 ], [ 69.7554519, 22.3398395 ], [ 69.755412, 22.3398445 ], [ 69.7553723, 22.3398384 ], [ 69.7553396, 22.339824 ], [ 69.7553121, 22.3398021 ], [ 69.7552919, 22.3397743 ], [ 69.7552803, 22.3397426 ], [ 69.7552781, 22.3397091 ], [ 69.7552856, 22.3396763 ], [ 69.7553021, 22.3396465 ], [ 69.7553266, 22.3396218 ], [ 69.7553609, 22.3396024 ], [ 69.7553999, 22.3395931 ] ] ] } },
{ "type": "Feature", "properties": { "osm_type": "way", "osm_id": 1546503281, "name": "", "industrial": "", "landuse": "", "man_made": "storage_tank", "power": "" }, "geometry": { "type": "Polygon", "coordinates": [ [ [ 69.7557019, 22.3391523 ], [ 69.7557421, 22.339154 ], [ 69.75578, 22.3391664 ], [ 69.7558123, 22.3391886 ], [ 69.7558363, 22.3392185 ], [ 69.7558497, 22.3392536 ], [ 69.7558515, 22.3392908 ], [ 69.7558415, 22.3393268 ], [ 69.7558205, 22.3393586 ], [ 69.7557904, 22.3393833 ], [ 69.7557538, 22.3393988 ], [ 69.7557139, 22.3394037 ], [ 69.7556742, 22.3393977 ], [ 69.7556415, 22.3393832 ], [ 69.7556141, 22.3393614 ], [ 69.7555938, 22.3393336 ], [ 69.7555822, 22.3393018 ], [ 69.7555801, 22.3392683 ], [ 69.7555875, 22.3392355 ], [ 69.7556041, 22.3392057 ], [ 69.7556285, 22.339181 ], [ 69.7556629, 22.3391616 ], [ 69.7557019, 22.3391523 ] ] ] } },
{ "type": "Feature", "properties": { "osm_type": "way", "osm_id": 1546503282, "name": "", "industrial": "", "landuse": "", "man_made": "storage_tank", "power": "" }, "geometry": { "type": "Polygon", "coordinates": [ [ [ 69.7549953, 22.339291 ], [ 69.7550355, 22.3392927 ], [ 69.7550734, 22.3393051 ], [ 69.7551057, 22.3393273 ], [ 69.7551297, 22.3393572 ], [ 69.7551431, 22.3393923 ], [ 69.7551449, 22.3394294 ], [ 69.7551349, 22.3394655 ], [ 69.7551139, 22.3394972 ], [ 69.7550838, 22.339522 ], [ 69.7550472, 22.3395375 ], [ 69.7550073, 22.3395424 ], [ 69.7549676, 22.3395364 ], [ 69.7549349, 22.3395219 ], [ 69.7549075, 22.3395001 ], [ 69.7548872, 22.3394723 ], [ 69.7548756, 22.3394405 ], [ 69.7548735, 22.339407 ], [ 69.7548809, 22.3393742 ], [ 69.7548975, 22.3393444 ], [ 69.754922, 22.3393197 ], [ 69.7549563, 22.3393003 ], [ 69.7549953, 22.339291 ] ] ] } },
{ "type": "Feature", "properties": { "osm_type": "way", "osm_id": 1546503283, "name": "", "industrial": "", "landuse": "", "man_made": "storage_tank", "power": "" }, "geometry": { "type": "Polygon", "coordinates": [ [ [ 69.7545516, 22.3390079 ], [ 69.7545918, 22.3390096 ], [ 69.7546297, 22.339022 ], [ 69.7546621, 22.3390442 ], [ 69.754686, 22.3390741 ], [ 69.7546994, 22.3391092 ], [ 69.7547012, 22.3391464 ], [ 69.7546912, 22.3391824 ], [ 69.7546702, 22.3392142 ], [ 69.7546401, 22.3392389 ], [ 69.7546035, 22.3392544 ], [ 69.7545637, 22.3392593 ], [ 69.754524, 22.3392533 ], [ 69.7544912, 22.3392389 ], [ 69.7544638, 22.339217 ], [ 69.7544436, 22.3391892 ], [ 69.754432, 22.3391574 ], [ 69.7544298, 22.339124 ], [ 69.7544373, 22.3390912 ], [ 69.7544538, 22.3390613 ], [ 69.7544783, 22.3390366 ], [ 69.7545126, 22.3390172 ], [ 69.7545516, 22.3390079 ] ] ] } },
{ "type": "Feature", "properties": { "osm_type": "way", "osm_id": 1546503284, "name": "", "industrial": "", "landuse": "", "man_made": "storage_tank", "power": "" }, "geometry": { "type": "Polygon", "coordinates": [ [ [ 69.7548022, 22.3386451 ], [ 69.7548424, 22.3386467 ], [ 69.7548803, 22.3386592 ], [ 69.7549127, 22.3386813 ], [ 69.7549366, 22.3387112 ], [ 69.75495, 22.3387463 ], [ 69.7549518, 22.3387835 ], [ 69.7549418, 22.3388195 ], [ 69.7549208, 22.3388513 ], [ 69.7548907, 22.338876 ], [ 69.7548541, 22.3388915 ], [ 69.7548142, 22.3388964 ], [ 69.7547745, 22.3388904 ], [ 69.7547418, 22.338876 ], [ 69.7547144, 22.3388541 ], [ 69.7546941, 22.3388263 ], [ 69.7546825, 22.3387945 ], [ 69.7546804, 22.3387611 ], [ 69.7546879, 22.3387283 ], [ 69.7547044, 22.3386985 ], [ 69.7547289, 22.3386737 ], [ 69.7547632, 22.3386543 ], [ 69.7548022, 22.3386451 ] ] ] } },
{ "type": "Feature", "properties": { "osm_type": "way", "osm_id": 1546503285, "name": "", "industrial": "", "landuse": "", "man_made": "storage_tank", "power": "" }, "geometry": { "type": "Polygon", "coordinates": [ [ [ 69.7552869, 22.3388787 ], [ 69.7553271, 22.3388804 ], [ 69.7553651, 22.3388928 ], [ 69.7553974, 22.338915 ], [ 69.7554213, 22.3389449 ], [ 69.7554348, 22.33898 ], [ 69.7554366, 22.3390172 ], [ 69.7554265, 22.3390532 ], [ 69.7554056, 22.339085 ], [ 69.7553755, 22.3391097 ], [ 69.7553389, 22.3391252 ], [ 69.755299, 22.3391301 ], [ 69.7552593, 22.3391241 ], [ 69.7552266, 22.3391097 ], [ 69.7551991, 22.3390878 ], [ 69.7551789, 22.33906 ], [ 69.7551673, 22.3390282 ], [ 69.7551652, 22.3389948 ], [ 69.7551726, 22.338962 ], [ 69.7551892, 22.3389321 ], [ 69.7552136, 22.3389074 ], [ 69.755248, 22.338888 ], [ 69.7552869, 22.3388787 ] ] ] } },
{ "type": "Feature", "properties": { "osm_type": "way", "osm_id": 1546503286, "name": "", "industrial": "", "landuse": "", "man_made": "storage_tank", "power": "" }, "geometry": { "type": "Polygon", "coordinates": [ [ [ 69.7543656, 22.3368944 ], [ 69.7544058, 22.336896 ], [ 69.7544437, 22.3369085 ], [ 69.7544761, 22.3369306 ], [ 69.7545, 22.3369605 ], [ 69.7545135, 22.3369956 ], [ 69.7545152, 22.3370328 ], [ 69.7545052, 22.3370688 ], [ 69.7544842, 22.3371006 ], [ 69.7544541, 22.3371253 ], [ 69.7544176, 22.3371408 ], [ 69.7543777, 22.3371458 ], [ 69.754338, 22.3371397 ], [ 69.7543053, 22.3371253 ], [ 69.7542778, 22.3371034 ], [ 69.7542576, 22.3370756 ], [ 69.754246, 22.3370439 ], [ 69.7542438, 22.3370104 ], [ 69.7542513, 22.3369776 ], [ 69.7542678, 22.3369478 ], [ 69.7542923, 22.336923 ], [ 69.7543266, 22.3369036 ], [ 69.7543656, 22.3368944 ] ] ] } },
{ "type": "Feature", "properties": { "osm_type": "way", "osm_id": 1546503287, "name": "", "industrial": "", "landuse": "", "man_made": "storage_tank", "power": "" }, "geometry": { "type": "Polygon", "coordinates": [ [ [ 69.7547735, 22.3371852 ], [ 69.7548137, 22.3371869 ], [ 69.7548516, 22.3371993 ], [ 69.7548839, 22.3372215 ], [ 69.7549079, 22.3372514 ], [ 69.7549213, 22.3372865 ], [ 69.7549231, 22.3373236 ], [ 69.7549131, 22.3373597 ], [ 69.7548921, 22.3373915 ], [ 69.754862, 22.3374162 ], [ 69.7548254, 22.3374317 ], [ 69.7547855, 22.3374366 ], [ 69.7547458, 22.3374306 ], [ 69.7547131, 22.3374161 ], [ 69.7546857, 22.3373943 ], [ 69.7546654, 22.3373665 ], [ 69.7546538, 22.3373347 ], [ 69.7546517, 22.3373012 ], [ 69.7546591, 22.3372684 ], [ 69.7546757, 22.3372386 ], [ 69.7547001, 22.3372139 ], [ 69.7547345, 22.3371945 ], [ 69.7547735, 22.3371852 ] ] ] } },
{ "type": "Feature", "properties": { "osm_type": "way", "osm_id": 1546503288, "name": "", "industrial": "", "landuse": "", "man_made": "storage_tank", "power": "" }, "geometry": { "type": "Polygon", "coordinates": [ [ [ 69.7545773, 22.3364912 ], [ 69.7546175, 22.3364929 ], [ 69.7546554, 22.3365053 ], [ 69.7546878, 22.3365275 ], [ 69.7547117, 22.3365574 ], [ 69.7547252, 22.3365925 ], [ 69.754727, 22.3366296 ], [ 69.7547169, 22.3366657 ], [ 69.7546959, 22.3366974 ], [ 69.7546658, 22.3367222 ], [ 69.7546293, 22.3367377 ], [ 69.7545894, 22.3367426 ], [ 69.7545497, 22.3367366 ], [ 69.754517, 22.3367221 ], [ 69.7544895, 22.3367002 ], [ 69.7544693, 22.3366724 ], [ 69.7544577, 22.3366407 ], [ 69.7544555, 22.3366072 ], [ 69.754463, 22.3365744 ], [ 69.7544795, 22.3365446 ], [ 69.754504, 22.3365199 ], [ 69.7545383, 22.3365005 ], [ 69.7545773, 22.3364912 ] ] ] } },
{ "type": "Feature", "properties": { "osm_type": "way", "osm_id": 1546503289, "name": "", "industrial": "", "landuse": "", "man_made": "storage_tank", "power": "" }, "geometry": { "type": "Polygon", "coordinates": [ [ [ 69.7550723, 22.3367533 ], [ 69.7551125, 22.3367549 ], [ 69.7551505, 22.3367674 ], [ 69.7551828, 22.3367895 ], [ 69.7552067, 22.3368194 ], [ 69.7552202, 22.3368545 ], [ 69.755222, 22.3368917 ], [ 69.7552119, 22.3369277 ], [ 69.755191, 22.3369595 ], [ 69.7551609, 22.3369842 ], [ 69.7551243, 22.3369997 ], [ 69.7550844, 22.3370047 ], [ 69.7550447, 22.3369986 ], [ 69.755012, 22.3369842 ], [ 69.7549845, 22.3369623 ], [ 69.7549643, 22.3369345 ], [ 69.7549527, 22.3369027 ], [ 69.7549506, 22.3368693 ], [ 69.754958, 22.3368365 ], [ 69.7549746, 22.3368067 ], [ 69.754999, 22.3367819 ], [ 69.7550334, 22.3367625 ], [ 69.7550723, 22.3367533 ] ] ] } },
{ "type": "Feature", "properties": { "osm_type": "way", "osm_id": 1546503290, "name": "", "industrial": "", "landuse": "", "man_made": "storage_tank", "power": "" }, "geometry": { "type": "Polygon", "coordinates": [ [ [ 69.7537914, 22.338299 ], [ 69.7538266, 22.3383175 ], [ 69.7538512, 22.3383473 ], [ 69.7538611, 22.3383837 ], [ 69.7538549, 22.3384208 ], [ 69.7538334, 22.3384526 ], [ 69.7538002, 22.3384741 ], [ 69.7537605, 22.3384818 ], [ 69.7537207, 22.3384745 ], [ 69.7536892, 22.3384551 ], [ 69.7536675, 22.3384264 ], [ 69.7536587, 22.3383924 ], [ 69.753664, 22.3383577 ], [ 69.7536828, 22.3383273 ], [ 69.7537122, 22.3383053 ], [ 69.7537511, 22.3382947 ], [ 69.7537914, 22.338299 ] ] ] } },
{ "type": "Feature", "properties": { "osm_type": "way", "osm_id": 1546503291, "name": "", "industrial": "", "landuse": "", "man_made": "storage_tank", "power": "" }, "geometry": { "type": "Polygon", "coordinates": [ [ [ 69.7536179, 22.3379955 ], [ 69.7536532, 22.338014 ], [ 69.7536777, 22.3380438 ], [ 69.7536877, 22.3380802 ], [ 69.7536814, 22.3381173 ], [ 69.7536599, 22.3381491 ], [ 69.7536267, 22.3381706 ], [ 69.753587, 22.3381783 ], [ 69.7535473, 22.338171 ], [ 69.7535157, 22.3381516 ], [ 69.753494, 22.3381229 ], [ 69.7534853, 22.3380889 ], [ 69.7534906, 22.3380542 ], [ 69.7535093, 22.3380238 ], [ 69.7535388, 22.3380018 ], [ 69.7535777, 22.3379912 ], [ 69.7536179, 22.3379955 ] ] ] } },
{ "type": "Feature", "properties": { "osm_type": "way", "osm_id": 1546503292, "name": "", "industrial": "", "landuse": "", "man_made": "storage_tank", "power": "" }, "geometry": { "type": "Polygon", "coordinates": [ [ [ 69.7541383, 22.3383097 ], [ 69.7541735, 22.3383283 ], [ 69.7541981, 22.3383581 ], [ 69.754208, 22.3383945 ], [ 69.7542018, 22.3384315 ], [ 69.7541803, 22.3384633 ], [ 69.7541471, 22.3384848 ], [ 69.7541074, 22.3384925 ], [ 69.7540676, 22.3384852 ], [ 69.7540361, 22.3384659 ], [ 69.7540144, 22.3384372 ], [ 69.7540056, 22.3384031 ], [ 69.7540109, 22.3383685 ], [ 69.7540297, 22.338338 ], [ 69.7540591, 22.3383161 ], [ 69.754098, 22.3383054 ], [ 69.7541383, 22.3383097 ] ] ] } },
{ "type": "Feature", "properties": { "osm_type": "way", "osm_id": 1546503293, "name": "", "industrial": "", "landuse": "", "man_made": "storage_tank", "power": "" }, "geometry": { "type": "Polygon", "coordinates": [ [ [ 69.7541562, 22.3372611 ], [ 69.7541914, 22.3372796 ], [ 69.754216, 22.3373095 ], [ 69.7542259, 22.3373458 ], [ 69.7542197, 22.3373829 ], [ 69.7541982, 22.3374147 ], [ 69.7541649, 22.3374362 ], [ 69.7541253, 22.3374439 ], [ 69.7540855, 22.3374366 ], [ 69.7540539, 22.3374173 ], [ 69.7540323, 22.3373886 ], [ 69.7540235, 22.3373545 ], [ 69.7540288, 22.3373199 ], [ 69.7540475, 22.3372894 ], [ 69.754077, 22.3372675 ], [ 69.7541159, 22.3372568 ], [ 69.7541562, 22.3372611 ] ] ] } },
{ "type": "Feature", "properties": { "osm_type": "way", "osm_id": 1546503294, "name": "", "industrial": "", "landuse": "", "man_made": "storage_tank", "power": "" }, "geometry": { "type": "Polygon", "coordinates": [ [ [ 69.7546014, 22.3375605 ], [ 69.7546367, 22.337579 ], [ 69.7546612, 22.3376089 ], [ 69.7546712, 22.3376452 ], [ 69.7546649, 22.3376823 ], [ 69.7546434, 22.3377141 ], [ 69.7546102, 22.3377356 ], [ 69.7545705, 22.3377433 ], [ 69.7545307, 22.337736 ], [ 69.7544992, 22.3377166 ], [ 69.7544775, 22.3376879 ], [ 69.7544687, 22.3376539 ], [ 69.7544741, 22.3376192 ], [ 69.7544928, 22.3375888 ], [ 69.7545223, 22.3375669 ], [ 69.7545611, 22.3375562 ], [ 69.7546014, 22.3375605 ] ] ] } },
{ "type": "Feature", "properties": { "osm_type": "way", "osm_id": 1546503295, "name": "", "industrial": "", "landuse": "", "man_made": "storage_tank", "power": "" }, "geometry": { "type": "Polygon", "coordinates": [ [ [ 69.7422711, 22.3249189 ], [ 69.7423064, 22.3249375 ], [ 69.7423309, 22.3249673 ], [ 69.7423409, 22.3250037 ], [ 69.7423346, 22.3250407 ], [ 69.7423131, 22.3250726 ], [ 69.7422799, 22.325094 ], [ 69.7422402, 22.3251018 ], [ 69.7422004, 22.3250945 ], [ 69.7421689, 22.3250751 ], [ 69.7421472, 22.3250464 ], [ 69.7421384, 22.3250124 ], [ 69.7421438, 22.3249777 ], [ 69.7421625, 22.3249473 ], [ 69.7421919, 22.3249253 ], [ 69.7422308, 22.3249146 ], [ 69.7422711, 22.3249189 ] ] ] } },
{ "type": "Feature", "properties": { "osm_type": "way", "osm_id": 1546503296, "name": "", "industrial": "", "landuse": "", "man_made": "storage_tank", "power": "" }, "geometry": { "type": "Polygon", "coordinates": [ [ [ 69.7427508, 22.3251897 ], [ 69.7427861, 22.3252082 ], [ 69.7428106, 22.3252381 ], [ 69.7428206, 22.3252745 ], [ 69.7428143, 22.3253115 ], [ 69.7427928, 22.3253433 ], [ 69.7427596, 22.3253648 ], [ 69.7427199, 22.3253725 ], [ 69.7426801, 22.3253652 ], [ 69.7426486, 22.3253459 ], [ 69.7426269, 22.3253172 ], [ 69.7426181, 22.3252831 ], [ 69.7426235, 22.3252485 ], [ 69.7426422, 22.325218 ], [ 69.7426717, 22.3251961 ], [ 69.7427105, 22.3251854 ], [ 69.7427508, 22.3251897 ] ] ] } },
{ "type": "Feature", "properties": { "osm_type": "way", "osm_id": 1546503297, "name": "", "industrial": "", "landuse": "", "man_made": "storage_tank", "power": "" }, "geometry": { "type": "Polygon", "coordinates": [ [ [ 69.7424879, 22.3246607 ], [ 69.7425232, 22.3246792 ], [ 69.7425477, 22.3247091 ], [ 69.7425577, 22.3247455 ], [ 69.7425514, 22.3247825 ], [ 69.7425299, 22.3248143 ], [ 69.7424967, 22.3248358 ], [ 69.742457, 22.3248435 ], [ 69.7424172, 22.3248362 ], [ 69.7423857, 22.3248169 ], [ 69.742364, 22.3247882 ], [ 69.7423552, 22.3247541 ], [ 69.7423606, 22.3247195 ], [ 69.7423793, 22.324689 ], [ 69.7424088, 22.3246671 ], [ 69.7424476, 22.3246564 ], [ 69.7424879, 22.3246607 ] ] ] } },
{ "type": "Feature", "properties": { "osm_type": "way", "osm_id": 1546503298, "name": "", "industrial": "", "landuse": "", "man_made": "storage_tank", "power": "" }, "geometry": { "type": "Polygon", "coordinates": [ [ [ 69.7428999, 22.3249415 ], [ 69.7429351, 22.32496 ], [ 69.7429597, 22.3249899 ], [ 69.7429696, 22.3250263 ], [ 69.7429634, 22.3250633 ], [ 69.7429419, 22.3250951 ], [ 69.7429087, 22.3251166 ], [ 69.742869, 22.3251243 ], [ 69.7428292, 22.325117 ], [ 69.7427977, 22.3250977 ], [ 69.742776, 22.325069 ], [ 69.7427672, 22.3250349 ], [ 69.7427725, 22.3250003 ], [ 69.7427913, 22.3249698 ], [ 69.7428207, 22.3249479 ], [ 69.7428596, 22.3249372 ], [ 69.7428999, 22.3249415 ] ] ] } },
{ "type": "Feature", "properties": { "osm_type": "way", "osm_id": 1546503299, "name": "", "industrial": "", "landuse": "", "man_made": "storage_tank", "power": "" }, "geometry": { "type": "Polygon", "coordinates": [ [ [ 69.7413415, 22.3256034 ], [ 69.7413767, 22.3256219 ], [ 69.7414013, 22.3256518 ], [ 69.7414112, 22.3256881 ], [ 69.7414049, 22.3257252 ], [ 69.7413835, 22.325757 ], [ 69.7413502, 22.3257785 ], [ 69.7413106, 22.3257862 ], [ 69.7412708, 22.3257789 ], [ 69.7412392, 22.3257596 ], [ 69.7412176, 22.3257309 ], [ 69.7412088, 22.3256968 ], [ 69.7412141, 22.3256622 ], [ 69.7412328, 22.3256317 ], [ 69.7412623, 22.3256098 ], [ 69.7413012, 22.3255991 ], [ 69.7413415, 22.3256034 ] ] ] } },
{ "type": "Feature", "properties": { "osm_type": "way", "osm_id": 1546503300, "name": "", "industrial": "", "landuse": "", "man_made": "storage_tank", "power": "" }, "geometry": { "type": "Polygon", "coordinates": [ [ [ 69.7416179, 22.3257663 ], [ 69.7416532, 22.3257849 ], [ 69.7416777, 22.3258147 ], [ 69.7416877, 22.3258511 ], [ 69.7416814, 22.3258882 ], [ 69.7416599, 22.32592 ], [ 69.7416267, 22.3259415 ], [ 69.741587, 22.3259492 ], [ 69.7415472, 22.3259419 ], [ 69.7415157, 22.3259225 ], [ 69.741494, 22.3258938 ], [ 69.7414852, 22.3258598 ], [ 69.7414906, 22.3258251 ], [ 69.7415093, 22.3257947 ], [ 69.7415388, 22.3257727 ], [ 69.7415776, 22.3257621 ], [ 69.7416179, 22.3257663 ] ] ] } },
{ "type": "Feature", "properties": { "osm_type": "way", "osm_id": 1546504606, "name": "", "industrial": "", "landuse": "", "man_made": "storage_tank", "power": "" }, "geometry": { "type": "Polygon", "coordinates": [ [ [ 69.7347973, 22.318151 ], [ 69.7348349, 22.3181425 ], [ 69.7348735, 22.3181416 ], [ 69.7349115, 22.3181481 ], [ 69.7349472, 22.3181619 ], [ 69.7349789, 22.3181824 ], [ 69.7350053, 22.3182085 ], [ 69.7350252, 22.3182392 ], [ 69.7350377, 22.318273 ], [ 69.7350422, 22.3183085 ], [ 69.7350385, 22.3183441 ], [ 69.7350269, 22.3183782 ], [ 69.7350078, 22.3184093 ], [ 69.734982, 22.318436 ], [ 69.7349508, 22.3184571 ], [ 69.7349154, 22.3184716 ], [ 69.7348776, 22.3184789 ], [ 69.7348389, 22.3184788 ], [ 69.7348012, 22.3184711 ], [ 69.734767, 22.3184568 ], [ 69.7347367, 22.3184364 ], [ 69.7347115, 22.3184107 ], [ 69.7346925, 22.3183807 ], [ 69.7346805, 22.3183478 ], [ 69.734676, 22.3183134 ], [ 69.7346792, 22.3182788 ], [ 69.7346899, 22.3182455 ], [ 69.7347078, 22.318215 ], [ 69.734732, 22.3181885 ], [ 69.7347625, 22.3181665 ], [ 69.7347973, 22.318151 ] ] ] } },
{ "type": "Feature", "properties": { "osm_type": "way", "osm_id": 1546504607, "name": "", "industrial": "", "landuse": "", "man_made": "storage_tank", "power": "" }, "geometry": { "type": "Polygon", "coordinates": [ [ [ 69.7359548, 22.3177947 ], [ 69.7359923, 22.3177862 ], [ 69.736031, 22.3177853 ], [ 69.736069, 22.3177918 ], [ 69.7361046, 22.3178057 ], [ 69.7361364, 22.3178261 ], [ 69.7361628, 22.3178522 ], [ 69.7361826, 22.3178829 ], [ 69.7361951, 22.3179167 ], [ 69.7361996, 22.3179522 ], [ 69.736196, 22.3179879 ], [ 69.7361843, 22.318022 ], [ 69.7361652, 22.318053 ], [ 69.7361394, 22.3180797 ], [ 69.7361082, 22.3181008 ], [ 69.7360729, 22.3181153 ], [ 69.7360351, 22.3181227 ], [ 69.7359964, 22.3181225 ], [ 69.7359586, 22.3181148 ], [ 69.7359244, 22.3181005 ], [ 69.7358941, 22.3180801 ], [ 69.7358689, 22.3180544 ], [ 69.7358499, 22.3180244 ], [ 69.735838, 22.3179916 ], [ 69.7358335, 22.3179571 ], [ 69.7358367, 22.3179225 ], [ 69.7358474, 22.3178893 ], [ 69.7358652, 22.3178587 ], [ 69.7358894, 22.3178322 ], [ 69.73592, 22.3178102 ], [ 69.7359548, 22.3177947 ] ] ] } }
]
}
